date,state_ut,district,disease,rainfall_mm,avg_temp_c,humidity_pct,daily_cases
2009-05-04,Nagaland,Mokokchung,Malaria,37.26,28.97,77.05,124.0
2009-05-05,West Bengal,Purba Medinipur,Cholera,3.12,33.99,50.57,9689.0
2009-05-25,West Bengal,South 24 Parganas,Cholera,48.87,29.77,80.03,51225.0
2009-06-02,Uttarakhand,Almora,Acute Diarrhoeal Disease,49.44,25.02,81.57,119.0
2009-06-09,Karnataka,Bijapur,Acute Diarrhoeal Disease,64.5,40.11,79.04,143.0
2009-06-09,Karnataka,Bijapur,Acute Diarrhoeal Disease,64.5,40.11,79.04,200.0
2009-06-09,Uttarakhand,Pithoragarh,Acute Diarrhoeal Disease,10.91,24.98,61.07,16.0
2009-06-10,Kerala,Kannur,Chikungunya,5.0,28.1,59.27,14.0
2009-06-11,Karnataka,Davangere,Cholera,66.13,30.31,82.11,25.0
2009-06-12,Assam,Bongaigaon,Cholera,97.39,26.4,84.38,9.0
2009-06-12,Assam,Bongaigaon,Cholera,97.39,26.4,84.38,15.0
2009-06-12,Karnataka,Bidar,Acute Diarrhoeal Disease,39.57,40.33,74.44,18.0
2009-06-14,West Bengal,Purulia,Acute Diarrhoeal Disease,10.55,35.1,57.69,105.0
2009-06-14,West Bengal,Purulia,Acute Diarrhoeal Disease,10.55,35.1,57.69,20.0
2009-06-15,Andhra Pradesh,Prakasam,Malaria,6.32,40.11,52.03,39.0
2009-06-15,Tamil Nadu,Vellore,Chikungunya,50.09,32.92,79.32,28.0
2009-06-15,Telangana,Adilabad,Acute Diarrhoeal Disease,0.26,45.13,44.23,33.0
2009-06-16,Gujarat,Junagadh,Malaria,0.38,39.45,46.07,31.0
2009-06-16,Gujarat,Surendranagar,Acute Diarrhoeal Disease,0.01,39.28,45.73,137.0
2009-06-16,Madhya Pradesh,Gwalior,Acute Diarrhoeal Disease,0.1,43.23,44.63,346.0
2009-06-16,Madhya Pradesh,Seoni,Acute Diarrhoeal Disease,2.01,44.92,46.13,31.0
2009-06-16,Punjab,Mohali,Cholera,1.25,41.19,46.46,412.0
2009-06-16,Tamil Nadu,Namakkal,Chikungunya,14.91,39.03,60.48,72.0
2009-06-17,Rajasthan,Hanumangarh,Malaria,10.19,39.93,55.9,43.0
2009-06-18,Himachal Pradesh,Hamirpur,Acute Diarrhoeal Disease,6.69,37.02,53.32,33.0
2009-06-18,Karnataka,Davangere,Acute Diarrhoeal Disease,60.42,34.08,80.46,31.0
2009-06-18,Tamil Nadu,Virudhunagar,Chikungunya,8.78,42.24,53.84,27.0
2009-06-19,Andhra Pradesh,Kadapa,Acute Diarrhoeal Disease,5.31,36.99,51.93,39.0
2009-06-19,Rajasthan,Jaipur,Acute Diarrhoeal Disease,4.72,40.63,50.23,152.0
2009-06-19,Uttarakhand,Nainital,Malaria,0.12,34.95,47.14,77.0
2009-06-20,Assam,Golaghat,Malaria,31.68,26.34,75.5,5.0
2009-06-20,Karnataka,Bijapur,Acute Diarrhoeal Disease,17.49,33.29,64.36,40.0
2009-06-20,Karnataka,Davangere,Cholera,64.78,34.82,80.65,17.0
2009-06-21,Madhya Pradesh,Dindori,Acute Diarrhoeal Disease,0.16,46.58,43.69,56.0
2009-06-21,Punjab,Mohali,Acute Diarrhoeal Disease,1.19,39.77,46.82,73.0
2009-06-23,Madhya Pradesh,Seoni,Acute Diarrhoeal Disease,3.21,48.0,46.46,6.0
2009-06-23,Tamil Nadu,Salem,Chikungunya,16.93,37.71,62.58,16.0
2009-06-24,Himachal Pradesh,Lahaul & Spiti,Acute Diarrhoeal Disease,0.78,14.0,54.12,9.0
2009-06-24,Tamil Nadu,Namakkal,Chikungunya,14.48,39.0,60.11,48.0
2009-06-25,Andhra Pradesh,Prakasam,Acute Diarrhoeal Disease,13.12,41.6,58.13,12.0
2009-06-25,Karnataka,Tumkur,Acute Diarrhoeal Disease,28.68,32.56,72.11,10.0
2009-06-25,Karnataka,Tumkur,Acute Diarrhoeal Disease,28.68,32.56,72.11,10.0
2009-06-25,Tamil Nadu,Ariyalur (Perambalur),Chikungunya,9.16,40.43,54.75,40.0
2009-06-25,Uttarakhand,Almora,Acute Diarrhoeal Disease,0.11,33.77,47.49,16.0
2009-06-26,Uttarakhand,Haridwar,Acute Diarrhoeal Disease,0.01,41.0,45.21,134.0
2009-06-27,Andhra Pradesh,Nellore,Acute Diarrhoeal Disease,13.31,36.58,59.81,43.0
2009-06-27,Madhya Pradesh,Betul,Acute Diarrhoeal Disease,24.58,38.04,68.05,59.0
2009-06-27,Madhya Pradesh,Mandsaur,Acute Diarrhoeal Disease,7.6,42.72,52.52,156.0
2009-06-27,West Bengal,Nadia,Acute Diarrhoeal Disease,13.8,30.74,62.0,24.0
2009-06-28,Assam,Kamrup,Acute Diarrhoeal Disease,77.76,28.99,83.15,5.0
2009-06-28,Chhattisgarh,Bilaspur,Acute Diarrhoeal Disease,54.9,42.59,77.22,17.0
2009-06-28,Karnataka,Belgaum,Acute Diarrhoeal Disease,39.29,32.75,76.62,10.0
2009-06-28,Tamil Nadu,Krishnagiri,Chikungunya,17.11,35.81,63.3,5.0
2009-07-01,Karnataka,Davangere,Acute Diarrhoeal Disease,36.12,33.39,75.29,19.0
2009-07-01,Madhya Pradesh,Chhatarpur,Acute Diarrhoeal Disease,53.32,43.24,76.78,80.0
2009-07-01,Rajasthan,Udaipur,Acute Diarrhoeal Disease,6.1,40.32,51.74,39.0
2009-07-03,Andhra Pradesh,Kadapa,Acute Diarrhoeal Disease,11.98,36.97,58.47,18.0
2009-07-03,Madhya Pradesh,Morena,Acute Diarrhoeal Disease,33.81,41.05,72.05,59.0
2009-07-03,Tamil Nadu,Thanjavur,Acute Diarrhoeal Disease,13.76,39.82,59.24,32.0
2009-07-04,Rajasthan,Banswara,Acute Diarrhoeal Disease,28.19,38.25,70.13,60.0
2009-07-04,Tamil Nadu,Salem,Acute Diarrhoeal Disease,71.44,37.85,80.2,12.0
2009-07-05,Gujarat,Bhavnagar,Acute Diarrhoeal Disease,23.08,40.46,66.34,1251.0
2009-07-05,Haryana,Palwal,Acute Diarrhoeal Disease,15.48,34.68,62.27,57.0
2009-07-05,Himachal Pradesh,Mandi,Acute Diarrhoeal Disease,32.42,27.94,75.36,53.0
2009-07-05,Punjab,Barnala,Acute Diarrhoeal Disease,42.11,33.18,77.37,408.0
2009-07-06,Karnataka,Bijapur,Acute Diarrhoeal Disease,15.13,38.45,60.84,74.0
2009-07-06,Karnataka,Koppal,Acute Diarrhoeal Disease,16.78,30.03,64.76,35.0
2009-07-06,Karnataka,Koppal,Acute Diarrhoeal Disease,16.78,30.03,64.76,42.0
2009-07-06,Madhya Pradesh,Dhar,Acute Diarrhoeal Disease,27.13,35.99,70.21,39.0
2009-07-06,Tamil Nadu,Cuddalore,Acute Diarrhoeal Disease,13.77,36.52,60.24,34.0
2009-07-06,Tamil Nadu,Thiruvannamalai,Acute Diarrhoeal Disease,26.64,42.91,67.85,36.0
2009-07-07,Daman and Diu,Daman and Diu,Acute Diarrhoeal Disease,5.0,22.97,60.8,33.0
2009-07-07,Tamil Nadu,Theni,Chikungunya,25.62,42.91,67.24,50.0
2009-07-07,Telangana,Adilabad,Acute Diarrhoeal Disease,66.35,30.03,82.21,25.0
2009-07-08,Uttarakhand,Almora,Acute Diarrhoeal Disease,21.38,25.51,69.65,24.0
2009-07-08,West Bengal,Hooghly,Cholera,66.81,30.19,82.19,44.0
2009-07-09,Gujarat,Bhavnagar,Acute Diarrhoeal Disease,13.48,30.18,61.88,24.0
2009-07-09,Odisha,Sundergarh,Acute Diarrhoeal Disease,143.97,30.03,83.48,76.0
2009-07-10,Assam,Dibrugarh,Cholera,102.65,10.0,89.35,2.0
2009-07-10,Rajasthan,Churu,Acute Diarrhoeal Disease,0.63,44.14,44.92,107.0
2009-07-11,Andhra Pradesh,Kadapa,Acute Diarrhoeal Disease,22.58,35.69,67.43,50.0
2009-07-13,Karnataka,Chitradurga,Cholera,48.02,26.89,80.72,18.0
2009-07-14,Madhya Pradesh,Burhanpur,Acute Diarrhoeal Disease,103.77,30.03,83.35,18.0
2009-07-14,Madhya Pradesh,Sehore,Acute Diarrhoeal Disease,207.54,31.57,83.03,12.0
2009-07-15,Goa,South Goa,Chikungunya,300.0,19.51,86.65,30.0
2009-07-15,Karnataka,Belgaum,Acute Diarrhoeal Disease,191.05,30.03,83.49,28.0
2009-07-15,Rajasthan,Chittorgarh,Acute Diarrhoeal Disease,139.32,33.03,82.57,46.0
2009-07-15,Tamil Nadu,Salem,Chikungunya,24.67,25.49,71.88,24.0
2009-07-15,Tamil Nadu,Salem,Chikungunya,24.67,25.49,71.88,67.0
2009-07-15,Tamil Nadu,Theni,Chikungunya,6.41,41.0,51.84,10.0
2009-07-15,Telangana,Adilabad,Acute Diarrhoeal Disease,113.51,27.25,84.25,20.0
2009-07-16,Karnataka,Chitradurga,Acute Diarrhoeal Disease,33.32,26.89,76.08,23.0
2009-07-17,Madhya Pradesh,Gwalior,Acute Diarrhoeal Disease,91.84,30.03,83.21,87.0
2009-07-17,Madhya Pradesh,Shahdol,Acute Diarrhoeal Disease,142.41,27.57,84.22,15.0
2009-07-17,West Bengal,South 24 Parganas,Acute Diarrhoeal Disease,47.44,29.6,79.78,112.0
2009-07-18,Madhya Pradesh,Betul,Acute Diarrhoeal Disease,89.23,30.03,83.16,186.0
2009-07-18,Madhya Pradesh,Betul,Acute Diarrhoeal Disease,89.23,30.03,83.16,196.0
2009-07-18,Odisha,Khurda,Acute Diarrhoeal Disease,300.0,27.05,84.38,21.0
2009-07-18,Tamil Nadu,Virudhunagar,Acute Diarrhoeal Disease,32.5,41.12,71.45,20.0
2009-07-19,Jharkhand,Latehar,Malaria,65.46,26.26,83.27,22.0
2009-07-20,Punjab,Sangrur,Acute Diarrhoeal Disease,16.0,31.66,63.62,15.0
2009-07-21,Gujarat,Amreli,Acute Diarrhoeal Disease,266.06,30.03,83.49,58.0
2009-07-21,Karnataka,Davangere,Acute Diarrhoeal Disease,74.16,22.87,84.83,46.0
2009-07-21,Madhya Pradesh,Seoni,Acute Diarrhoeal Disease,117.36,32.95,82.55,60.0
2009-07-22,Karnataka,Belgaum,Acute Diarrhoeal Disease,126.1,22.54,85.7,86.0
2009-07-22,Telangana,Nizamabad,Acute Diarrhoeal Disease,85.28,29.12,83.35,23.0
2009-07-23,Karnataka,Bidar,Acute Diarrhoeal Disease,51.15,30.29,80.3,28.0
2009-07-23,Karnataka,Chikmagalur,Acute Diarrhoeal Disease,119.46,30.03,83.44,26.0
2009-07-23,Maharashtra,Akola,Acute Diarrhoeal Disease,214.75,30.03,83.49,45.0
2009-07-24,Madhya Pradesh,Jabalpur,Acute Diarrhoeal Disease,92.74,12.43,88.5,135.0
2009-07-24,Odisha,Bargarh,Acute Diarrhoeal Disease,300.0,27.83,84.15,76.0
2009-07-24,Rajasthan,Jaipur,Acute Diarrhoeal Disease,37.25,29.55,76.87,74.0
2009-07-24,Rajasthan,Jaisalmer,Acute Diarrhoeal Disease,20.66,40.6,64.6,26.0
2009-07-25,Jharkhand,Palamu,Malaria,55.93,27.66,81.84,21.0
2009-07-26,Madhya Pradesh,Khandwa,Acute Diarrhoeal Disease,245.83,28.01,84.1,25.0
2009-07-27,Madhya Pradesh,Burhanpur,Acute Diarrhoeal Disease,149.88,28.89,83.82,36.0
2009-07-27,Madhya Pradesh,Dhar,Acute Diarrhoeal Disease,267.33,24.55,85.13,31.0
2009-07-27,Madhya Pradesh,Umaria,Acute Diarrhoeal Disease,50.02,30.91,79.91,13.0
2009-07-27,Uttar Pradesh,Siddharth Nagar,Acute Diarrhoeal Disease,41.75,30.88,77.95,9.0
2009-07-28,Himachal Pradesh,Bilaspur,Acute Diarrhoeal Disease,228.68,23.19,85.54,14.0
2009-07-28,Karnataka,Dharwad,Acute Diarrhoeal Disease,28.91,28.59,73.42,31.0
2009-07-28,Kerala,Kozhikode,Chikungunya,41.91,30.03,78.25,41.0
2009-07-28,Kerala,Kozhikode,Chikungunya,41.91,30.03,78.25,41.0
2009-07-28,Madhya Pradesh,Dewas,Dengue,95.54,26.09,84.45,2.0
2009-07-28,Madhya Pradesh,Mandla,Acute Diarrhoeal Disease,28.83,29.19,73.2,111.0
2009-07-28,Madhya Pradesh,Sagar,Acute Diarrhoeal Disease,30.13,27.62,74.35,151.0
2009-07-28,Madhya Pradesh,Seoni,Acute Diarrhoeal Disease,30.51,30.03,73.82,14.0
2009-07-28,Odisha,Kalahandi,Acute Diarrhoeal Disease,47.29,30.03,79.62,217.0
2009-07-28,Punjab,Ludhiana,Acute Diarrhoeal Disease,56.97,27.49,82.03,50.0
2009-07-28,Rajasthan,Jaipur,Acute Diarrhoeal Disease,12.48,30.48,60.88,15.0
2009-07-28,Rajasthan,Tonk,Acute Diarrhoeal Disease,11.16,30.83,59.55,15.0
2009-07-28,Uttarakhand,Uttarkashi,Acute Diarrhoeal Disease,95.92,25.02,84.77,11.0
2009-08-01,Uttar Pradesh,Allahabad,Acute Diarrhoeal Disease,37.44,31.56,76.34,51.0
2009-08-02,Madhya Pradesh,Betul,Acute Diarrhoeal Disease,23.59,27.7,70.52,86.0
2009-08-03,Bihar,Munger,Malaria,117.74,28.13,84.0,335.0
2009-08-03,Kerala,Malappuram,Chikungunya,44.41,25.82,80.2,133.0
2009-08-03,Kerala,Mallapuram,Chikungunya,44.41,25.82,80.2,216.0
2009-08-03,Rajasthan,Barmer,Acute Diarrhoeal Disease,9.53,27.45,59.0,30.0
2009-08-03,Tamil Nadu,Salem,Chikungunya,29.45,35.07,71.77,25.0
2009-08-03,Tamil Nadu,Theni,Chikungunya,21.7,42.1,64.9,82.0
2009-08-04,Rajasthan,Pali,Acute Diarrhoeal Disease,4.03,33.09,51.78,73.0
2009-08-04,Telangana,Medak,Acute Diarrhoeal Disease,4.9,35.6,51.93,10.0
2009-08-05,Karnataka,Belgaum,Acute Diarrhoeal Disease,23.05,25.95,70.68,53.0
2009-08-05,Madhya Pradesh,Indore,Acute Diarrhoeal Disease,7.23,28.11,56.54,70.0
2009-08-05,Tamil Nadu,Virudhunagar,Chikungunya,18.22,43.28,61.95,26.0
2009-08-06,Chhattisgarh,Raipur,Acute Diarrhoeal Disease,5.78,32.35,53.8,11.0
2009-08-06,Haryana,Jhajjar,Acute Diarrhoeal Disease,0.87,35.4,47.79,37.0
2009-08-06,Punjab,Moga,Acute Diarrhoeal Disease,10.58,28.08,59.83,20.0
2009-08-06,Rajasthan,Alwar,Acute Diarrhoeal Disease,0.36,32.39,48.17,141.0
2009-08-06,Uttar Pradesh,Ghazipur,Acute Diarrhoeal Disease,13.66,32.07,61.47,13.0
2009-08-08,Tamil Nadu,Karur,Chikungunya,1.17,36.64,47.74,42.0
2009-08-09,Assam,Darrang,Acute Diarrhoeal Disease,173.05,28.06,84.08,400.0
2009-08-09,Karnataka,Koppal,Acute Diarrhoeal Disease,5.75,33.48,53.44,26.0
2009-08-09,Karnataka,Koppal,Acute Diarrhoeal Disease,5.75,33.48,53.44,26.0
2009-08-11,Karnataka,Ballari,Acute Diarrhoeal Disease,3.54,33.46,51.16,26.0
2009-08-12,Karnataka,Haveri,Acute Diarrhoeal Disease,40.84,21.92,80.36,82.0
2009-08-12,Punjab,Roopnagar,Acute Diarrhoeal Disease,17.91,26.5,66.73,94.0
2009-08-12,Tamil Nadu,Virudhunagar,Chikungunya,1.72,44.9,45.83,15.0
2009-08-13,Karnataka,Chikkaballapur,Acute Diarrhoeal Disease,7.83,32.66,55.77,29.0
2009-08-15,Punjab,Gurdaspur,Acute Diarrhoeal Disease,14.42,30.14,62.72,20.0
2009-08-15,Uttar Pradesh,Allahabad,Acute Diarrhoeal Disease,65.19,36.97,80.04,29.0
2009-08-16,Madhya Pradesh,Umaria,Acute Diarrhoeal Disease,87.56,28.11,83.7,12.0
2009-08-16,Punjab,Jalandhar,Acute Diarrhoeal Disease,15.52,28.91,64.04,116.0
2009-08-17,Bihar,Munger,Malaria,159.58,30.17,83.44,850.0
2009-08-17,Telangana,Adilabad,Acute Diarrhoeal Disease,10.8,33.6,58.38,18.0
2009-08-19,Karnataka,Hassan,Acute Diarrhoeal Disease,45.91,31.86,78.75,54.0
2009-08-19,Madhya Pradesh,Panna,Acute Diarrhoeal Disease,65.57,29.15,82.41,15.0
2009-08-20,Madhya Pradesh,Morena,Acute Diarrhoeal Disease,147.96,28.11,84.06,25.0
2009-08-21,Andhra Pradesh,Visakhapatnam,Acute Diarrhoeal Disease,33.73,28.6,75.75,26.0
2009-08-21,Punjab,Hoshiarpur,Acute Diarrhoeal Disease,85.12,25.87,84.32,40.0
2009-08-21,Uttar Pradesh,Ghazipur,Acute Diarrhoeal Disease,74.82,29.95,82.74,23.0
2009-08-21,Uttar Pradesh,Shahjahanpur,Acute Diarrhoeal Disease,174.75,25.81,84.76,12.0
2009-08-22,Odisha,Balasore,Acute Diarrhoeal Disease,46.8,29.95,79.53,93.0
2009-08-24,Uttarakhand,Dehradun,Acute Diarrhoeal Disease,24.75,25.47,71.93,143.0
2009-08-25,Madhya Pradesh,Raisen,Malaria,20.88,27.33,68.75,341.0
2009-08-25,Madhya Pradesh,Sagar,Acute Diarrhoeal Disease,15.34,27.81,64.22,23.0
2009-08-27,Madhya Pradesh,Khargone,Acute Diarrhoeal Disease,115.1,28.86,83.77,113.0
2009-08-27,Tamil Nadu,Tirunelveli,Chikungunya,9.1,39.65,54.93,17.0
2009-08-27,Tamil Nadu,Viluppuram,Acute Diarrhoeal Disease,6.91,33.17,54.71,11.0
2009-08-28,Bihar,Munger,Malaria,64.98,27.26,82.93,453.0
2009-08-28,Karnataka,Chikmagalur,Acute Diarrhoeal Disease,36.17,23.12,78.39,22.0
2009-08-28,Karnataka,Chitradurga,Cholera,56.82,21.08,83.94,8.0
2009-08-28,Madhya Pradesh,Betul,Acute Diarrhoeal Disease,72.92,30.0,82.63,205.0
2009-08-28,Madhya Pradesh,Morena,Acute Diarrhoeal Disease,51.06,33.06,79.46,35.0
2009-08-28,Maharashtra,Nashik,Dengue,44.75,22.67,81.23,39.0
2009-08-28,Odisha,Sundargarh,Malaria,89.83,29.04,83.47,10.0
2009-08-28,Tamil Nadu,Salem,Chikungunya,14.11,36.14,60.65,21.0
2009-08-28,Telangana,Adilabad,Acute Diarrhoeal Disease,128.65,29.93,83.49,25.0
2009-08-28,Uttar Pradesh,Pilibhit,Acute Diarrhoeal Disease,50.7,27.35,81.11,157.0
2009-09-01,Odisha,Bargarh,Acute Diarrhoeal Disease,52.39,28.47,81.07,119.0
2009-09-03,Karnataka,Hassan,Acute Diarrhoeal Disease,46.01,30.03,79.33,24.0
2009-09-03,Madhya Pradesh,Indore,Dengue,251.13,26.55,84.53,78.0
2009-09-03,Odisha,Sambalpur,Acute Diarrhoeal Disease,53.05,27.07,81.59,22.0
2009-09-04,Telangana,Adilabad,Acute Diarrhoeal Disease,80.36,20.56,85.77,12.0
2009-09-05,Himachal Pradesh,Chamba,Acute Diarrhoeal Disease,102.65,25.26,84.77,30.0
2009-09-05,Himachal Pradesh,Chamba,Acute Diarrhoeal Disease,102.65,25.26,84.77,223.0
2009-09-05,Punjab,Fatehgarh Sahib,Acute Diarrhoeal Disease,102.83,26.98,84.26,53.0
2009-09-06,Karnataka,Belgaum,Acute Diarrhoeal Disease,147.96,28.35,83.99,18.0
2009-09-07,Karnataka,Dharwad,Acute Diarrhoeal Disease,125.15,29.19,83.7,32.0
2009-09-08,Madhya Pradesh,Guna,Acute Diarrhoeal Disease,48.87,27.61,80.68,91.0
2009-09-08,Odisha,Bolangir,Malaria,70.41,28.37,82.98,368.0
2009-09-09,Tamil Nadu,Ramanathapuram,Chikungunya,5.0,37.27,56.51,49.0
2009-09-10,Karnataka,Koppal,Acute Diarrhoeal Disease,29.01,24.01,74.85,36.0
2009-09-11,Kerala,Kottayam,Acute Diarrhoeal Disease,130.67,27.46,84.23,18.0
2009-09-11,Telangana,Adilabad,Acute Diarrhoeal Disease,28.33,28.25,73.21,12.0
2009-09-12,Karnataka,Kodagu,Cholera,88.88,25.51,84.51,9.0
2009-09-12,Maharashtra,Nashik,Malaria,24.48,27.64,71.11,34.0
2009-09-12,Uttar Pradesh,Ambedkar Nagar,Acute Diarrhoeal Disease,128.86,27.85,84.11,15.0
2009-09-13,Himachal Pradesh,Shimla,Acute Diarrhoeal Disease,289.78,26.02,84.69,45.0
2009-09-14,Bihar,Munger,Malaria,86.28,29.04,83.4,260.0
2009-09-15,Maharashtra,Nashik,Dengue,34.38,27.91,76.23,57.0
2009-09-16,Haryana,Panipat,Cholera,118.95,28.22,83.98,373.0
2009-09-16,Haryana,Panipat,Cholera,118.95,28.22,83.98,447.0
2009-09-16,Jharkhand,Latehar,Malaria,6.77,26.87,56.45,25.0
2009-09-16,Odisha,Balasore,Acute Diarrhoeal Disease,12.41,28.93,61.28,30.0
2009-09-17,Tamil Nadu,Namakkal,Chikungunya,25.88,35.07,69.75,32.0
2009-09-19,Tamil Nadu,Karur,Chikungunya,53.35,33.5,79.71,26.0
2009-09-20,Chhattisgarh,Korba,Dengue,1.55,28.47,50.58,6.0
2009-09-20,Odisha,Puri,Chikungunya,64.57,28.41,82.55,79.0
2009-09-21,Tamil Nadu,Dindigul,Chikungunya,98.21,32.99,82.41,83.0
2009-09-23,West Bengal,Dakshin Dinajpur,Acute Diarrhoeal Disease,56.67,23.75,83.12,43.0
2009-09-23,West Bengal,South 24 Parganas,Acute Diarrhoeal Disease,74.06,26.62,83.7,4485.0
2009-09-24,Assam,Darrang,Cholera,103.71,13.33,88.36,12.0
2009-09-24,Tamil Nadu,Tiruchirappalli,Chikungunya,57.14,32.53,80.54,8.0
2009-09-25,Odisha,Bargarh,Acute Diarrhoeal Disease,19.58,28.16,67.53,51.0
2009-09-25,Tamil Nadu,Ramanathapuram,Chikungunya,5.0,38.67,56.09,44.0
2009-09-27,Karnataka,Hassan,Acute Diarrhoeal Disease,71.49,25.42,83.93,40.0
2009-09-27,West Bengal,Dakshin Dinajpur,Acute Diarrhoeal Disease,28.28,27.49,73.41,69.0
2009-09-28,Assam,Barpeta,Cholera,59.75,27.84,82.26,640.0
2009-09-28,Assam,Barpeta,Cholera,59.75,27.84,82.26,1010.0
2009-09-28,Assam,Sonitpur,Malaria,60.04,21.6,84.16,578.0
2009-09-28,Karnataka,Chikmagalur,Acute Diarrhoeal Disease,67.98,25.07,83.81,104.0
2009-09-28,Karnataka,Tumkur,Acute Diarrhoeal Disease,35.99,28.2,76.8,25.0
2009-09-28,Maharashtra,Thane,Acute Diarrhoeal Disease,47.93,27.56,80.5,13.0
2009-09-28,Rajasthan,Sikar,Malaria,0.01,43.77,44.37,50.0
2009-09-28,Uttar Pradesh,Jhansi,Acute Diarrhoeal Disease,4.47,34.85,51.71,19.0
2009-09-28,West Bengal,Bankura,Acute Diarrhoeal Disease,44.8,28.17,79.59,36.0
2009-09-28,West Bengal,Bankura,Acute Diarrhoeal Disease,44.8,28.17,79.59,46.0
2009-10-02,Odisha,Nayagarh,Acute Diarrhoeal Disease,169.14,27.95,84.11,30.0
2009-10-02,Rajasthan,Sikar,Acute Diarrhoeal Disease,0.0,43.33,44.5,25.0
2009-10-03,Jharkhand,Dumka,Acute Diarrhoeal Disease,45.9,29.05,79.6,25.0
2009-10-03,Karnataka,Davangere,Acute Diarrhoeal Disease,245.04,24.23,85.23,44.0
2009-10-03,Maharashtra,Akola,Acute Diarrhoeal Disease,30.62,37.06,71.76,38.0
2009-10-04,Karnataka,Chikmagalur,Acute Diarrhoeal Disease,212.13,22.57,85.73,10.0
2009-10-04,Karnataka,Dharwad,Acute Diarrhoeal Disease,224.03,29.26,83.72,22.0
2009-10-05,Karnataka,Haveri,Acute Diarrhoeal Disease,300.0,29.26,83.72,25.0
2009-10-06,Haryana,Ambala,Acute Diarrhoeal Disease,11.66,29.3,60.48,21.0
2009-10-06,Karnataka,Belgaum,Acute Diarrhoeal Disease,187.06,29.26,83.72,16.0
2009-10-08,Karnataka,Haveri,Acute Diarrhoeal Disease,91.75,22.62,85.43,21.0
2009-10-09,Assam,Nalbari,Acute Diarrhoeal Disease,197.52,29.26,83.72,14.0
2009-10-09,Assam,Sivasagar,Acute Diarrhoeal Disease,64.89,24.59,83.72,10.0
2009-10-09,Himachal Pradesh,Kangra,Acute Diarrhoeal Disease,19.43,22.87,69.01,101.0
2009-10-10,Rajasthan,Banwara,Dengue,17.52,32.16,64.72,4.0
2009-10-11,Karnataka,Belgaum,Acute Diarrhoeal Disease,13.56,26.53,63.04,16.0
2009-10-11,Rajasthan,Sikar,Acute Diarrhoeal Disease,0.56,39.14,46.35,26.0
2009-10-11,West Bengal,Dakshin Dinajpur,Acute Diarrhoeal Disease,167.59,26.24,84.63,51.0
2009-10-12,Assam,Golaghat,Cholera,92.28,26.98,84.13,57.0
2009-10-12,Assam,Kamrup,Acute Diarrhoeal Disease,94.34,26.16,84.41,31.0
2009-10-13,Haryana,Kurukshetra,Cholera,0.28,29.71,48.88,41.0
2009-10-13,Odisha,Malkangiri,Malaria,7.8,27.05,57.43,123.0
2009-10-13,West Bengal,Dakshin Dinajpur,Acute Diarrhoeal Disease,68.02,26.99,83.24,32.0
2009-10-14,Uttar Pradesh,Ambedkar Nagar,Acute Diarrhoeal Disease,2.88,28.71,51.9,29.0
2009-10-17,Telangana,Nizamabad,Acute Diarrhoeal Disease,1.81,32.25,49.72,245.0
2009-10-18,Himachal Pradesh,Kangra,Acute Diarrhoeal Disease,12.84,24.24,63.08,115.0
2009-10-18,Tamil Nadu,Trichy,Chikungunya,11.31,35.52,58.28,38.0
2009-10-20,Uttar Pradesh,Lucknow,Acute Diarrhoeal Disease,0.0,30.44,48.37,47.0
2009-10-21,West Bengal,Howrah,Chikungunya,5.02,30.01,53.72,163.0
2009-10-21,West Bengal,Howrah,Chikungunya,5.02,30.01,53.72,131.0
2009-10-21,West Bengal,Howrah,Chikungunya,5.02,30.01,53.72,243.0
2009-10-21,West Bengal,Howrah,Chikungunya,5.02,30.01,53.72,266.0
2009-10-22,Haryana,Ambala,Acute Diarrhoeal Disease,0.01,29.41,48.68,24.0
2009-10-22,Madhya Pradesh,Indore,Dengue,0.0,39.2,45.74,73.0
2009-10-22,Puducherry,Puducherry,Dengue,0.78,34.86,47.86,12.0
2009-10-23,Haryana,Kaithal,Acute Diarrhoeal Disease,0.0,29.41,48.68,34.0
2009-10-23,Karnataka,Bagalkot,Acute Diarrhoeal Disease,0.7,36.75,47.21,210.0
2009-10-24,Odisha,Bolangir,Acute Diarrhoeal Disease,0.01,31.25,48.13,28.0
2009-10-26,Madhya Pradesh,Indore,Dengue,0.01,41.01,45.2,11.0
2009-10-28,Chandigarh,Chandigarh,Dengue,0.0,28.9,48.84,8.0
2009-10-28,Odisha,Puri,Acute Diarrhoeal Disease,0.01,28.47,48.97,11.0
2009-10-28,Tamil Nadu,Perambalur,Chikungunya,1.34,34.11,48.68,24.0
2009-11-02,Rajasthan,Barmer,Acute Diarrhoeal Disease,0.0,44.28,44.22,14.0
2009-11-05,Madhya Pradesh,Indore,Dengue,0.01,39.11,45.77,36.0
2009-11-05,Tamil Nadu,Karur,Chikungunya,17.96,31.37,65.32,17.0
2009-11-05,Tamil Nadu,Villupuram,Malaria,48.07,27.8,80.46,3.0
2009-11-06,Karnataka,Chamarajnagar,Cholera,12.68,29.93,61.23,7.0
2009-11-06,Odisha,Bargarh,Acute Diarrhoeal Disease,1.14,28.25,50.22,118.0
2009-11-06,Odisha,Bargarh,Acute Diarrhoeal Disease,1.14,28.25,50.22,118.0
2009-11-06,West Bengal,Malda,Chikungunya,0.01,28.46,48.97,50.0
2009-11-07,Jharkhand,Chatra,Malaria,1.4,29.47,50.13,60.0
2009-11-07,Madhya Pradesh,Indore,Dengue,0.01,38.35,46.0,39.0
2009-11-07,Odisha,Bargarh,Acute Diarrhoeal Disease,1.71,28.65,50.7,83.0
2009-11-07,Tamil Nadu,Vellore,Acute Diarrhoeal Disease,40.21,30.35,77.64,15.0
2009-11-09,Karnataka,Bijapur,Acute Diarrhoeal Disease,4.68,32.57,52.61,68.0
2009-11-09,Karnataka,Bijapur,Acute Diarrhoeal Disease,4.68,32.57,52.61,158.0
2009-11-11,Karnataka,Davangere,Acute Diarrhoeal Disease,58.59,28.91,81.8,34.0
2009-11-11,Tamil Nadu,Theni,Dengue,236.24,28.91,83.83,5.0
2009-11-11,Tamil Nadu,Villupuram,Acute Diarrhoeal Disease,160.74,23.45,85.46,37.0
2009-11-12,Karnataka,Ballari,Acute Diarrhoeal Disease,46.69,26.67,80.49,33.0
2009-11-12,Karnataka,Mandya,Cholera,131.99,24.47,85.13,51.0
2009-11-12,Odisha,Bolangir,Acute Diarrhoeal Disease,15.83,31.63,63.49,73.0
2009-11-13,Assam,Sonitpur,Acute Diarrhoeal Disease,0.46,26.75,49.96,65.0
2009-11-13,Karnataka,Bagalkot,Acute Diarrhoeal Disease,51.65,25.35,81.87,31.0
2009-11-15,Karnataka,Chikmagalur,Acute Diarrhoeal Disease,62.81,24.21,83.66,73.0
2009-11-17,Tamil Nadu,Pudukkottai,Chikungunya,73.8,32.35,81.97,8.0
2009-11-20,Karnataka,Bijapur,Acute Diarrhoeal Disease,55.7,32.49,80.36,77.0
2009-11-21,Himachal Pradesh,Chamba,Acute Diarrhoeal Disease,11.61,15.28,64.64,53.0
2009-11-22,Maharashtra,Ratnagiri,Chikungunya,27.65,29.93,72.33,6.0
2009-11-23,Tamil Nadu,Coimbatore,Chikungunya,29.33,28.39,73.7,47.0
2009-11-25,Karnataka,Ballari,Acute Diarrhoeal Disease,24.2,28.77,70.59,29.0
2009-11-25,Karnataka,Chitradurga,Cholera,29.46,27.06,74.17,36.0
2009-11-25,Tamil Nadu,Perambalur,Chikungunya,39.3,27.94,78.07,15.0
2009-11-28,Karnataka,Davanagere,Acute Diarrhoeal Disease,5.17,29.63,53.99,198.0
2009-11-28,Uttar Pradesh,Gorakhpur,Acute Encephalitis Syndrome,0.0,26.02,49.7,13.0
2009-12-01,Arunachal Pradesh,Tirap,Malaria,6.7,16.48,59.49,115.0
2009-12-01,Arunachal Pradesh,Tirap,Malaria,6.7,16.48,59.49,292.0
2009-12-01,Maharashtra,Dhule,Acute Diarrhoeal Disease,0.01,32.92,47.63,155.0
2009-12-01,Tamil Nadu,Dindigul,Chikungunya,8.8,28.4,58.02,13.0
2009-12-03,Tamil Nadu,Perambalur,Chikungunya,28.37,28.61,73.13,18.0
2009-12-04,Karnataka,Hassan,Acute Diarrhoeal Disease,11.48,29.1,60.37,50.0
2009-12-06,Uttar Pradesh,Bareilly,Acute Encephalitis Syndrome,0.01,21.73,50.99,11.0
2009-12-08,Tamil Nadu,Trichy,Chikungunya,18.23,29.27,66.16,28.0
2009-12-09,Maharashtra,Ratnagiri,Malaria,0.01,28.72,48.89,20.0
2009-12-12,Telangana,Khammam,Acute Diarrhoeal Disease,0.02,30.36,48.41,51.0
2009-12-14,Tamil Nadu,Dindigul,Dengue,4.45,28.43,53.62,9.0
2009-12-14,Tamil Nadu,Dindigul,Dengue,4.45,28.43,53.62,9.0
2009-12-15,Andhra Pradesh,Kadapa,Acute Diarrhoeal Disease,0.72,28.99,49.56,65.0
2009-12-15,Haryana,Ambala,Acute Diarrhoeal Disease,0.28,19.99,51.8,49.0
2009-12-17,Maharashtra,Kolhapur,Acute Diarrhoeal Disease,0.2,31.03,48.4,80.0
2009-12-21,Goa,South Goa,Chikungunya,0.61,28.21,49.68,17.0
2009-12-21,Tamil Nadu,Coimbatore,Dengue,21.23,28.41,68.67,99.0
2009-12-24,Uttarakhand,Dehradun,Cholera,0.06,15.81,52.82,4.0
2009-12-26,Tamil Nadu,Tiruvannamalai,Acute Diarrhoeal Disease,25.05,23.39,72.75,13.0
2009-12-28,Assam,Nagaon,Acute Diarrhoeal Disease,4.26,18.37,56.43,463.0
2009-12-28,Maharashtra,Osmanabad,Acute Diarrhoeal Disease,1.31,33.25,48.9,23.0
2009-12-28,Maharashtra,Ratnagiri,Cholera,0.03,31.81,47.99,32.0
2009-12-28,Maharashtra,Sangli,Acute Diarrhoeal Disease,1.94,29.52,50.68,113.0
2009-12-28,Rajasthan,Alwar,Acute Diarrhoeal Disease,0.02,22.35,50.82,48.0
2010-01-01,Maharashtra,Beed,Acute Diarrhoeal Disease,8.45,28.67,57.59,28.0
2010-01-04,Karnataka,Tumkur,Acute Diarrhoeal Disease,11.75,29.55,60.48,26.0
2010-01-04,Puducherry,Puducherry,Chikungunya,3.5,26.97,53.07,8.0
2010-01-09,Punjab,Ludhiana,Acute Diarrhoeal Disease,13.82,11.87,67.67,104.0
2010-01-10,Tamil Nadu,Ramanathapuram,Chikungunya,5.0,28.58,59.12,26.0
2010-01-12,Andhra Pradesh,East Godavari,Acute Diarrhoeal Disease,0.89,27.39,50.22,25.0
2010-01-13,Assam,Karbi Anglong,Malaria,1.01,19.38,52.75,21.0
2010-01-13,Maharashtra,Beed,Dengue,7.7,30.02,56.43,90.0
2010-01-14,Karnataka,Chikmagalur,Acute Diarrhoeal Disease,22.24,25.12,70.37,21.0
2010-01-18,Jharkhand,East Singhbhum,Dengue,0.72,23.97,51.07,14.0
2010-01-19,Karnataka,Davangere.,Acute Diarrhoeal Disease,6.79,30.56,55.36,23.0
2010-01-24,Tamil Nadu,Villupuram,Acute Diarrhoeal Disease,2.36,28.03,51.56,11.0
2010-01-25,Gujarat,Amreli,Acute Diarrhoeal Disease,0.0,33.78,47.37,45.0
2010-01-28,Tamil Nadu,Virudhunagar,Dengue,0.13,33.23,47.67,38.0
2010-02-01,Puducherry,Puducherry,Dengue,4.78,27.92,54.11,10.0
2010-02-06,Maharashtra,Dhule,Malaria,0.84,32.33,48.68,24.0
2010-02-06,Tamil Nadu,Virudhunagar,Chikungunya,0.02,33.54,47.46,68.0
2010-02-09,Gujarat,Dahod,Acute Diarrhoeal Disease,0.14,32.66,47.85,10.0
2010-02-09,Maharashtra,Ratnagiri,Acute Diarrhoeal Disease,0.01,33.05,47.59,14.0
2010-02-10,Karnataka,Raichur,Acute Diarrhoeal Disease,0.01,34.75,47.08,46.0
2010-02-12,Karnataka,Gulbarga,Acute Diarrhoeal Disease,0.01,38.41,45.98,39.0
2010-02-12,Kerala,Kozhikode,Acute Diarrhoeal Disease,0.01,31.54,48.05,13.0
2010-02-15,Maharashtra,Thane,Chikungunya,0.27,31.71,48.27,61.0
2010-02-15,Tamil Nadu,Dindigul,Acute Diarrhoeal Disease,0.08,32.45,47.85,112.0
2010-02-19,Andhra Pradesh,Prakasam,Acute Diarrhoeal Disease,0.16,34.31,47.38,11.0
2010-02-24,Karnataka,Chikmagalur,Acute Diarrhoeal Disease,1.7,28.58,50.71,10.0
2010-02-25,Andhra Pradesh,Prakasam,Acute Diarrhoeal Disease,0.78,35.82,47.57,31.0
2010-02-25,Maharashtra,Nagpur,Acute Diarrhoeal Disease,2.9,33.01,50.64,81.0
2010-02-28,Maharashtra,Sholapur,Cholera,0.66,39.97,46.2,218.0
2010-02-28,Telangana,Khammam,Acute Diarrhoeal Disease,2.37,34.22,49.72,45.0
2010-03-01,Karnataka,Bijapur,Acute Diarrhoeal Disease,0.3,42.77,44.99,26.0
2010-03-01,Tamil Nadu,Thiruvannamalai,Acute Diarrhoeal Disease,0.04,40.91,45.27,162.0
2010-03-02,Karnataka,Belgaum,Dengue,0.11,39.84,45.66,10.0
2010-03-03,Telangana,Mahbubnagar,Acute Diarrhoeal Disease,0.01,39.59,45.63,11.0
2010-03-05,Maharashtra,Pune,Acute Diarrhoeal Disease,0.0,38.42,45.98,131.0
2010-03-05,Odisha,Khurda,Acute Diarrhoeal Disease,0.11,36.58,46.64,57.0
2010-03-05,Tamil Nadu,Ramanathapuram,Acute Diarrhoeal Disease,5.0,34.73,57.28,46.0
2010-03-05,Telangana,Mahabubnagar,Acute Diarrhoeal Disease,0.0,41.16,45.16,16.0
2010-03-07,Maharashtra,Nanded,Acute Diarrhoeal Disease,0.01,42.12,44.87,20.0
2010-03-09,Assam,Karbi Anglong,Malaria,19.03,25.92,67.79,533.0
2010-03-10,Maharashtra,Nagpur,Acute Diarrhoeal Disease,0.0,41.27,45.12,115.0
2010-03-14,Kerala,Ernakulam,Dengue,6.36,31.83,54.55,9.0
2010-03-15,Andhra Pradesh,Visakhapatnam,Acute Diarrhoeal Disease,3.9,32.37,51.86,36.0
2010-03-21,Gujarat,Kheda,Acute Diarrhoeal Disease,0.0,42.9,44.63,33.0
2010-03-21,Rajasthan,Jalore,Acute Diarrhoeal Disease,0.0,48.0,43.1,26.0
2010-03-23,Assam,Nalbari,Malaria,0.39,27.18,49.76,5.0
2010-03-24,Tamil Nadu,Vellore,Acute Diarrhoeal Disease,0.02,38.09,46.1,17.0
2010-03-25,Karnataka,Bijapur,Malaria,0.0,45.33,43.9,192.0
2010-03-25,Karnataka,Hassan,Acute Diarrhoeal Disease,0.02,38.48,45.97,54.0
2010-03-26,Himachal Pradesh,Shimla,Acute Diarrhoeal Disease,0.0,28.83,48.85,14.0
2010-03-28,Assam,Karbi Anglong,Malaria,182.55,28.25,84.02,427.0
2010-03-28,Assam,Sonitpur,Acute Diarrhoeal Disease,154.46,25.23,84.92,23.0
2010-03-28,Assam,Sonitpur,Malaria,211.15,25.38,84.89,30.0
2010-03-28,Assam,Sonitpur,Malaria,211.15,25.38,84.89,1112.0
2010-03-28,Karnataka,Hassan,Acute Diarrhoeal Disease,1.86,38.22,47.99,85.0
2010-03-28,Kerala,Idukki,Acute Diarrhoeal Disease,26.19,30.65,71.26,20.0
2010-03-28,Rajasthan,Jaipur,Chikungunya,0.0,44.59,44.13,30.0
2010-03-28,Tamil Nadu,Virudhunagar,Acute Diarrhoeal Disease,0.1,43.08,44.68,12.0
2010-04-01,Maharashtra,Jalgaon,Acute Diarrhoeal Disease,0.01,44.54,44.14,7.0
2010-04-02,Gujarat,Gandhinagar,Acute Diarrhoeal Disease,0.01,41.09,45.18,94.0
2010-04-03,Andhra Pradesh,Chittoor,Acute Diarrhoeal Disease,5.09,37.72,51.49,14.0
2010-04-03,West Bengal,Purba Medinipur,Acute Diarrhoeal Disease,1.6,32.6,49.39,56.0
2010-04-03,West Bengal,Purba Medinipur,Acute Diarrhoeal Disease,1.6,32.6,49.39,56.0
2010-04-04,Andhra Pradesh,Krishna,Acute Diarrhoeal Disease,0.07,32.38,47.86,19.0
2010-04-05,Karnataka,Koppal,Acute Diarrhoeal Disease,0.09,41.17,45.24,23.0
2010-04-05,Tamil Nadu,Tiruvannamalai,Acute Diarrhoeal Disease,0.82,38.86,46.7,29.0
2010-04-06,Kerala,Thiruvananthapuram,Malaria,84.58,30.56,82.9,37.0
2010-04-09,Kerala,Kottayam,Dengue,65.37,31.34,81.74,7.0
2010-04-09,Kerala,Kottayam,Dengue,65.37,31.34,81.74,10.0
2010-04-09,Kerala,Kottayam,Dengue,65.37,31.34,81.74,14.0
2010-04-09,Kerala,Kottayam,Dengue,65.37,31.34,81.74,32.0
2010-04-09,Kerala,Kottayam,Dengue,65.37,31.34,81.74,66.0
2010-04-09,Kerala,Kottayam,Dengue,65.37,31.34,81.74,68.0
2010-04-09,West Bengal,Dinajpur,Acute Diarrhoeal Disease,0.01,35.8,46.77,27.0
2010-04-10,Karnataka,Udupi,Acute Diarrhoeal Disease,1.01,33.23,48.59,75.0
2010-04-12,Karnataka,Bangalore,Acute Diarrhoeal Disease,0.23,41.03,45.43,79.0
2010-04-12,West Bengal,Howrah,Acute Diarrhoeal Disease,0.01,31.75,47.99,121.0
2010-04-13,Maharashtra,Beed,Dengue,0.23,45.58,44.07,22.0
2010-04-13,Uttarakhand,Nainital,Acute Diarrhoeal Disease,0.02,32.69,47.71,23.0
2010-04-14,Telangana,Mahbubnagar,Acute Diarrhoeal Disease,0.51,42.31,45.34,21.0
2010-04-15,Karnataka,Belgaum,Chikungunya,7.29,41.47,52.59,55.0
2010-04-15,Karnataka,Belgaum,Acute Diarrhoeal Disease,7.29,41.47,52.59,52.0
2010-04-15,West Bengal,Jalpaiguri,Acute Diarrhoeal Disease,11.09,23.9,61.56,42.0
2010-04-15,West Bengal,Jalpaiguri,Acute Diarrhoeal Disease,11.09,23.9,61.56,66.0
2010-04-15,West Bengal,Jalpaiguri,Acute Diarrhoeal Disease,11.09,23.9,61.56,66.0
2010-04-16,Maharashtra,Beed,Acute Diarrhoeal Disease,0.02,48.0,43.12,29.0
2010-04-16,Tamil Nadu,Dindigul,Acute Diarrhoeal Disease,1.52,39.89,47.13,19.0
2010-04-16,West Bengal,Murshidabad,Acute Diarrhoeal Disease,7.53,34.05,55.06,145.0
2010-04-17,Tamil Nadu,Villupuram,Acute Diarrhoeal Disease,0.24,35.13,47.22,38.0
2010-04-17,West Bengal,Hooghly,Acute Diarrhoeal Disease,0.18,30.76,48.46,148.0
2010-04-18,Karnataka,Chikkaballapur,Acute Diarrhoeal Disease,3.99,37.34,50.47,18.0
2010-04-19,Andhra Pradesh,Prakasam,Acute Diarrhoeal Disease,1.06,42.65,45.82,26.0
2010-04-19,Uttar Pradesh,Gonda,Acute Diarrhoeal Disease,3.58,36.87,50.19,20.0
2010-04-20,Karnataka,Udupi,Malaria,10.42,32.97,58.21,50.0
2010-04-20,Kerala,Kottayam,Acute Diarrhoeal Disease,47.57,29.5,79.84,25.0
2010-04-20,Tamil Nadu,Villupuram,Acute Diarrhoeal Disease,1.9,36.15,48.65,12.0
2010-04-20,Uttar Pradesh,Bulandshahar,Acute Diarrhoeal Disease,1.22,42.71,45.97,518.0
2010-04-20,Uttar Pradesh,Lucknow,Acute Diarrhoeal Disease,0.01,38.58,45.94,43.0
2010-04-21,Telangana,Warangal,Acute Diarrhoeal Disease,1.76,43.22,46.38,30.0
2010-04-22,Maharashtra,Ratnagiri,Acute Diarrhoeal Disease,1.24,36.91,47.73,36.0
2010-04-23,Karnataka,Davanagere,Acute Diarrhoeal Disease,3.9,39.44,49.75,12.0
2010-04-23,Karnataka,Mysore,Cholera,31.93,35.26,72.94,5.0
2010-04-23,West Bengal,Jalpaiguri,Acute Diarrhoeal Disease,40.02,21.05,80.37,52.0
2010-04-26,Karnataka,Tumkur,Chikungunya,14.82,36.73,61.09,63.0
2010-04-26,Kerala,Kottayam,Dengue,58.72,30.55,81.33,10.0
2010-04-26,Kerala,Kottayam,Dengue,58.72,30.55,81.33,16.0
2010-04-26,Tamil Nadu,Cuddalore,Acute Diarrhoeal Disease,0.17,35.95,46.9,27.0
2010-04-26,Tamil Nadu,Krishnagiri,Acute Diarrhoeal Disease,4.61,36.31,51.41,35.0
2010-04-27,Andhra Pradesh,Chittoor,Acute Diarrhoeal Disease,0.74,36.7,47.26,30.0
2010-04-27,Tamil Nadu,Perambalur,Acute Diarrhoeal Disease,2.05,40.39,47.53,17.0
2010-04-27,Tamil Nadu,Trichy,Acute Diarrhoeal Disease,2.05,40.39,47.53,53.0
2010-04-27,West Bengal,West Medinipur,Acute Diarrhoeal Disease,4.07,32.56,51.98,13.0
2010-04-28,Karnataka,Kolar,Dengue,1.12,35.94,47.89,12.0
2010-04-28,Karnataka,Koppal,Dengue,2.72,42.99,47.46,10.0
2010-04-28,Maharashtra,Akola,Acute Diarrhoeal Disease,0.16,48.0,43.27,26.0
2010-04-28,Maharashtra,Akola,Acute Diarrhoeal Disease,0.16,48.0,43.27,28.0
2010-04-28,Odisha,Mayurbhanj,Acute Diarrhoeal Disease,24.16,36.18,68.34,17.0
2010-04-28,Rajasthan,Udaipur,Acute Diarrhoeal Disease,3.23,48.0,46.49,22.0
2010-04-28,Tamil Nadu,Sivaganga,Acute Diarrhoeal Disease,9.21,43.88,53.77,13.0
2010-05-01,Andhra Pradesh,Guntur,Acute Diarrhoeal Disease,0.82,37.12,47.23,45.0
2010-05-01,Andhra Pradesh,Prakasam,Acute Diarrhoeal Disease,1.73,39.33,47.52,13.0
2010-05-01,Gujarat,Navsari,Acute Diarrhoeal Disease,0.01,44.84,44.05,99.0
2010-05-01,Karnataka,Chikkaballapur,Acute Diarrhoeal Disease,7.83,34.71,55.16,10.0
2010-05-03,Gujarat,Vadodara,Acute Diarrhoeal Disease,0.01,47.29,43.32,21.0
2010-05-03,Kerala,Kottayam,Dengue,57.52,33.01,80.45,8.0
2010-05-03,Tamil Nadu,Salem,Cholera,19.25,37.72,64.42,82.0
2010-05-04,Gujarat,Gandhi Nagar,Acute Diarrhoeal Disease,0.2,45.36,44.11,57.0
2010-05-04,Karnataka,Bijapur,Acute Diarrhoeal Disease,14.12,44.0,58.3,10.0
2010-05-04,Karnataka,Hassan,Acute Diarrhoeal Disease,31.47,32.55,73.53,66.0
2010-05-04,Karnataka,Hassan,Acute Diarrhoeal Disease,31.47,32.55,73.53,104.0
2010-05-04,Tamil Nadu,Krishnagiri,Acute Diarrhoeal Disease,19.81,36.44,65.23,24.0
2010-05-05,Arunachal Pradesh,Lower Dibang Valley,Acute Diarrhoeal Disease,38.06,15.48,81.38,65.0
2010-05-05,Assam,Dibrugarh,Acute Encephalitis Syndrome,35.72,27.39,76.93,3.0
2010-05-05,Maharashtra,Nanded,Acute Diarrhoeal Disease,3.94,47.58,47.34,18.0
2010-05-05,Tamil Nadu,Salem,Acute Diarrhoeal Disease,29.14,36.69,71.12,14.0
2010-05-05,Uttar Pradesh,Auraiya,Acute Diarrhoeal Disease,9.1,39.04,55.11,14.0
2010-05-06,Rajasthan,Sikar,Acute Diarrhoeal Disease,0.34,43.41,44.83,17.0
2010-05-07,Karnataka,Mandya,Acute Diarrhoeal Disease,18.62,31.9,65.67,24.0
2010-05-08,Karnataka,Chitradurga,Acute Diarrhoeal Disease,3.68,37.75,50.02,20.0
2010-05-08,Telangana,Nalgonda,Acute Diarrhoeal Disease,1.13,38.19,47.22,52.0
2010-05-09,Telangana,Rangareddy,Acute Diarrhoeal Disease,4.87,40.81,50.33,242.0
2010-05-10,Andhra Pradesh,Kadapa,Acute Diarrhoeal Disease,1.2,41.13,46.42,17.0
2010-05-10,Andhra Pradesh,Kadapa,Acute Diarrhoeal Disease,1.2,41.13,46.42,18.0
2010-05-10,Assam,Dhemaji,Malaria,105.6,23.42,85.35,257.0
2010-05-10,Assam,Dibrugarh,Acute Encephalitis Syndrome,105.6,23.42,85.35,4.0
2010-05-10,West Bengal,Howrah,Cholera,15.02,30.5,63.13,90.0
2010-05-10,West Bengal,Howrah,Cholera,15.02,30.5,63.13,90.0
2010-05-10,West Bengal,Nadia,Acute Diarrhoeal Disease,38.4,32.44,76.41,76.0
2010-05-11,Madhya Pradesh,Ujjain,Acute Diarrhoeal Disease,0.13,48.0,43.24,26.0
2010-05-11,Rajasthan,Tonk,Acute Diarrhoeal Disease,0.23,42.51,44.99,100.0
2010-05-12,Gujarat,Panchmahal,Cholera,0.0,48.0,43.1,6.0
2010-05-12,Rajasthan,Udaipur,Acute Diarrhoeal Disease,0.37,48.0,43.49,46.0
2010-05-12,Tamil Nadu,Theni,Cholera,6.65,42.58,51.62,23.0
2010-05-12,Telangana,Medak,Acute Diarrhoeal Disease,0.14,41.63,45.16,10.0
2010-05-13,Kerala,Mallapuram,Acute Diarrhoeal Disease,97.85,29.75,83.38,28.0
2010-05-13,Rajasthan,Sirohi,Acute Diarrhoeal Disease,0.0,47.95,43.12,64.0
2010-05-13,Tamil Nadu,Vellore,Acute Diarrhoeal Disease,0.92,37.27,47.29,12.0
2010-05-14,Kerala,Idukki,Dengue,71.24,27.21,83.38,10.0
2010-05-14,Maharashtra,Nashik,Acute Diarrhoeal Disease,0.38,46.6,43.92,102.0
2010-05-14,Tamil Nadu,Theni,Acute Diarrhoeal Disease,3.73,41.55,48.93,13.0
2010-05-14,Tamil Nadu,Tiruchirapalli,Acute Diarrhoeal Disease,3.04,37.39,49.47,29.0
2010-05-15,West Bengal,Nadia,Acute Diarrhoeal Disease,4.66,32.96,52.48,39.0
2010-05-15,West Bengal,Paschim Medinipur,Acute Diarrhoeal Disease,4.05,32.94,51.86,18.0
2010-05-16,Karnataka,Hassan,Acute Diarrhoeal Disease,8.11,33.39,55.84,11.0
2010-05-17,Andhra Pradesh,Chittoor,Acute Diarrhoeal Disease,0.23,37.51,46.49,37.0
2010-05-17,Assam,Nalbari,Acute Diarrhoeal Disease,300.0,23.15,85.56,62.0
2010-05-18,Himachal Pradesh,Shimla,Acute Diarrhoeal Disease,2.22,35.15,49.28,64.0
2010-05-18,Rajasthan,Jhunjhunu,Acute Diarrhoeal Disease,0.37,45.5,44.24,110.0
2010-05-19,Andhra Pradesh,Chittoor,Acute Diarrhoeal Disease,3.39,36.78,50.01,44.0
2010-05-19,Andhra Pradesh,Kadapa,Acute Diarrhoeal Disease,2.31,43.24,46.95,42.0
2010-05-19,Haryana,Gurgaon,Acute Diarrhoeal Disease,0.52,45.95,44.26,230.0
2010-05-20,Karnataka,Chamarajnagar,Chikungunya,17.32,35.38,63.6,18.0
2010-05-20,Karnataka,Chikkaballapur,Acute Diarrhoeal Disease,34.7,33.02,74.84,25.0
2010-05-20,Rajasthan,Sikar,Acute Diarrhoeal Disease,0.08,45.16,44.04,232.0
2010-05-20,Tamil Nadu,Perambalur,Acute Diarrhoeal Disease,9.83,39.99,55.53,25.0
2010-05-21,Rajasthan,Alwar,Acute Diarrhoeal Disease,0.0,46.13,43.67,25.0
2010-05-21,Tamil Nadu,Villupuram,Acute Diarrhoeal Disease,8.81,37.35,55.34,14.0
2010-05-21,Uttar Pradesh,Aligarh,Acute Diarrhoeal Disease,0.07,43.24,44.6,14.0
2010-05-21,Uttar Pradesh,Allahabad,Acute Diarrhoeal Disease,0.93,39.09,46.75,9.0
2010-05-22,West Bengal,Paschim Medinipur,Acute Diarrhoeal Disease,6.09,31.54,54.36,14.0
2010-05-22,West Bengal,Paschim Medinipur,Acute Diarrhoeal Disease,6.09,31.54,54.36,18.0
2010-05-24,Assam,Karbi Anglong,Malaria,100.22,28.95,83.64,677.0
2010-05-24,Assam,Sonitpur,Malaria,160.22,28.89,83.83,199.0
2010-05-24,Assam,Sonitpur,Malaria,160.22,28.89,83.83,289.0
2010-05-24,Haryana,Jind,Acute Diarrhoeal Disease,1.7,46.99,45.19,610.0
2010-05-24,Haryana,Jind,Acute Diarrhoeal Disease,1.7,46.99,45.19,784.0
2010-05-24,Karnataka,Uttara Kannada,Dengue,12.87,30.77,61.15,40.0
2010-05-25,Kerala,Kannur,Chikungunya,5.0,28.24,59.22,23.0
2010-05-25,Kerala,Kannur,Chikungunya,5.0,28.24,59.22,80.0
2010-05-25,Uttarakhand,Nainital,Acute Diarrhoeal Disease,5.92,33.29,53.66,34.0
2010-05-26,Karnataka,Chikmagalur,Malaria,6.94,29.8,55.75,76.0
2010-05-26,Tamil Nadu,Theni,Acute Diarrhoeal Disease,8.11,40.84,53.6,21.0
2010-05-27,Assam,Sonitpur,Cholera,100.05,25.83,84.58,81.0
2010-05-27,Gujarat,Navsari,Acute Diarrhoeal Disease,0.2,35.16,47.16,58.0
2010-05-27,Karnataka,Chitradurga,Cholera,5.2,30.36,53.81,12.0
2010-05-28,Assam,Golaghat,Malaria,147.12,25.83,84.74,140.0
2010-05-28,Karnataka,Ballari,Acute Diarrhoeal Disease,0.02,37.96,46.14,41.0
2010-05-28,Rajasthan,Dungarpur,Malaria,0.03,40.95,45.25,41.0
2010-05-28,Tamil Nadu,Ramanathapuram,Acute Diarrhoeal Disease,5.0,35.12,57.16,38.0
2010-05-28,Telangana,Medak,Acute Diarrhoeal Disease,0.0,42.76,44.68,128.0
2010-05-28,Uttar Pradesh,Banda,Acute Diarrhoeal Disease,0.03,35.72,46.81,19.0
2010-05-28,Uttar Pradesh,Hardoi,Acute Diarrhoeal Disease,0.4,38.56,46.35,22.0
2010-05-28,Uttar Pradesh,Uttar Pradesh,Acute Diarrhoeal Disease,0.74,35.63,47.59,18.0
2010-06-01,Gujarat,Kheda,Acute Diarrhoeal Disease,0.12,44.24,44.35,29.0
2010-06-02,Bihar,Muzaffarpur,Acute Diarrhoeal Disease,39.82,30.6,77.44,74.0
2010-06-02,West Bengal,Nadia,Acute Diarrhoeal Disease,69.67,26.43,83.52,51.0
2010-06-03,Gujarat,Gandhi Nagar,Acute Diarrhoeal Disease,4.41,43.78,48.97,16.0
2010-06-03,Maharashtra,Akola,Acute Diarrhoeal Disease,0.17,47.75,43.35,15.0
2010-06-03,Odisha,Ganjam,Malaria,5.0,28.2,59.24,102.0
2010-06-04,Assam,Chirang,Malaria,204.03,21.37,86.09,20.0
2010-06-04,Assam,Dhemaji,Acute Encephalitis Syndrome,137.03,26.91,84.41,5.0
2010-06-04,Gujarat,Surat,Acute Diarrhoeal Disease,6.01,37.73,52.43,15.0
2010-06-04,Karnataka,Chamarajnagar,Acute Diarrhoeal Disease,9.48,35.47,56.55,35.0
2010-06-04,Karnataka,Tumkur,Cholera,19.02,32.24,65.88,6.0
2010-06-05,Kerala,Pathanamthitta,Dengue,51.9,32.73,79.7,7.0
2010-06-05,Maharashtra,Nashik,Acute Diarrhoeal Disease,12.86,39.63,58.48,126.0
2010-06-05,Telangana,Adilabad,Acute Diarrhoeal Disease,0.89,48.0,44.03,67.0
2010-06-06,Andhra Pradesh,Kadapa,Acute Diarrhoeal Disease,9.69,40.2,55.34,39.0
2010-06-06,Assam,Dibrugarh,Acute Diarrhoeal Disease,190.17,16.34,87.6,4.0
2010-06-06,Karnataka,Ballari,Acute Diarrhoeal Disease,4.55,38.44,50.71,62.0
2010-06-06,Karnataka,Kolar,Acute Diarrhoeal Disease,42.0,31.19,77.93,28.0
2010-06-06,Karnataka,Mysore,Cholera,51.89,30.23,80.45,17.0
2010-06-06,Madhya Pradesh,Ashoknagar,Acute Diarrhoeal Disease,3.36,45.18,47.46,19.0
2010-06-06,Telangana,Medak,Acute Diarrhoeal Disease,1.18,43.22,45.77,10.0
2010-06-06,Telangana,Warangal,Acute Diarrhoeal Disease,2.1,44.97,46.21,50.0
2010-06-07,Assam,Tinsukia,Acute Diarrhoeal Disease,151.15,35.04,81.98,11.0
2010-06-07,Karnataka,Chitradurga,Malaria,6.99,34.24,54.46,16.0
2010-06-07,Rajasthan,Barmer,Acute Diarrhoeal Disease,7.73,41.04,53.16,15.0
2010-06-08,Assam,Dhubri,Malaria,300.0,17.8,87.16,140.0
2010-06-08,Uttar Pradesh,Ghazipur,Acute Diarrhoeal Disease,0.26,38.54,46.21,15.0
2010-06-09,Andhra Pradesh,Anantapur,Malaria,25.4,38.03,68.57,68.0
2010-06-09,Andhra Pradesh,Kurnool,Acute Diarrhoeal Disease,4.05,41.08,49.41,22.0
2010-06-09,Assam,Golaghat,Acute Diarrhoeal Disease,289.59,25.01,85.0,27.0
2010-06-09,Gujarat,Kheda,Acute Diarrhoeal Disease,12.41,39.73,58.04,10.0
2010-06-09,Karnataka,Bidar,Acute Diarrhoeal Disease,2.41,45.51,46.37,45.0
2010-06-09,Rajasthan,Tonk,Acute Diarrhoeal Disease,6.65,40.43,52.26,33.0
2010-06-10,Rajasthan,Barmer,Acute Diarrhoeal Disease,14.73,36.2,61.17,10.0
2010-06-11,Odisha,Cuttack,Acute Diarrhoeal Disease,2.75,36.95,49.29,70.0
2010-06-11,Tamil Nadu,Vellore,Acute Diarrhoeal Disease,27.17,27.89,72.67,11.0
2010-06-12,Assam,Barpeta,Acute Diarrhoeal Disease,223.66,20.02,86.49,104.0
2010-06-12,Karnataka,Hassan,Acute Diarrhoeal Disease,54.0,30.51,80.71,83.0
2010-06-12,Madhya Pradesh,Guna,Acute Diarrhoeal Disease,0.15,46.53,43.69,13.0
2010-06-13,Tamil Nadu,Tiruvannamalai,Acute Diarrhoeal Disease,53.27,35.04,79.24,10.0
2010-06-13,Tamil Nadu,Virudhunagar,Acute Diarrhoeal Disease,26.3,43.17,67.57,36.0
2010-06-14,Andhra Pradesh,Chittoor,Acute Diarrhoeal Disease,60.4,35.04,80.17,18.0
2010-06-14,Uttarakhand,Chamoli,Acute Diarrhoeal Disease,26.41,11.73,77.07,32.0
2010-06-15,Andhra Pradesh,Kadapa,Acute Diarrhoeal Disease,97.19,35.04,81.78,115.0
2010-06-15,Gujarat,Dahod,Cholera,0.59,48.0,43.72,21.0
2010-06-15,Tamil Nadu,Trichy,Acute Diarrhoeal Disease,18.2,35.04,64.41,114.0
2010-06-15,Tamil Nadu,Villupuram  Kallakurichi,Acute Diarrhoeal Disease,33.14,35.04,73.56,24.0
2010-06-15,Telangana,Khammam,Acute Diarrhoeal Disease,52.1,35.04,79.05,15.0
2010-06-16,Tamil Nadu,Thiruvarur,Acute Diarrhoeal Disease,20.55,35.04,66.19,30.0
2010-06-17,Andhra Pradesh,Kadapa,Acute Diarrhoeal Disease,96.78,36.23,81.42,38.0
2010-06-17,Gujarat,Gandhinagar,Acute Diarrhoeal Disease,4.78,42.6,49.71,13.0
2010-06-17,Maharashtra,Nashik,Acute Diarrhoeal Disease,142.42,33.47,82.45,235.0
2010-06-17,Tamil Nadu,Tirunelveli,Acute Diarrhoeal Disease,75.43,35.04,81.24,36.0
2010-06-18,Andhra Pradesh,Chittoor,Acute Diarrhoeal Disease,21.82,31.69,68.11,7.0
2010-06-18,Tamil Nadu,Theni,Acute Diarrhoeal Disease,58.57,35.04,79.97,25.0
2010-06-20,Gujarat,Gandhinagar,Acute Diarrhoeal Disease,5.17,37.28,51.7,115.0
2010-06-21,Arunachal Pradesh,East Kameng,Acute Diarrhoeal Disease,300.0,14.3,88.21,15.0
2010-06-21,Maharashtra,Hingoli,Acute Diarrhoeal Disease,58.52,35.04,79.96,17.0
2010-06-22,Arunachal Pradesh,East Kameng,Acute Diarrhoeal Disease,300.0,12.3,88.81,15.0
2010-06-22,Assam,Bongaigaon,Acute Diarrhoeal Disease,189.02,28.43,83.97,18.0
2010-06-22,Gujarat,Surendranagar,Acute Diarrhoeal Disease,0.71,39.59,46.36,76.0
2010-06-22,Puducherry,Puducherry,Cholera,22.55,35.7,67.41,7.0
2010-06-22,Puducherry,Puducherry,Cholera,22.55,35.7,67.41,4.0
2010-06-22,Rajasthan,Jaipur,Acute Diarrhoeal Disease,0.7,45.83,44.48,20.0
2010-06-23,Bihar,Lakhisarai,Malaria,61.44,34.57,80.42,13.0
2010-06-23,Bihar,Lakhisarai,Malaria,61.44,34.57,80.42,121.0
2010-06-23,Odisha,Ganjam,Acute Diarrhoeal Disease,5.0,32.42,57.97,28.0
2010-06-23,Rajasthan,Pali,Acute Diarrhoeal Disease,0.11,45.48,43.97,331.0
2010-06-23,Tamil Nadu,Thiruvarur,Acute Diarrhoeal Disease,26.28,35.54,69.85,15.0
2010-06-24,Gujarat,Navsari,Acute Diarrhoeal Disease,2.33,34.97,49.45,54.0
2010-06-24,Gujarat,Navsari,Cholera,2.33,34.97,49.45,251.0
2010-06-24,Tamil Nadu,Kancheepuram,Acute Diarrhoeal Disease,32.89,35.67,73.26,15.0
2010-06-25,Andhra Pradesh,Kadapa,Acute Diarrhoeal Disease,16.11,34.25,62.94,20.0
2010-06-25,Gujarat,Kheda,Acute Diarrhoeal Disease,1.35,37.44,47.68,23.0
2010-06-26,Gujarat,Bhavnagar,Acute Diarrhoeal Disease,4.48,37.92,50.8,40.0
2010-06-26,Gujarat,Bhavnagar,Acute Diarrhoeal Disease,4.48,37.92,50.8,40.0
2010-06-26,Maharashtra,Jalna,Acute Diarrhoeal Disease,9.49,39.47,55.37,19.0
2010-06-27,Assam,Lakhimpur,Acute Encephalitis Syndrome,159.96,27.37,84.28,6.0
2010-06-27,Tamil Nadu,Thiruvarur,Acute Diarrhoeal Disease,10.45,32.25,58.45,31.0
2010-06-27,West Bengal,Nadia,Cholera,59.43,28.34,82.07,287.0
2010-06-28,Andhra Pradesh,Prakasam,Acute Diarrhoeal Disease,11.33,37.41,57.74,37.0
2010-06-28,Maharashtra,Jalna,Acute Diarrhoeal Disease,9.29,37.55,55.74,10.0
2010-06-28,Maharashtra,Nashik,Malaria,39.03,33.69,76.25,24.0
2010-06-28,Puducherry,Puducherry,Cholera,17.84,35.9,63.86,7.0
2010-06-28,Puducherry,Puducherry,Cholera,17.84,35.9,63.86,6.0
2010-06-28,Telangana,Warangal,Acute Diarrhoeal Disease,21.35,33.98,67.09,10.0
2010-06-28,Telangana,Warangal,Acute Diarrhoeal Disease,21.35,33.98,67.09,10.0
2010-06-28,West Bengal,Howrah,Acute Diarrhoeal Disease,87.88,35.04,81.63,24.0
2010-06-28,West Bengal,Purulia,Acute Diarrhoeal Disease,55.02,33.02,80.11,67.0
2010-07-01,Andhra Pradesh,Kadapa,Acute Diarrhoeal Disease,8.39,35.25,55.55,14.0
2010-07-01,Kerala,Wayanad,Chikungunya,69.67,21.33,85.05,13.0
2010-07-02,Andhra Pradesh,Kadapa,Acute Diarrhoeal Disease,20.7,35.25,66.24,17.0
2010-07-02,Jharkhand,Jamtara,Acute Diarrhoeal Disease,95.52,30.03,83.26,30.0
2010-07-02,Maharashtra,Raigad,Acute Diarrhoeal Disease,58.96,25.43,82.89,12.0
2010-07-02,Rajasthan,Bikaner,Acute Diarrhoeal Disease,0.17,40.49,45.53,245.0
2010-07-02,Tamil Nadu,Pudukkottai,Acute Diarrhoeal Disease,36.26,37.06,74.25,32.0
2010-07-03,Andhra Pradesh,Kadapa,Acute Diarrhoeal Disease,25.19,35.25,69.27,71.0
2010-07-03,Haryana,Karnal,Cholera,14.74,29.11,63.31,10.0
2010-07-03,Haryana,Karnal,Cholera,14.74,29.11,63.31,46.0
2010-07-03,Maharashtra,Ratnagiri,Acute Diarrhoeal Disease,120.08,30.03,83.44,44.0
2010-07-04,Maharashtra,Thane,Acute Diarrhoeal Disease,98.69,31.43,82.88,25.0
2010-07-04,West Bengal,Birbhum,Acute Diarrhoeal Disease,111.88,30.03,83.41,20.0
2010-07-04,West Bengal,Birbhum,Acute Diarrhoeal Disease,111.88,30.03,83.41,37.0
2010-07-05,Tamil Nadu,Thiruvallur,Acute Diarrhoeal Disease,27.98,31.53,72.03,85.0
2010-07-05,Tamil Nadu,Tiruvannamalai,Acute Diarrhoeal Disease,23.11,37.63,67.22,18.0
2010-07-05,Tamil Nadu,Villupuram - Kallakurichi,Acute Diarrhoeal Disease,24.05,35.27,68.54,15.0
2010-07-06,Haryana,Yamunanagar,Acute Diarrhoeal Disease,37.94,29.21,77.22,219.0
2010-07-06,Punjab,Ludhiana,Cholera,21.6,28.26,68.98,4.0
2010-07-06,Tamil Nadu,Theni,Acute Diarrhoeal Disease,26.88,43.52,67.81,28.0
2010-07-08,Maharashtra,Akola,Acute Diarrhoeal Disease,108.03,33.57,82.32,59.0
2010-07-09,Karnataka,Chitradurga,Dengue,51.57,35.61,78.78,212.0
2010-07-09,Madhya Pradesh,Chhindwara,Acute Diarrhoeal Disease,207.05,25.63,84.81,40.0
2010-07-09,Madhya Pradesh,Chhindwara,Acute Diarrhoeal Disease,207.05,25.63,84.81,132.0
2010-07-09,Maharashtra,Parbhani,Acute Diarrhoeal Disease,230.41,30.41,83.38,61.0
2010-07-10,Haryana,Gurgaon,Acute Diarrhoeal Disease,126.74,35.02,81.96,155.0
2010-07-10,Karnataka,Bijapur,Malaria,45.56,29.98,79.23,44.0
2010-07-11,Rajasthan,Baran,Acute Diarrhoeal Disease,31.51,34.36,73.01,78.0
2010-07-11,Rajasthan,Baran,Acute Diarrhoeal Disease,31.51,34.36,73.01,78.0
2010-07-12,Bihar,Munger,Malaria,97.81,37.43,81.07,29.0
2010-07-12,Bihar,Munger,Malaria,97.81,37.43,81.07,54.0
2010-07-12,Haryana,Kurukshetra,Cholera,124.04,29.9,83.49,5.0
2010-07-12,Haryana,Kurukshetra,Cholera,124.04,29.9,83.49,5.0
2010-07-12,Karnataka,Tumkur,Acute Diarrhoeal Disease,37.88,28.22,77.49,50.0
2010-07-12,Maharashtra,Jalna,Acute Diarrhoeal Disease,59.04,32.15,80.89,13.0
2010-07-12,Odisha,Ganjam,Acute Diarrhoeal Disease,5.0,27.78,59.36,11.0
2010-07-12,Odisha,Ganjam,Acute Diarrhoeal Disease,5.0,27.78,59.36,11.0
2010-07-13,Himachal Pradesh,Shimla,Cholera,73.96,24.25,84.41,40.0
2010-07-13,Himachal Pradesh,Shimla,Cholera,73.96,24.25,84.41,40.0
2010-07-13,Himachal Pradesh,Shimla,Cholera,73.96,24.25,84.41,235.0
2010-07-13,Maharashtra,Beed,Acute Diarrhoeal Disease,43.22,30.03,78.62,29.0
2010-07-13,Maharashtra,Beed,Acute Diarrhoeal Disease,43.22,30.03,78.62,29.0
2010-07-13,West Bengal,Birbhum,Acute Diarrhoeal Disease,90.07,31.98,82.59,13.0
2010-07-14,Andhra Pradesh,Prakasam,Acute Diarrhoeal Disease,8.71,30.74,57.22,44.0
2010-07-14,Andhra Pradesh,Prakasam,Acute Diarrhoeal Disease,8.71,30.74,57.22,44.0
2010-07-14,Madhya Pradesh,Guna,Acute Diarrhoeal Disease,24.1,36.38,68.25,63.0
2010-07-14,Madhya Pradesh,Guna,Acute Diarrhoeal Disease,24.1,36.38,68.25,63.0
2010-07-14,Punjab,Jalandhar,Acute Diarrhoeal Disease,101.33,29.81,83.4,202.0
2010-07-14,Punjab,Jalandhar,Acute Diarrhoeal Disease,101.33,29.81,83.4,202.0
2010-07-14,Tamil Nadu,Erode,Acute Diarrhoeal Disease,38.39,29.0,77.44,15.0
2010-07-15,Karnataka,Hassan,Acute Diarrhoeal Disease,25.1,26.45,71.86,15.0
2010-07-15,Karnataka,Tumkur,Acute Diarrhoeal Disease,18.91,28.22,67.0,97.0
2010-07-16,Punjab,S.A.S Nagar,Acute Diarrhoeal Disease,45.47,28.36,79.7,100.0
2010-07-16,Punjab,S.A.S Nagar,Acute Diarrhoeal Disease,45.47,28.36,79.7,100.0
2010-07-16,Rajasthan,Jaipur,Cholera,6.2,37.18,52.79,766.0
2010-07-16,Rajasthan,Jaipur,Cholera,6.2,37.18,52.79,766.0
2010-07-16,Rajasthan,Jaipur,Cholera,6.2,37.18,52.79,984.0
2010-07-16,Rajasthan,Nagaur,Acute Diarrhoeal Disease,2.85,35.79,49.75,48.0
2010-07-16,Telangana,Adilabad,Acute Diarrhoeal Disease,12.08,27.27,61.48,30.0
2010-07-16,Telangana,Adilabad,Acute Diarrhoeal Disease,12.08,27.27,61.48,30.0
2010-07-16,West Bengal,Murshidabad,Acute Diarrhoeal Disease,107.18,27.47,84.15,34.0
2010-07-17,Rajasthan,Pali,Acute Diarrhoeal Disease,8.64,36.82,55.33,109.0
2010-07-17,Rajasthan,Pali,Acute Diarrhoeal Disease,8.64,36.82,55.33,176.0
2010-07-17,Tamil Nadu,Villupuram,Acute Diarrhoeal Disease,21.45,36.32,66.46,10.0
2010-07-18,Maharashtra,Parbhani,Acute Diarrhoeal Disease,33.96,33.28,74.45,31.0
2010-07-18,West Bengal,Paschim Medinipur,Acute Diarrhoeal Disease,53.32,30.7,80.55,5.0
2010-07-19,Haryana,Gurgaon,Dengue,12.26,37.27,58.64,586.0
2010-07-19,Maharashtra,Parbhani,Acute Diarrhoeal Disease,36.79,32.24,75.89,39.0
2010-07-19,West Bengal,Hooghly,Acute Diarrhoeal Disease,41.12,28.29,78.54,65.0
2010-07-20,Punjab,Barnala,Acute Diarrhoeal Disease,21.6,31.81,67.92,276.0
2010-07-20,Rajasthan,Karauli,Acute Diarrhoeal Disease,34.38,40.74,72.38,52.0
2010-07-21,Haryana,Narnaul,Acute Diarrhoeal Disease,26.08,38.77,68.76,220.0
2010-07-21,Haryana,Narnaul,Acute Diarrhoeal Disease,26.08,38.77,68.76,245.0
2010-07-21,Madhya Pradesh,Sagar,Acute Diarrhoeal Disease,56.71,37.81,78.9,45.0
2010-07-21,Odisha,Gajapati,Dengue,60.65,25.4,83.09,85.0
2010-07-22,Gujarat,Vadodara,Acute Diarrhoeal Disease,49.23,34.57,78.66,41.0
2010-07-22,Tamil Nadu,Virudhunagar,Acute Diarrhoeal Disease,45.09,30.03,79.11,12.0
2010-07-22,Uttar Pradesh,Ghaziabad,Acute Diarrhoeal Disease,162.49,37.23,81.33,13.0
2010-07-22,Uttar Pradesh,Ghazipur,Acute Diarrhoeal Disease,49.52,30.03,80.08,7.0
2010-07-22,Uttarakhand,Pratap Nagar,Acute Diarrhoeal Disease,300.0,27.14,84.36,25.0
2010-07-23,Gujarat,Panchmahal,Acute Encephalitis Syndrome,48.08,34.44,78.46,6.0
2010-07-23,Karnataka,Koppal,Acute Diarrhoeal Disease,65.11,30.03,82.11,11.0
2010-07-23,Madhya Pradesh,Betul,Acute Diarrhoeal Disease,48.74,27.75,80.61,256.0
2010-07-23,West Bengal,Purulia,Acute Diarrhoeal Disease,18.43,32.57,65.33,10.0
2010-07-24,Madhya Pradesh,Narsinghpur,Acute Diarrhoeal Disease,34.28,31.65,75.07,32.0
2010-07-24,Maharashtra,Jalna,Acute Diarrhoeal Disease,31.42,30.03,74.26,35.0
2010-07-24,Tamil Nadu,Tiruvannamalai,Dengue,33.18,29.95,75.1,9.0
2010-07-25,Madhya Pradesh,Panna,Acute Diarrhoeal Disease,74.66,31.27,82.33,21.0
2010-07-25,Tamil Nadu,Dindigul,Dengue,34.86,31.75,75.28,9.0
2010-07-26,Andhra Pradesh,Kadapa,Acute Diarrhoeal Disease,41.13,30.03,78.02,37.0
2010-07-26,Andhra Pradesh,Kadapa,Acute Diarrhoeal Disease,41.13,30.03,78.02,53.0
2010-07-26,Andhra Pradesh,Prakasam,Acute Diarrhoeal Disease,61.78,30.03,81.81,30.0
2010-07-27,Chhattisgarh,Surguja,Acute Diarrhoeal Disease,89.3,30.03,83.16,32.0
2010-07-27,Tamil Nadu,Namakkal,Dengue,7.0,34.04,54.53,21.0
2010-07-27,Uttar Pradesh,Farrukhabad,Acute Diarrhoeal Disease,84.45,30.13,83.02,12.0
2010-07-27,Uttar Pradesh,Varanasi,Acute Diarrhoeal Disease,92.19,30.03,83.21,17.0
2010-07-27,Uttar Pradesh,Varanasi,Acute Diarrhoeal Disease,92.19,30.03,83.21,17.0
2010-07-28,Andhra Pradesh,Chittoor,Acute Diarrhoeal Disease,2.66,28.23,51.81,9.0
2010-07-28,Gujarat,Anand,Acute Diarrhoeal Disease,96.64,30.03,83.28,12.0
2010-07-28,Gujarat,Gandhinagar,Acute Diarrhoeal Disease,215.25,30.03,83.49,12.0
2010-07-28,Haryana,Karnal,Malaria,66.93,27.91,82.89,142.0
2010-07-28,Madhya Pradesh,Bhopal,Acute Diarrhoeal Disease,141.43,30.03,83.48,29.0
2010-07-28,Madhya Pradesh,Narsinghpur,Acute Diarrhoeal Disease,85.89,30.03,83.09,96.0
2010-07-28,Madhya Pradesh,Seoni,Acute Diarrhoeal Disease,160.0,30.03,83.49,35.0
2010-07-28,Rajasthan,Udaipur,Cholera,54.82,30.14,80.94,25.0
2010-07-28,Tamil Nadu,Tiruvannamalai,Dengue,1.03,33.47,48.54,20.0
2010-07-28,Tamil Nadu,Vellore,Chikungunya,7.4,29.03,56.44,8.0
2010-07-28,Telangana,Medak,Acute Diarrhoeal Disease,89.67,30.03,83.17,31.0
2010-07-28,Telangana,Medak,Acute Diarrhoeal Disease,89.67,30.03,83.17,31.0
2010-07-28,Telangana,Warangal,Acute Diarrhoeal Disease,118.2,30.03,83.43,30.0
2010-07-28,Uttar Pradesh,Allahabad,Acute Diarrhoeal Disease,97.23,30.03,83.29,8.0
2010-07-28,West Bengal,Burdwan,Acute Diarrhoeal Disease,50.89,30.03,80.34,97.0
2010-08-01,Karnataka,Hassan,Dengue,63.3,26.05,83.15,17.0
2010-08-01,Madhya Pradesh,Vidisha,Acute Diarrhoeal Disease,146.9,27.61,84.21,114.0
2010-08-01,Maharashtra,Parbhani,Acute Diarrhoeal Disease,97.13,28.11,83.86,33.0
2010-08-01,Uttar Pradesh,Bareilly,Acute Diarrhoeal Disease,136.34,28.11,84.05,19.0
2010-08-01,West Bengal,Chapra,Acute Diarrhoeal Disease,57.41,26.97,82.24,24.0
2010-08-01,West Bengal,Hooghly,Acute Diarrhoeal Disease,63.76,26.25,83.13,11.0
2010-08-02,Andhra Pradesh,Vizianagaram,Acute Diarrhoeal Disease,83.99,29.89,83.08,25.0
2010-08-02,Arunachal Pradesh,Lower Subansiri,Malaria,101.89,13.23,88.38,24.0
2010-08-02,Karnataka,Belgaum,Acute Diarrhoeal Disease,147.48,23.59,85.41,43.0
2010-08-02,Karnataka,Gulbarga,Dengue,100.81,28.11,83.9,31.0
2010-08-02,Madhya Pradesh,Raisen,Acute Diarrhoeal Disease,87.91,28.11,83.71,28.0
2010-08-02,Tamil Nadu,Villupuram,Acute Diarrhoeal Disease,3.25,33.49,50.85,14.0
2010-08-03,Madhya Pradesh,Betul,Acute Diarrhoeal Disease,183.33,23.67,85.4,98.0
2010-08-03,Madhya Pradesh,Morena,Acute Diarrhoeal Disease,62.74,29.23,82.14,26.0
2010-08-03,Rajasthan,Bhilwara,Acute Diarrhoeal Disease,80.81,28.11,83.52,45.0
2010-08-04,Kerala,Malappuram,Malaria,96.93,27.05,84.18,9.0
2010-08-04,Madhya Pradesh,Hoshangabad,Malaria,265.65,26.03,84.69,108.0
2010-08-04,Madhya Pradesh,Khandwa,Acute Diarrhoeal Disease,238.87,28.11,84.07,38.0
2010-08-05,Madhya Pradesh,Dhar,Acute Diarrhoeal Disease,125.84,27.59,84.19,43.0
2010-08-05,Rajasthan,Ajmer,Acute Diarrhoeal Disease,89.17,26.55,84.2,48.0
2010-08-06,Gujarat,Kutch,Chikungunya,83.0,21.29,85.64,175.0
2010-08-06,Gujarat,Kutch,Chikungunya,83.0,21.29,85.64,349.0
2010-08-06,Odisha,Rayagada,Cholera,177.9,28.11,84.07,784.0
2010-08-08,West Bengal,Jalpaiguri,Acute Diarrhoeal Disease,65.25,24.87,83.67,66.0
2010-08-09,Haryana,Jind,Acute Diarrhoeal Disease,27.78,29.9,72.41,120.0
2010-08-09,Rajasthan,Tonk,Acute Diarrhoeal Disease,35.66,30.79,75.89,55.0
2010-08-10,Punjab,Gurdaspur,Acute Diarrhoeal Disease,116.15,36.08,81.61,3.0
2010-08-10,Tamil Nadu,Thiruvarur,Dengue,14.89,37.87,60.81,22.0
2010-08-10,Tamil Nadu,Villupuram,Dengue,24.32,33.22,69.34,158.0
2010-08-10,West Bengal,Jalpaiguri,Acute Diarrhoeal Disease,48.78,25.32,81.35,34.0
2010-08-11,Telangana,Warangal,Acute Diarrhoeal Disease,75.01,32.64,81.94,50.0
2010-08-13,Assam,Dibrugarh,Acute Diarrhoeal Disease,48.53,26.99,80.79,12.0
2010-08-13,Gujarat,Vadodara,Dengue,154.8,14.63,88.1,35.0
2010-08-14,Assam,Kamrup,Acute Diarrhoeal Disease,49.33,29.29,80.26,70.0
2010-08-14,Tamil Nadu,Pudukkottai,Chikungunya,21.43,37.6,66.06,41.0
2010-08-15,Gujarat,Surat,Acute Diarrhoeal Disease,57.44,18.57,84.77,24.0
2010-08-15,Rajasthan,Jaipur,Acute Diarrhoeal Disease,43.62,32.79,77.9,190.0
2010-08-16,Gujarat,Tapi (Surat),Acute Diarrhoeal Disease,34.18,26.16,76.67,10.0
2010-08-16,Haryana,Yamunanagar,Acute Diarrhoeal Disease,61.88,29.12,82.1,90.0
2010-08-16,Jammu and Kashmir,Budgam,Cholera,70.72,20.61,85.33,2229.0
2010-08-16,Uttar Pradesh,Hardoi,Acute Diarrhoeal Disease,76.03,33.25,81.8,10.0
2010-08-17,Madhya Pradesh,Shivpuri,Acute Diarrhoeal Disease,78.11,26.26,83.98,8.0
2010-08-17,Punjab,Jalandhar,Acute Diarrhoeal Disease,85.19,25.16,84.53,14.0
2010-08-17,Punjab,Jalandhar,Cholera,85.19,25.16,84.53,167.0
2010-08-18,Punjab,Fatehgarh Sahib,Acute Diarrhoeal Disease,61.51,28.47,82.25,50.0
2010-08-18,Rajasthan,Bhilwara,Acute Diarrhoeal Disease,87.26,30.87,82.87,84.0
2010-08-18,Rajasthan,Udaipur,Cholera,134.95,28.66,83.88,90.0
2010-08-18,Telangana,Adilabad,Acute Diarrhoeal Disease,72.84,28.11,83.19,17.0
2010-08-19,Karnataka,Kodagu,Chikungunya,230.16,23.25,85.52,22.0
2010-08-19,Odisha,Koraput,Acute Diarrhoeal Disease,55.6,27.71,81.78,10.0
2010-08-19,West Bengal,Murshidabad,Acute Diarrhoeal Disease,65.16,24.95,83.64,18.0
2010-08-19,West Bengal,Murshidabad,Acute Diarrhoeal Disease,65.16,24.95,83.64,88.0
2010-08-20,Gujarat,Ahmedabad,Cholera,19.3,30.27,66.69,4.0
2010-08-20,Telangana,Warangal,Acute Diarrhoeal Disease,91.76,29.05,83.5,25.0
2010-08-21,Gujarat,Junagarh,Acute Diarrhoeal Disease,32.29,30.17,74.63,42.0
2010-08-21,Rajasthan,Bikaner,Malaria,36.64,40.22,73.44,587.0
2010-08-22,Jammu and Kashmir,Doda,Acute Diarrhoeal Disease,60.39,17.76,85.35,1388.0
2010-08-22,Uttar Pradesh,Gonda,Acute Diarrhoeal Disease,120.6,28.11,84.02,21.0
2010-08-23,Madhya Pradesh,Shahdol,Acute Diarrhoeal Disease,77.68,28.11,83.41,9.0
2010-08-24,Himachal Pradesh,Shimla,Acute Diarrhoeal Disease,134.26,10.0,89.48,37.0
2010-08-24,Karnataka,Uttara Kannada,Acute Diarrhoeal Disease,121.14,24.91,84.98,10.0
2010-08-24,West Bengal,Birbhum,Acute Diarrhoeal Disease,52.9,28.11,81.26,32.0
2010-08-25,Gujarat,Anand,Acute Diarrhoeal Disease,24.43,29.65,70.47,74.0
2010-08-25,Karnataka,Dharwad,Acute Diarrhoeal Disease,73.09,28.87,82.98,26.0
2010-08-25,Uttar Pradesh,Pratapgarh,Acute Diarrhoeal Disease,132.95,28.11,84.04,9.0
2010-08-25,West Bengal,Nadia,Chikungunya,35.23,27.07,76.83,800.0
2010-08-25,West Bengal,Nadia,Chikungunya,35.23,27.07,76.83,931.0
2010-08-25,West Bengal,Nadia,Chikungunya,35.23,27.07,76.83,993.0
2010-08-26,Karnataka,Belgaum,Acute Diarrhoeal Disease,91.15,28.11,83.77,10.0
2010-08-26,Punjab,Ludhiana,Acute Diarrhoeal Disease,80.24,23.2,84.98,94.0
2010-08-26,Rajasthan,Dholpur,Malaria,65.12,14.78,86.69,79.0
2010-08-26,Tamil Nadu,Cuddalore,Acute Diarrhoeal Disease,200.33,28.11,84.07,51.0
2010-08-26,Uttar Pradesh,Bareilly,Acute Diarrhoeal Disease,144.12,28.11,84.05,50.0
2010-08-26,Uttar Pradesh,Unnao,Acute Diarrhoeal Disease,168.5,29.09,83.77,63.0
2010-08-27,Madhya Pradesh,Shivpuri,Acute Diarrhoeal Disease,45.88,28.11,79.87,52.0
2010-08-27,Uttar Pradesh,Ghaziabad,Acute Diarrhoeal Disease,85.59,28.59,83.51,18.0
2010-08-28,Bihar,Patna,Acute Diarrhoeal Disease,125.72,26.52,84.51,15.0
2010-08-28,Karnataka,Belgaum,Chikungunya,61.6,21.47,84.36,25.0
2010-08-28,Karnataka,Bidar,Acute Diarrhoeal Disease,92.86,28.31,83.74,12.0
2010-08-28,Madhya Pradesh,Rajgarh,Acute Diarrhoeal Disease,94.21,28.21,83.79,216.0
2010-08-28,Rajasthan,Bikaner,Malaria,0.9,40.29,46.36,296.0
2010-08-28,Uttarakhand,Nainital,Dengue,153.3,14.19,88.24,3.0
2010-08-28,West Bengal,Paschim Medinipur,Dengue,43.67,30.53,78.59,7.0
2010-08-28,West Bengal,Paschim Medinipur,Dengue,43.67,30.53,78.59,7.0
2010-09-01,Karnataka,Chitradurga,Acute Diarrhoeal Disease,26.21,28.69,71.86,18.0
2010-09-01,Madhya Pradesh,Guna,Malaria,60.77,27.66,82.42,97.0
2010-09-01,Uttar Pradesh,Gonda,Acute Diarrhoeal Disease,48.43,28.88,80.21,12.0
2010-09-01,West Bengal,Nadia,Dengue,26.64,28.71,72.11,102.0
2010-09-01,West Bengal,Nadia,Dengue,26.64,28.71,72.11,131.0
2010-09-03,Karnataka,Gulbarga,Acute Diarrhoeal Disease,59.7,28.39,82.09,51.0
2010-09-03,Madhya Pradesh,Panna,Acute Diarrhoeal Disease,81.29,28.56,83.4,20.0
2010-09-04,Chandigarh,Chandigarh,Dengue,60.43,28.36,82.18,25.0
2010-09-04,Chandigarh,Chandigarh,Dengue,60.43,28.36,82.18,8.0
2010-09-04,Chandigarh,Chandigarh,Dengue,60.43,28.36,82.18,10.0
2010-09-04,Chandigarh,Chandigarh,Dengue,60.43,28.36,82.18,12.0
2010-09-04,Chandigarh,Chandigarh,Dengue,60.43,28.36,82.18,24.0
2010-09-04,Chandigarh,Chandigarh,Dengue,60.43,28.36,82.18,24.0
2010-09-04,Gujarat,Navsari,Acute Diarrhoeal Disease,169.38,18.79,86.86,75.0
2010-09-04,Gujarat,Navsari,Acute Diarrhoeal Disease,169.38,18.79,86.86,89.0
2010-09-06,Karnataka,Belgaum,Cholera,49.2,24.93,81.55,19.0
2010-09-06,Telangana,Warangal,Acute Diarrhoeal Disease,165.7,25.81,84.75,51.0
2010-09-07,Kerala,Wayanad,Acute Diarrhoeal Disease,25.23,24.49,72.52,13.0
2010-09-07,West Bengal,Birbhum,Acute Diarrhoeal Disease,34.75,28.41,76.24,33.0
2010-09-08,Rajasthan,Dholpur,Dengue,90.65,29.43,83.37,3.0
2010-09-08,Rajasthan,Dholpur,Dengue,90.65,29.43,83.37,12.0
2010-09-08,Rajasthan,Udaipur,Malaria,61.2,28.01,82.36,21.0
2010-09-09,Maharashtra,Ratnagiri,Acute Diarrhoeal Disease,205.8,26.05,84.68,7.0
2010-09-09,Tamil Nadu,Salem,Dengue,17.23,28.35,65.63,18.0
2010-09-10,Assam,Dibrugarh,Cholera,113.21,21.79,85.88,10.0
2010-09-10,Gujarat,Junagadh,Acute Diarrhoeal Disease,66.34,28.69,82.61,15.0
2010-09-11,Madhya Pradesh,Rewa,Acute Diarrhoeal Disease,44.25,29.09,79.18,39.0
2010-09-11,Maharashtra,Thane,Acute Diarrhoeal Disease,116.59,23.83,85.29,41.0
2010-09-11,Rajasthan,Barmer,Malaria,80.42,37.5,80.69,63.0
2010-09-11,Uttar Pradesh,Pratapgarh,Acute Diarrhoeal Disease,35.08,28.26,76.42,40.0
2010-09-11,West Bengal,South 24 Parganas,Acute Diarrhoeal Disease,58.77,26.09,82.67,78.0
2010-09-12,Andhra Pradesh,Vizianagaram,Acute Diarrhoeal Disease,48.71,28.17,80.48,27.0
2010-09-12,Gujarat,Surat,Acute Diarrhoeal Disease,120.7,25.05,84.93,20.0
2010-09-12,Maharashtra,Dhule,Acute Diarrhoeal Disease,74.99,28.93,83.05,20.0
2010-09-12,Uttar Pradesh,Budaun,Dengue,96.23,26.59,84.31,7.0
2010-09-13,Bihar,Munger,Dengue,81.13,14.82,87.52,72.0
2010-09-13,Tamil Nadu,Salem,Chikungunya,42.01,35.09,76.76,35.0
2010-09-13,Uttarakhand,Dehradun,Dengue,260.44,10.27,89.42,19.0
2010-09-13,Uttarakhand,Nainital,Dengue,81.91,25.36,84.38,508.0
2010-09-13,Uttarakhand,Nainital,Dengue,81.91,25.36,84.38,135.0
2010-09-14,Andhra Pradesh,Vizianagaram,Acute Diarrhoeal Disease,37.95,23.47,78.95,11.0
2010-09-14,Assam,Sonitpur,Acute Diarrhoeal Disease,92.43,26.27,84.35,232.0
2010-09-14,Haryana,Karnal,Acute Diarrhoeal Disease,259.48,25.85,84.74,39.0
2010-09-14,Haryana,Karnal,Acute Diarrhoeal Disease,259.48,25.85,84.74,179.0
2010-09-14,Haryana,Karnal,Acute Diarrhoeal Disease,259.48,25.85,84.74,242.0
2010-09-14,Madhya Pradesh,Vidisha,Acute Diarrhoeal Disease,24.21,24.7,71.81,9.0
2010-09-15,Karnataka,Koppal,Acute Diarrhoeal Disease,10.7,28.28,59.88,10.0
2010-09-15,Tamil Nadu,Coimbatore (Tiruppur),Acute Diarrhoeal Disease,22.6,40.58,65.99,34.0
2010-09-15,Tamil Nadu,Tiruvannamalai,Chikungunya,51.71,37.73,78.17,25.0
2010-09-16,West Bengal,North 24 Parganas,Chikungunya,74.0,28.35,83.18,2926.0
2010-09-17,Bihar,Araria,Acute Diarrhoeal Disease,112.09,27.67,84.12,18.0
2010-09-17,Rajasthan,Jaisalmer,Malaria,47.76,36.66,77.73,620.0
2010-09-17,Rajasthan,Jaisalmer,Malaria,47.76,36.66,77.73,951.0
2010-09-17,Tamil Nadu,Ramanathapuram,Chikungunya,5.0,39.44,55.86,18.0
2010-09-17,West Bengal,Nadia,Acute Diarrhoeal Disease,116.36,23.23,85.47,104.0
2010-09-17,West Bengal,North 24 Parganas,Acute Diarrhoeal Disease,81.86,28.35,83.48,84.0
2010-09-17,West Bengal,North 24 Parganas,Acute Diarrhoeal Disease,81.86,28.35,83.48,101.0
2010-09-18,West Bengal,Jalpaiguri,Acute Diarrhoeal Disease,204.56,16.54,87.54,33.0
2010-09-18,West Bengal,Jalpaiguri,Acute Diarrhoeal Disease,204.56,16.54,87.54,41.0
2010-09-18,West Bengal,Jalpaiguri,Acute Diarrhoeal Disease,204.56,16.54,87.54,46.0
2010-09-19,Gujarat,Rajkot,Acute Diarrhoeal Disease,13.54,28.96,62.3,218.0
2010-09-21,Assam,Kamrup,Acute Diarrhoeal Disease,236.34,27.45,84.26,21.0
2010-09-21,Madhya Pradesh,Indore,Cholera,15.73,27.0,64.79,2.0
2010-09-21,West Bengal,Nadia,Dengue,105.29,27.19,84.22,24.0
2010-09-22,Assam,Dibrugarh,Dengue,87.88,24.43,84.81,3.0
2010-09-22,Assam,Lakhimpur,Acute Diarrhoeal Disease,101.09,27.91,83.96,10.0
2010-09-22,Assam,Sibsagar,Acute Diarrhoeal Disease,152.71,26.33,84.59,180.0
2010-09-24,Andhra Pradesh,Nellore,Acute Diarrhoeal Disease,9.59,30.79,58.06,27.0
2010-09-24,Gujarat,Bharuch,Cholera,8.24,27.63,57.69,2.0
2010-09-24,West Bengal,Hooghly,Acute Diarrhoeal Disease,77.5,25.68,84.13,27.0
2010-09-24,West Bengal,Hooghly,Acute Diarrhoeal Disease,77.5,25.68,84.13,32.0
2010-09-26,Gujarat,Kheda,Acute Diarrhoeal Disease,2.04,30.47,50.5,8.0
2010-09-26,Gujarat,Sabarkantha,Chikungunya,0.81,29.12,49.62,11.0
2010-09-27,Assam,Sonitpur,Acute Diarrhoeal Disease,74.74,27.2,83.56,20.0
2010-09-28,Karnataka,Dharwad,Acute Diarrhoeal Disease,71.94,32.63,81.79,15.0
2010-09-28,Maharashtra,Solapur,Malaria,41.42,30.78,77.88,21.0
2010-09-28,Uttar Pradesh,Ghaziabad,Acute Diarrhoeal Disease,3.18,28.23,52.36,11.0
2010-10-01,Gujarat,Rajkot,Acute Diarrhoeal Disease,24.95,34.21,69.44,42.0
2010-10-03,Assam,Sonitpur,Cholera,17.79,26.81,66.55,180.0
2010-10-03,Assam,Sonitpur,Cholera,17.79,26.81,66.55,887.0
2010-10-03,Uttar Pradesh,Bareilly,Acute Diarrhoeal Disease,0.37,30.19,48.83,15.0
2010-10-04,Chandigarh,Chandigarh,Dengue,0.52,29.52,49.19,25.0
2010-10-04,Madhya Pradesh,Khargone,Malaria,4.17,31.88,52.29,50.0
2010-10-04,West Bengal,Bankura,Acute Diarrhoeal Disease,4.13,30.33,52.71,10.0
2010-10-05,Madhya Pradesh,Khargone,Malaria,3.41,33.23,51.1,55.0
2010-10-05,Tamil Nadu,Cuddalore,Acute Diarrhoeal Disease,60.61,31.2,81.34,14.0
2010-10-05,Telangana,Medak,Acute Diarrhoeal Disease,22.01,27.92,69.37,10.0
2010-10-07,Andhra Pradesh,Visakhapatnam,Acute Diarrhoeal Disease,70.03,29.04,82.76,27.0
2010-10-07,Maharashtra,Raigad,Acute Diarrhoeal Disease,72.35,27.65,83.3,12.0
2010-10-08,Gujarat,Junagadh,Acute Diarrhoeal Disease,0.01,34.61,47.13,60.0
2010-10-08,Karnataka,Tumkur,Acute Diarrhoeal Disease,56.91,28.26,81.79,50.0
2010-10-08,West Bengal,Jalpaiguri,Acute Diarrhoeal Disease,20.56,26.14,68.87,48.0
2010-10-09,Madhya Pradesh,Khandwa,Malaria,0.64,35.44,47.54,22.0
2010-10-09,Madhya Pradesh,Khandwa,Malaria,0.64,35.44,47.54,30.0
2010-10-09,Maharashtra,Dhule,Malaria,2.1,34.99,49.21,53.0
2010-10-12,Gujarat,Junagadh,Acute Diarrhoeal Disease,4.32,33.21,52.05,142.0
2010-10-13,Dadra and Nagar Haveli,Dadra and Nagar Haveli,Dengue,7.39,27.94,56.76,4.0
2010-10-14,Gujarat,Amreli,Acute Diarrhoeal Disease,19.71,29.66,67.18,12.0
2010-10-14,Tamil Nadu,Tiruvannamalai,Chikungunya,18.39,30.26,65.99,19.0
2010-10-15,Gujarat,Narmada,Cholera,9.83,33.63,57.44,39.0
2010-10-17,Karnataka,Ballari,Malaria,5.69,28.59,54.84,631.0
2010-10-17,Karnataka,Bangalore,Acute Diarrhoeal Disease,14.79,26.69,64.08,16.0
2010-10-18,Jharkhand,East Singhbhum,Dengue,32.92,30.12,74.93,35.0
2010-10-18,Maharashtra,Nashik,Acute Diarrhoeal Disease,29.95,28.28,74.06,76.0
2010-10-21,Andhra Pradesh,Visakhapatnam,Acute Diarrhoeal Disease,95.61,27.52,84.02,56.0
2010-10-21,West Bengal,Nadia,Chikungunya/ Dengue,22.77,28.15,69.83,301.0
2010-10-22,Assam,Sibsagar,Cholera,30.43,27.4,74.57,13.0
2010-10-22,Assam,Sibsagar,Cholera,30.43,27.4,74.57,32.0
2010-10-22,Gujarat,Rajkot,Acute Diarrhoeal Disease,0.49,36.05,47.2,52.0
2010-10-22,Maharashtra,Thane,Acute Diarrhoeal Disease,81.09,26.0,84.16,38.0
2010-10-22,Tamil Nadu,Tiruvannamalai,Acute Diarrhoeal Disease,16.19,31.76,63.75,35.0
2010-10-24,West Bengal,Hooghly,Acute Diarrhoeal Disease,18.25,29.44,66.13,100.0
2010-10-24,West Bengal,Jalpaiguri,Acute Diarrhoeal Disease,6.55,28.01,55.89,22.0
2010-10-24,West Bengal,Jalpaiguri,Cholera,6.55,28.01,55.89,24.0
2010-10-25,Maharashtra,Beed,Chikungunya,43.51,29.41,78.88,168.0
2010-10-25,Tamil Nadu,Villupuram,Dengue,17.46,33.32,64.32,68.0
2010-10-25,Telangana,Warangal,Acute Diarrhoeal Disease,68.41,27.92,82.99,13.0
2010-10-26,Andhra Pradesh,Prakasam,Acute Diarrhoeal Disease,28.82,28.33,73.45,22.0
2010-10-26,Assam,Sonitpur,Dengue,15.32,27.03,64.43,9.0
2010-10-28,Karnataka,Kolar,Acute Diarrhoeal Disease,20.63,30.24,67.69,50.0
2010-10-28,Madhya Pradesh,Bhind,Chikungunya,0.4,32.24,48.25,100.0
2010-10-28,Madhya Pradesh,Bhind,Chikungunya,0.4,32.24,48.25,100.0
2010-10-28,Maharashtra,Thane,Acute Diarrhoeal Disease,16.8,27.55,65.52,42.0
2010-10-28,Tamil Nadu,Cuddalore,Acute Diarrhoeal Disease,43.91,31.52,78.36,37.0
2010-10-28,Tamil Nadu,Sivaganga,Dengue,61.67,35.48,80.17,30.0
2010-10-28,West Bengal,North 24 Parganas,Dengue,1.07,28.3,50.13,279.0
2010-11-01,Bihar,Munger,Malaria,0.02,30.94,48.24,56.0
2010-11-01,Rajasthan,Bikaner,Chikungunya,0.34,37.89,46.49,3131.0
2010-11-02,Andhra Pradesh,Visakhapatnam,Acute Diarrhoeal Disease,269.42,26.38,84.59,20.0
2010-11-04,Jharkhand,East Singhbhum,Dengue,8.77,28.79,57.86,22.0
2010-11-04,Jharkhand,East Singhbhum,Dengue,8.77,28.79,57.86,24.0
2010-11-04,Puducherry,Puducherry,Cholera,54.54,27.57,81.67,5.0
2010-11-05,Maharashtra,Kolhapur,Acute Diarrhoeal Disease,17.2,30.17,65.06,35.0
2010-11-06,Andhra Pradesh,Vizianagaram,Acute Diarrhoeal Disease,238.47,27.18,84.35,54.0
2010-11-07,Assam,Dibrugarh,Acute Diarrhoeal Disease,1.78,28.04,50.96,166.0
2010-11-07,Bihar,Araria,Acute Encephalitis Syndrome,1.41,29.02,50.27,4.0
2010-11-07,Gujarat,Amreli,Acute Diarrhoeal Disease,0.01,34.49,47.16,35.0
2010-11-08,Maharashtra,Dhule,Malaria,0.92,33.07,48.54,13.0
2010-11-09,Karnataka,Chikkaballapur,Acute Diarrhoeal Disease,66.27,28.91,82.54,11.0
2010-11-09,Rajasthan,Dholpur,Dengue,0.01,32.15,47.87,5.0
2010-11-10,Madhya Pradesh,Khargone,Acute Diarrhoeal Disease,1.32,31.89,49.32,8.0
2010-11-11,Madhya Pradesh,Morena,Chikungunya,1.27,30.22,49.77,117.0
2010-11-11,Madhya Pradesh,Morena,Chikungunya,1.27,30.22,49.77,117.0
2010-11-12,Karnataka,Mandya,Acute Diarrhoeal Disease,67.68,24.84,83.86,35.0
2010-11-13,Andhra Pradesh,Chittoor,Acute Diarrhoeal Disease,98.32,25.72,84.59,12.0
2010-11-15,Andhra Pradesh,Chittoor,Acute Diarrhoeal Disease,30.35,26.27,74.87,12.0
2010-11-15,Jharkhand,Dumka,Malaria,2.86,29.84,51.54,746.0
2010-11-15,Jharkhand,Dumka,Malaria,2.86,29.84,51.54,746.0
2010-11-17,Maharashtra,Ratnagiri,Dengue/Chikungunya,35.68,27.19,76.98,24.0
2010-11-17,West Bengal,Birbhum,Acute Diarrhoeal Disease,4.56,30.02,53.25,23.0
2010-11-17,West Bengal,Birbhum,Acute Diarrhoeal Disease,4.56,30.02,53.25,23.0
2010-11-18,Karnataka,Tumkur,Acute Diarrhoeal Disease,28.4,26.74,73.71,14.0
2010-11-19,Tamil Nadu,Villupuram,Acute Diarrhoeal Disease,84.96,28.49,83.53,10.0
2010-11-19,Tamil Nadu,Villupuram,Acute Diarrhoeal Disease,84.96,28.49,83.53,10.0
2010-11-20,Andhra Pradesh,Nellore,Acute Diarrhoeal Disease,67.83,26.07,83.5,38.0
2010-11-20,Assam,Jorhat,Acute Diarrhoeal Disease,7.38,25.48,57.48,7.0
2010-11-20,Karnataka,Chikkaballapur,Acute Diarrhoeal Disease,34.14,24.8,77.07,10.0
2010-11-20,Karnataka,Kolar,Acute Diarrhoeal Disease,58.35,24.4,83.13,13.0
2010-11-21,West Bengal,Bankura,Dengue,2.64,29.71,51.35,6.0
2010-11-21,West Bengal,Bankura,Dengue,2.64,29.71,51.35,6.0
2010-11-21,West Bengal,Murshidabad,Acute Diarrhoeal Disease,5.7,29.35,54.62,36.0
2010-11-21,West Bengal,Murshidabad,Acute Diarrhoeal Disease,5.7,29.35,54.62,36.0
2010-11-22,Madhya Pradesh,Bhind,Chikungunya,28.47,23.83,74.62,50.0
2010-11-22,Madhya Pradesh,Khargone,Malaria,7.0,28.27,56.27,114.0
2010-11-22,Madhya Pradesh,Khargone,Malaria,7.0,28.27,56.27,120.0
2010-11-22,West Bengal,Bankura,Acute Diarrhoeal Disease,2.7,29.37,51.51,42.0
2010-11-22,West Bengal,Bankura,Acute Diarrhoeal Disease,2.7,29.37,51.51,46.0
2010-11-23,Assam,Sibsagar,Acute Diarrhoeal Disease,30.82,22.91,76.11,17.0
2010-11-23,Rajasthan,Bikaner,Chikungunya,1.68,34.68,48.86,8.0
2010-11-25,Assam,Nagaon,Acute Diarrhoeal Disease,12.6,23.87,62.97,18.0
2010-11-26,West Bengal,Bankura,Acute Diarrhoeal Disease,0.89,28.68,49.83,23.0
2010-11-28,Assam,Jorhat,Cholera,1.6,24.06,51.96,10.0
2010-11-28,Gujarat,Junagadh,Acute Diarrhoeal Disease,11.55,28.85,60.51,26.0
2010-11-28,Gujarat,Surendranagar,Acute Diarrhoeal Disease,36.41,27.54,77.16,68.0
2010-11-28,Madhya Pradesh,Bhind,Chikungunya,17.69,24.31,67.21,70.0
2010-11-28,Tamil Nadu,Dindigul,Acute Diarrhoeal Disease,133.63,26.53,84.52,22.0
2010-12-01,Madhya Pradesh,Mandla,Malaria,1.17,29.04,50.02,163.0
2010-12-01,Tamil Nadu,Thanjavur,Acute Diarrhoeal Disease,191.13,27.21,84.34,4.0
2010-12-02,Tamil Nadu,Cuddalore,Acute Diarrhoeal Disease,147.94,24.11,85.26,11.0
2010-12-03,Madhya Pradesh,Dhar,Chikungunya,2.39,29.71,51.09,35.0
2010-12-06,Karnataka,Hassan,Acute Diarrhoeal Disease,2.93,23.23,53.6,45.0
2010-12-06,Madhya Pradesh,Bhind,Chikungunya,0.01,23.61,50.43,36.0
2010-12-06,Tamil Nadu,Villupuram,Acute Diarrhoeal Disease,167.05,23.95,85.31,18.0
2010-12-07,West Bengal,Burdwan,Acute Diarrhoeal Disease,16.42,26.69,65.46,61.0
2010-12-10,Tamil Nadu,Thiruvarur,Acute Diarrhoeal Disease,112.89,26.61,84.44,54.0
2010-12-11,Karnataka,Gulbarga,Acute Diarrhoeal Disease,2.49,26.35,52.21,19.0
2010-12-11,Karnataka,Kodagu,Cholera,3.37,24.1,53.79,5.0
2010-12-13,Gujarat,Ahmedabad,Acute Diarrhoeal Disease,0.01,28.15,49.06,240.0
2010-12-13,Madhya Pradesh,Satna,Chikungunya,3.71,25.21,53.82,13.0
2010-12-13,Tamil Nadu,Villupuram,Acute Diarrhoeal Disease,5.21,26.43,55.0,10.0
2010-12-14,Gujarat,Junagadh,Acute Diarrhoeal Disease,0.01,27.99,49.11,26.0
2010-12-14,Gujarat,Junagadh,Acute Diarrhoeal Disease,0.01,27.99,49.11,97.0
2010-12-18,Tripura,South Tripura,Malaria,0.01,22.29,50.82,29.0
2010-12-18,West Bengal,Burdwan,Chikungunya,0.0,22.23,50.84,50.0
2010-12-19,Assam,Jorhat,Cholera,0.26,21.92,51.19,5.0
2010-12-19,Assam,Jorhat,Cholera,0.26,21.92,51.19,5.0
2010-12-19,Gujarat,Jamnagar,Cholera,0.0,28.79,48.87,329.0
2010-12-21,Madhya Pradesh,Gwalior,Malaria,0.0,22.46,50.77,13.0
2010-12-26,Gujarat,Gandhinagar,Acute Diarrhoeal Disease,0.0,28.4,48.98,16.0
2010-12-27,Karnataka,Hassan,Acute Diarrhoeal Disease,0.07,28.96,48.88,32.0
2010-12-28,Gujarat,Narmada,Acute Diarrhoeal Disease,0.01,28.91,48.84,16.0
2010-12-28,Maharashtra,Thane,Acute Diarrhoeal Disease,0.02,28.17,49.07,17.0
2011-01-01,Uttar Pradesh,Maharajganj,Acute Encephalitis Syndrome,16.13,22.16,66.58,321.0
2011-01-02,Karnataka,Chikmagalur,Acute Diarrhoeal Disease,0.67,25.09,50.68,24.0
2011-01-02,Odisha,Puri,Acute Diarrhoeal Disease,0.0,24.63,50.12,20.0
2011-01-03,Karnataka,Shimoga,Dengue,0.03,28.29,49.05,28.0
2011-01-03,Tamil Nadu,Erode,Dengue,5.61,27.28,55.15,15.0
2011-01-03,Tamil Nadu,Vellore,Cholera,2.79,26.73,52.4,12.0
2011-01-04,Gujarat,Surat,Acute Diarrhoeal Disease,0.02,26.75,49.5,12.0
2011-01-05,Tamil Nadu,Villupuram,Dengue,24.53,26.46,71.49,16.0
2011-01-08,Tamil Nadu,Karur,Acute Diarrhoeal Disease,6.91,27.32,56.45,28.0
2011-01-08,Tamil Nadu,Villupuram,Acute Diarrhoeal Disease,33.57,25.38,76.64,12.0
2011-01-10,Telangana,Mahabubnagar,Chikungunya,0.07,32.16,47.93,5.0
2011-01-14,Karnataka,Ballari,Malaria,0.01,33.2,47.55,48.0
2011-01-16,Gujarat,Sabarkantha,Acute Diarrhoeal Disease,0.01,25.6,49.83,32.0
2011-01-20,Tripura,West Tripura,Acute Diarrhoeal Disease,11.11,18.6,63.18,11.0
2011-01-21,Karnataka,Udupi,Malaria,0.01,31.46,48.07,15.0
2011-01-24,Arunachal Pradesh,East Kameng,Acute Diarrhoeal Disease,50.66,10.0,86.3,101.0
2011-01-24,Arunachal Pradesh,East Kameng,Acute Diarrhoeal Disease,50.66,10.0,86.3,121.0
2011-01-24,Arunachal Pradesh,East Kameng,Acute Diarrhoeal Disease,50.66,10.0,86.3,225.0
2011-01-24,Arunachal Pradesh,East Kameng,Acute Diarrhoeal Disease,50.66,10.0,86.3,239.0
2011-01-24,Arunachal Pradesh,Seppa Town,Acute Diarrhoeal Disease,50.66,10.0,86.3,24.0
2011-01-24,Arunachal Pradesh,Seppa Town,Acute Diarrhoeal Disease,50.66,10.0,86.3,49.0
2011-01-24,Arunachal Pradesh,Seppa Town,Acute Diarrhoeal Disease,50.66,10.0,86.3,67.0
2011-01-24,Arunachal Pradesh,Seppa Town,Acute Diarrhoeal Disease,50.66,10.0,86.3,77.0
2011-01-24,Arunachal Pradesh,Seppa Town,Acute Diarrhoeal Disease,50.66,10.0,86.3,90.0
2011-01-24,Arunachal Pradesh,Seppa Town,Acute Diarrhoeal Disease,50.66,10.0,86.3,147.0
2011-01-25,Tamil Nadu,Thanjavur,Acute Diarrhoeal Disease,0.94,29.86,49.53,66.0
2011-01-27,Tamil Nadu,Thiruvarur,Cholera,2.96,28.17,52.15,5.0
2011-01-28,Arunachal Pradesh,Seppa Town,Acute Diarrhoeal Disease,72.36,10.0,88.6,173.0
2011-01-28,Arunachal Pradesh,Seppa Town,Acute Diarrhoeal Disease,72.36,10.0,88.6,195.0
2011-01-28,Arunachal Pradesh,Seppa Town,Acute Diarrhoeal Disease,72.36,10.0,88.6,211.0
2011-01-28,Gujarat,Bharuch,Acute Diarrhoeal Disease,0.01,31.59,48.03,215.0
2011-01-28,Gujarat,Kheda,Acute Diarrhoeal Disease,0.0,27.68,49.2,95.0
2011-01-28,Gujarat,Surat,Acute Diarrhoeal Disease,0.01,30.06,48.49,17.0
2011-01-28,Gujarat,Tapi,Acute Diarrhoeal Disease,0.01,30.37,48.4,153.0
2011-01-28,Haryana,Kurukshetra,Acute Diarrhoeal Disease,0.01,16.45,52.58,12.0
2011-01-28,Odisha,Ganjam,Acute Diarrhoeal Disease,5.0,28.1,59.27,6.0
2011-01-28,Tamil Nadu,Madurai,Acute Diarrhoeal Disease,0.78,29.38,49.5,10.0
2011-02-01,Bihar,Lakhisarai,Acute Diarrhoeal Disease,8.98,21.52,60.25,45.0
2011-02-01,Karnataka,Kodagu,Acute Diarrhoeal Disease,0.01,28.58,48.93,204.0
2011-02-01,Punjab,Gurdaspur,Acute Diarrhoeal Disease,0.2,14.35,53.4,39.0
2011-02-01,Tamil Nadu,Villupuram,Acute Diarrhoeal Disease,1.18,28.78,50.11,12.0
2011-02-02,Karnataka,Yadgiri,Acute Diarrhoeal Disease,0.0,34.03,47.3,66.0
2011-02-02,Odisha,Puri,Acute Diarrhoeal Disease,0.35,28.24,49.4,16.0
2011-02-03,Karnataka,Koppal,Acute Diarrhoeal Disease,0.0,34.07,47.28,40.0
2011-02-03,Karnataka,Koppal,Acute Diarrhoeal Disease,0.0,34.07,47.28,72.0
2011-02-03,Tamil Nadu,Namakkal,Acute Diarrhoeal Disease,0.05,32.49,47.81,16.0
2011-02-03,Tripura,Dhalai,Acute Diarrhoeal Disease,0.24,22.42,51.02,13.0
2011-02-03,West Bengal,Jalpaiguri,Acute Diarrhoeal Disease,0.48,19.45,52.17,47.0
2011-02-03,West Bengal,Jalpaiguri,Acute Diarrhoeal Disease,0.48,19.45,52.17,56.0
2011-02-03,West Bengal,Jalpaiguri,Acute Diarrhoeal Disease,0.48,19.45,52.17,61.0
2011-02-05,Odisha,Puri,Acute Diarrhoeal Disease,0.28,28.29,49.31,23.0
2011-02-06,Karnataka,Bidar,Acute Diarrhoeal Disease,0.0,36.94,46.42,72.0
2011-02-06,Manipur,Tamenglong,Acute Diarrhoeal Disease,0.93,19.98,52.48,5.0
2011-02-06,West Bengal,Purulia,Acute Diarrhoeal Disease,0.78,26.63,50.33,15.0
2011-02-07,Gujarat,Ahmedabad,Acute Diarrhoeal Disease,0.0,30.06,48.49,10.0
2011-02-07,Gujarat,Anand,Acute Diarrhoeal Disease,0.0,31.46,48.07,21.0
2011-02-08,Tamil Nadu,Madurai,Acute Diarrhoeal Disease,0.27,32.06,48.16,15.0
2011-02-08,Telangana,Khammam,Acute Diarrhoeal Disease,0.01,29.69,48.6,127.0
2011-02-10,Karnataka,Hassan,Acute Diarrhoeal Disease,0.01,33.55,47.44,14.0
2011-02-10,West Bengal,Purulia,Acute Diarrhoeal Disease,0.01,28.68,48.9,84.0
2011-02-11,West Bengal,Bankura,Acute Diarrhoeal Disease,0.01,28.88,48.84,52.0
2011-02-13,Odisha,Ganjam,Acute Diarrhoeal Disease,5.0,29.8,58.76,32.0
2011-02-14,Odisha,Mayurbhanj,Acute Diarrhoeal Disease,0.01,31.04,48.2,19.0
2011-02-15,Gujarat,Banaskantha,Acute Diarrhoeal Disease,0.08,30.18,48.53,42.0
2011-02-15,Odisha,Dhenkanal,Acute Diarrhoeal Disease,0.03,31.46,48.09,24.0
2011-02-16,West Bengal,Bankura,Acute Diarrhoeal Disease,0.01,31.84,47.96,11.0
2011-02-16,West Bengal,Bankura,Acute Diarrhoeal Disease,0.01,31.84,47.96,11.0
2011-02-17,Odisha,Ganjam,Acute Diarrhoeal Disease,5.0,29.85,58.74,16.0
2011-02-18,Kerala,Trivandrum,Dengue,0.55,28.85,49.42,25.0
2011-02-20,Karnataka,Chikkaballapur,Cholera,0.02,33.01,47.62,10.0
2011-02-20,Odisha,Ganjam,Acute Diarrhoeal Disease,5.0,29.31,58.9,17.0
2011-02-21,Gujarat,Navsari,Acute Diarrhoeal Disease,0.08,31.7,48.08,29.0
2011-02-21,Madhya Pradesh,Morena,Acute Diarrhoeal Disease,13.27,25.24,63.17,12.0
2011-02-21,Tamil Nadu,Thanjavur,Acute Diarrhoeal Disease,1.66,32.49,49.49,18.0
2011-02-22,Tamil Nadu,Thiruvallur,Acute Diarrhoeal Disease,4.55,31.72,52.74,30.0
2011-02-23,Maharashtra,Sindhudurg,Dengue,0.01,31.42,48.08,10.0
2011-02-26,Tamil Nadu,Tiruvannamalai,Acute Diarrhoeal Disease,24.53,29.27,70.65,22.0
2011-02-27,Andhra Pradesh,Krishna,Acute Diarrhoeal Disease,22.78,27.48,70.04,132.0
2011-02-27,Karnataka,Bidar,Chikungunya,6.7,34.33,54.14,56.0
2011-03-01,Odisha,Puri,Acute Diarrhoeal Disease,0.0,30.61,48.32,16.0
2011-03-01,West Bengal,Birbhum,Dengue,0.16,29.7,48.76,16.0
2011-03-02,Rajasthan,Dausa,Acute Diarrhoeal Disease,1.18,24.43,51.41,29.0
2011-03-03,Bihar,Khagaria,Acute Diarrhoeal Disease,0.16,23.67,50.57,2.0
2011-03-03,Odisha,Malkangiri,Acute Diarrhoeal Disease,2.05,30.98,50.36,25.0
2011-03-03,Tamil Nadu,Tirunelveli,Cholera,8.8,32.52,56.77,104.0
2011-03-05,Gujarat,Surat,Acute Diarrhoeal Disease,0.02,35.11,46.98,34.0
2011-03-05,Karnataka,Kolar,Acute Diarrhoeal Disease,0.54,36.23,47.2,21.0
2011-03-08,Gujarat,Dahod,Acute Diarrhoeal Disease,0.01,41.67,45.01,17.0
2011-03-08,Gujarat,Junagadh,Acute Diarrhoeal Disease,0.01,37.2,46.35,18.0
2011-03-08,Gujarat,Surat,Acute Diarrhoeal Disease,0.01,36.23,46.64,32.0
2011-03-08,Karnataka,Gulbarga,Cholera,0.01,43.56,44.44,14.0
2011-03-08,Odisha,Ganjam,Acute Diarrhoeal Disease,5.0,32.09,58.07,13.0
2011-03-09,West Bengal,Burdwan,Acute Diarrhoeal Disease,0.01,34.98,47.02,40.0
2011-03-10,Odisha,Puri,Acute Diarrhoeal Disease,0.02,34.7,47.11,41.0
2011-03-12,Odisha,Kandhamal,Acute Diarrhoeal Disease,0.27,34.62,47.39,11.0
2011-03-16,Tamil Nadu,Kancheepuram,Acute Diarrhoeal Disease,0.06,35.44,46.93,40.0
2011-03-18,Odisha,Malkangiri,Acute Diarrhoeal Disease,0.01,35.46,46.88,29.0
2011-03-19,Andhra Pradesh,Godavari,Acute Diarrhoeal Disease,0.12,32.59,47.84,19.0
2011-03-19,West Bengal,Hooghly,Acute Diarrhoeal Disease,0.88,29.83,49.47,35.0
2011-03-20,Karnataka,Chitradurga,Cholera,0.0,41.69,45.0,28.0
2011-03-21,Uttarakhand,Champawat,Acute Diarrhoeal Disease,5.94,24.59,56.3,66.0
2011-03-22,Gujarat,Kheda,Acute Diarrhoeal Disease,0.0,40.47,45.36,25.0
2011-03-23,West Bengal,Paschim Medinipur,Acute Diarrhoeal Disease,0.01,31.15,48.17,80.0
2011-03-26,Karnataka,Hassan,Acute Diarrhoeal Disease,1.54,37.59,47.83,40.0
2011-03-26,Karnataka,Mangalore,Dengue,0.78,33.21,48.36,28.0
2011-03-27,Punjab,Jalandhar,Acute Diarrhoeal Disease,0.03,28.04,49.12,96.0
2011-03-28,Odisha,Ganjam,Acute Diarrhoeal Disease,5.0,31.81,58.15,18.0
2011-03-28,West Bengal,Bankura,Acute Diarrhoeal Disease,11.06,35.62,58.02,45.0
2011-03-28,West Bengal,Bankura,Acute Diarrhoeal Disease,14.6,35.62,61.23,19.0
2011-03-28,West Bengal,Bankura,Acute Diarrhoeal Disease,14.6,35.62,61.23,13.0
2011-03-28,West Bengal,Hooghly,Acute Diarrhoeal Disease,23.67,28.14,70.44,65.0
2011-03-28,West Bengal,Hooghly,Acute Diarrhoeal Disease,23.67,28.14,70.44,69.0
2011-04-01,Odisha,Dhenkanal,Acute Diarrhoeal Disease,0.88,36.35,47.52,10.0
2011-04-01,West Bengal,Dakshin Dinajpur,Acute Diarrhoeal Disease,46.56,25.82,80.72,151.0
2011-04-02,Karnataka,Uttara Kannada,Malaria,4.8,30.33,53.41,83.0
2011-04-02,Odisha,Nabarangpur,Acute Diarrhoeal Disease,0.02,38.29,46.03,183.0
2011-04-03,Telangana,Hyderabad,Acute Diarrhoeal Disease,0.01,42.62,44.72,168.0
2011-04-05,Gujarat,Amreli,Chikungunya,0.01,41.85,44.95,11.0
2011-04-05,Karnataka,Bidar,Chikungunya,0.01,48.0,43.11,5.0
2011-04-05,Karnataka,Chamarajnagar,Acute Diarrhoeal Disease,0.01,41.59,45.04,43.0
2011-04-06,Maharashtra,Dhule,Chikungunya,0.01,45.14,43.96,7.0
2011-04-06,West Bengal,Hooghly,Acute Diarrhoeal Disease,20.59,27.39,68.52,25.0
2011-04-06,West Bengal,Hooghly,Acute Diarrhoeal Disease,20.59,27.39,68.52,38.0
2011-04-07,Karnataka,Hassan,Cholera,0.45,35.69,47.27,64.0
2011-04-09,Maharashtra,Kolhapur,Acute Diarrhoeal Disease,0.01,43.57,44.44,32.0
2011-04-10,Assam,Sonitpur,Acute Diarrhoeal Disease,35.85,25.79,77.46,13.0
2011-04-10,Gujarat,Sabarkantha,Acute Diarrhoeal Disease,0.01,40.65,45.32,25.0
2011-04-11,Karnataka,Bidar,Chikungunya,3.63,44.67,47.9,10.0
2011-04-12,Karnataka,Koppal,Malaria,2.23,40.9,47.56,14.0
2011-04-12,Karnataka,Mysore,Acute Diarrhoeal Disease,0.66,39.18,46.43,12.0
2011-04-13,Karnataka,Kodagu,Acute Diarrhoeal Disease,52.32,33.36,79.59,16.0
2011-04-13,Karnataka,Mysore,Acute Diarrhoeal Disease,0.79,38.93,46.65,16.0
2011-04-14,Assam,Udalguri (Darrang),Acute Diarrhoeal Disease,10.4,23.6,61.0,200.0
2011-04-14,Rajasthan,Karauli,Acute Diarrhoeal Disease,4.16,36.31,50.95,10.0
2011-04-15,Odisha,Bhubaneshwar,Acute Diarrhoeal Disease,3.32,36.98,49.88,14.0
2011-04-15,Tripura,Dhalai,Acute Diarrhoeal Disease,6.0,30.19,54.68,57.0
2011-04-15,West Bengal,Burdwan,Acute Diarrhoeal Disease,4.75,33.57,52.38,152.0
2011-04-15,West Bengal,Jalpaiguri,Acute Diarrhoeal Disease,28.46,23.08,74.84,64.0
2011-04-16,Karnataka,Raichur,Acute Diarrhoeal Disease,8.25,43.65,52.9,24.0
2011-04-16,Madhya Pradesh,Bhopal,Acute Diarrhoeal Disease,0.3,42.52,45.06,25.0
2011-04-17,Maharashtra,Nashik,Malaria,0.61,42.82,45.3,61.0
2011-04-18,Gujarat,Anand,Acute Diarrhoeal Disease,0.02,43.52,44.46,96.0
2011-04-18,Karnataka,Udupi,Malaria,21.44,32.29,67.66,13.0
2011-04-18,Maharashtra,Thane,Cholera,1.39,44.03,45.75,17.0
2011-04-18,Tamil Nadu,Tirunelveli,Cholera,9.88,33.89,57.41,13.0
2011-04-19,Gujarat,Amreli,Chikungunya,0.16,41.74,45.14,32.0
2011-04-19,Gujarat,Kheda,Chikungunya,0.17,42.95,44.8,19.0
2011-04-19,West Bengal,Burdwan,Acute Diarrhoeal Disease,9.74,33.84,57.29,118.0
2011-04-20,Karnataka,Mysore,Cholera,25.08,35.05,69.26,21.0
2011-04-21,Gujarat,Anand,Acute Diarrhoeal Disease,0.02,42.53,44.76,12.0
2011-04-21,Karnataka,Gulbarga,Acute Diarrhoeal Disease,5.89,43.92,50.44,34.0
2011-04-21,Karnataka,Tumkur,Malaria,17.6,35.51,63.78,25.0
2011-04-22,Tamil Nadu,Theni,Acute Diarrhoeal Disease,54.99,40.5,77.86,11.0
2011-04-22,Telangana,Mahbubnagar,Acute Diarrhoeal Disease,3.77,41.79,48.9,45.0
2011-04-22,Telangana,Mahbubnagar,Acute Diarrhoeal Disease,3.77,41.79,48.9,51.0
2011-04-22,West Bengal,North 24 Parganas,Acute Diarrhoeal Disease,15.19,30.02,63.42,25.0
2011-04-23,Assam,Barpeta,Cholera,38.48,27.75,77.85,66.0
2011-04-24,Andhra Pradesh,Vizianagaram,Acute Diarrhoeal Disease,29.1,37.35,70.9,22.0
2011-04-24,Karnataka,Mysore,Acute Diarrhoeal Disease,69.17,32.24,81.74,26.0
2011-04-24,Tamil Nadu,Karur,Dengue,112.14,40.08,80.39,4.0
2011-04-24,West Bengal,Hooghly,Cholera,20.27,30.12,67.46,35.0
2011-04-27,Andhra Pradesh,Kurnool,Acute Diarrhoeal Disease,4.31,39.81,50.05,71.0
2011-04-27,Gujarat,Navsari,Malaria,0.01,38.62,45.93,28.0
2011-04-27,Gujarat,Sabarkantha,Acute Diarrhoeal Disease,0.0,47.67,43.2,12.0
2011-04-27,Karnataka,Gadag,Acute Diarrhoeal Disease,13.52,41.52,58.51,33.0
2011-04-27,Odisha,Puri,Acute Diarrhoeal Disease,17.03,33.31,63.98,12.0
2011-04-27,Rajasthan,Barmer,Chikungunya,0.0,48.0,43.1,18.0
2011-04-27,Telangana,Warangal,Dengue,11.89,37.8,58.14,8.0
2011-04-28,Andhra Pradesh,Krishna,Acute Diarrhoeal Disease,54.15,34.79,79.45,106.0
2011-04-28,Assam,Jorhat,Acute Diarrhoeal Disease,14.88,26.95,64.08,6.0
2011-04-28,Karnataka,Hassan,Acute Diarrhoeal Disease,27.85,31.73,71.9,97.0
2011-05-01,Karnataka,Chitradurga,Acute Diarrhoeal Disease,4.37,37.52,50.8,14.0
2011-05-02,Maharashtra,Thane,Malaria,1.41,41.64,46.49,20.0
2011-05-02,West Bengal,South 24 Parganas,Acute Diarrhoeal Disease,59.45,31.24,81.2,21.0
2011-05-03,Gujarat,Bharuch,Acute Diarrhoeal Disease,0.01,41.98,44.91,42.0
2011-05-03,Gujarat,Valsad,Malaria,0.45,41.32,45.58,12.0
2011-05-03,Karnataka,Kolar,Acute Diarrhoeal Disease,4.71,32.81,52.56,12.0
2011-05-03,Punjab,Hoshiarpur,Acute Diarrhoeal Disease,4.12,35.1,51.27,37.0
2011-05-04,Assam,Sonitpur,Cholera,205.01,28.79,83.86,208.0
2011-05-04,Haryana,Yamuna Nagar,Acute Diarrhoeal Disease,0.11,36.51,46.66,15.0
2011-05-04,Haryana,Yamuna Nagar,Acute Diarrhoeal Disease,0.11,36.51,46.66,18.0
2011-05-04,Tamil Nadu,Salem,Acute Diarrhoeal Disease,16.9,30.29,64.78,13.0
2011-05-05,Assam,Sibsagar,Acute Diarrhoeal Disease,89.02,30.53,83.01,15.0
2011-05-05,West Bengal,Jalpaiguri,Acute Diarrhoeal Disease,113.8,23.08,85.5,15.0
2011-05-05,West Bengal,Jalpaiguri,Acute Diarrhoeal Disease,113.8,23.08,85.5,36.0
2011-05-06,Assam,Sonitpur,Acute Diarrhoeal Disease,206.66,27.66,84.2,56.0
2011-05-06,Kerala,Kottayam,Dengue,83.08,27.22,83.86,3.0
2011-05-07,Haryana,Ambala,Acute Diarrhoeal Disease,5.3,35.03,52.51,20.0
2011-05-07,Haryana,Ambala,Acute Diarrhoeal Disease,5.3,35.03,52.51,21.0
2011-05-07,West Bengal,North 24 Parganas,Acute Diarrhoeal Disease,53.62,29.85,80.85,21.0
2011-05-07,West Bengal,Purulia,Acute Diarrhoeal Disease,23.23,37.69,67.27,68.0
2011-05-08,Karnataka,Mandya,Cholera,12.99,31.52,61.04,42.0
2011-05-08,Uttarakhand,Nainital,Acute Diarrhoeal Disease,14.25,30.85,62.35,13.0
2011-05-09,Gujarat,Vadodara,Acute Diarrhoeal Disease,0.02,41.48,45.07,12.0
2011-05-09,Karnataka,Davangere,Malaria,3.45,37.05,50.0,13.0
2011-05-09,Maharashtra,Nashik,Acute Diarrhoeal Disease,0.32,40.87,45.57,57.0
2011-05-09,Tamil Nadu,Cuddalore,Acute Diarrhoeal Disease,4.3,35.79,51.25,28.0
2011-05-09,Tamil Nadu,Theni,Dengue,7.31,35.54,54.4,11.0
2011-05-09,Uttarakhand,Nainital,Acute Diarrhoeal Disease,14.38,29.63,62.84,29.0
2011-05-10,Madhya Pradesh,Khargone,Chikungunya,0.08,44.95,44.1,8.0
2011-05-10,Maharashtra,Sindhudurg,Dengue,3.39,35.91,50.27,5.0
2011-05-10,Uttarakhand,Nainital,Acute Diarrhoeal Disease,14.33,30.74,62.47,29.0
2011-05-11,Haryana,Rohtak,Acute Diarrhoeal Disease,4.77,43.38,49.46,58.0
2011-05-12,Rajasthan,Jaipur,Malaria,0.04,45.6,43.86,24.0
2011-05-13,Gujarat,Kutch,Acute Diarrhoeal Disease,0.03,43.23,44.56,99.0
2011-05-13,Karnataka,Haveri,Acute Diarrhoeal Disease,9.92,31.85,58.06,12.0
2011-05-13,Karnataka,Tumkur,Acute Diarrhoeal Disease,3.29,36.44,50.01,20.0
2011-05-13,Maharashtra,Nashik,Chikungunya,0.57,41.84,45.55,53.0
2011-05-15,Assam,Golaghat,Acute Encephalitis Syndrome,33.32,27.44,75.92,10.0
2011-05-15,Gujarat,Banaskantha,Acute Diarrhoeal Disease,0.04,42.72,44.72,287.0
2011-05-15,Karnataka,Belgaum,Acute Diarrhoeal Disease,4.12,40.39,49.68,21.0
2011-05-15,Karnataka,Belgaum,Acute Diarrhoeal Disease,4.12,40.39,49.68,24.0
2011-05-16,Gujarat,Banaskantha,Acute Diarrhoeal Disease,0.06,41.65,45.06,32.0
2011-05-16,Gujarat,Navsari,Malaria,0.03,38.65,45.94,21.0
2011-05-16,Gujarat,Navsari,Malaria,0.03,38.65,45.94,32.0
2011-05-16,Tamil Nadu,Kancheepuram,Acute Diarrhoeal Disease,2.3,38.03,48.5,12.0
2011-05-17,Karnataka,Chikkaballapur,Acute Diarrhoeal Disease,45.53,35.57,77.55,13.0
2011-05-18,Assam,Sibsagar,Acute Diarrhoeal Disease,59.93,27.92,82.25,32.0
2011-05-18,Assam,Sivasagar,Cholera,59.93,27.92,82.25,158.0
2011-05-18,Gujarat,Mahesana,Acute Diarrhoeal Disease,0.2,43.04,44.8,41.0
2011-05-18,Gujarat,Mahesana,Acute Diarrhoeal Disease,0.2,43.04,44.8,117.0
2011-05-20,Maharashtra,Ahmednagar,Malaria,3.1,43.52,47.69,30.0
2011-05-21,Chhattisgarh,Surguja,Acute Diarrhoeal Disease,1.02,41.12,46.23,28.0
2011-05-21,Karnataka,Gadag,Malaria,7.77,41.27,53.13,27.0
2011-05-21,Tamil Nadu,Tirunelveli,Dengue,2.56,34.88,49.72,16.0
2011-05-22,Punjab,Jalandhar,Acute Diarrhoeal Disease,30.1,37.94,71.24,35.0
2011-05-22,Tamil Nadu,Sivaganga,Acute Diarrhoeal Disease,18.78,38.5,63.82,22.0
2011-05-22,West Bengal,Jalpaiguri,Acute Diarrhoeal Disease,70.13,25.31,83.88,64.0
2011-05-22,West Bengal,Jalpaiguri,Acute Diarrhoeal Disease,70.13,25.31,83.88,64.0
2011-05-22,West Bengal,Purulia,Acute Diarrhoeal Disease,32.42,33.51,73.69,42.0
2011-05-23,Punjab,Sri Muktsar Sahib,Dengue,16.99,41.95,61.36,26.0
2011-05-23,West Bengal,Jalpaiguri,Acute Diarrhoeal Disease,81.95,23.22,85.02,54.0
2011-05-23,West Bengal,Jalpaiguri,Acute Diarrhoeal Disease,81.95,23.22,85.02,54.0
2011-05-23,West Bengal,Jalpaiguri,Acute Diarrhoeal Disease,81.95,23.22,85.02,54.0
2011-05-23,West Bengal,Jalpaiguri,Acute Diarrhoeal Disease,81.95,23.22,85.02,54.0
2011-05-24,Karnataka,Belgaum,Cholera,4.8,35.92,51.73,35.0
2011-05-24,Tamil Nadu,Madurai,Acute Diarrhoeal Disease,20.91,40.43,64.84,9.0
2011-05-26,Andhra Pradesh,Kadapa,Acute Diarrhoeal Disease,3.01,38.95,48.97,32.0
2011-05-26,Maharashtra,Pune,Acute Diarrhoeal Disease,6.05,39.05,52.07,141.0
2011-05-27,Tamil Nadu,Viluppuram,Acute Diarrhoeal Disease,11.93,36.14,58.68,13.0
2011-05-27,Telangana,Adilabad,Acute Diarrhoeal Disease,1.81,44.63,46.01,32.0
2011-05-28,Andhra Pradesh,Kurnool,Acute Diarrhoeal Disease,8.86,40.99,54.3,55.0
2011-05-28,Andhra Pradesh,Kurnool,Acute Diarrhoeal Disease,8.86,40.99,54.3,128.0
2011-05-28,Assam,Morigaon,Acute Diarrhoeal Disease,93.28,27.63,83.95,46.0
2011-05-28,Chhattisgarh,Korba,Acute Diarrhoeal Disease,0.85,38.73,46.77,17.0
2011-05-28,Maharashtra,Thane,Malaria,8.81,40.66,54.34,17.0
2011-05-28,Rajasthan,Kotputli,Acute Diarrhoeal Disease,7.4,35.61,54.47,10.0
2011-05-28,Tamil Nadu,Perambalur,Acute Diarrhoeal Disease,15.63,37.19,61.65,32.0
2011-05-28,West Bengal,Dakshin Dinajpur,Acute Diarrhoeal Disease,60.51,27.56,82.42,15.0
2011-05-28,West Bengal,Purulia,Acute Diarrhoeal Disease,23.4,33.43,68.67,46.0
2011-06-01,Gujarat,Kheda,Acute Diarrhoeal Disease,0.02,44.32,44.23,29.0
2011-06-01,Maharashtra,Ratnagiri,Acute Diarrhoeal Disease,3.94,34.7,51.21,27.0
2011-06-02,Karnataka,Mysore,Cholera,52.59,29.66,80.74,33.0
2011-06-02,Uttarakhand,Haridwar,Cholera,21.53,29.36,68.6,27.0
2011-06-02,West Bengal,Burdwan,Acute Diarrhoeal Disease,14.76,30.04,63.05,18.0
2011-06-02,West Bengal,Darjeeling,Acute Diarrhoeal Disease,79.73,29.06,83.2,183.0
2011-06-02,West Bengal,Darjeeling,Acute Diarrhoeal Disease,79.73,29.06,83.2,183.0
2011-06-03,Andhra Pradesh,Kadapa,Acute Diarrhoeal Disease,24.15,37.3,68.0,42.0
2011-06-03,Gujarat,Gandhi Nagar,Acute Diarrhoeal Disease,0.04,42.25,44.87,16.0
2011-06-03,Odisha,Ganjam,Malaria,5.0,34.85,57.24,102.0
2011-06-03,Punjab,Jalandhar,Acute Diarrhoeal Disease,49.16,33.64,78.93,54.0
2011-06-03,Punjab,Jalandhar,Acute Diarrhoeal Disease,49.16,33.64,78.93,109.0
2011-06-03,Punjab,Jalandhar,Acute Diarrhoeal Disease,49.16,33.64,78.93,60.0
2011-06-03,West Bengal,Howrah,Acute Diarrhoeal Disease,34.73,30.61,75.57,37.0
2011-06-03,West Bengal,Howrah,Acute Diarrhoeal Disease,34.73,30.61,75.57,145.0
2011-06-03,West Bengal,Howrah,Acute Diarrhoeal Disease,34.73,30.61,75.57,145.0
2011-06-04,Assam,Chirang,Malaria,95.8,26.36,84.37,20.0
2011-06-04,Assam,Chirang,Malaria,95.8,26.36,84.37,295.0
2011-06-04,Assam,Morigaon,Malaria,175.14,25.41,84.88,45.0
2011-06-04,Gujarat,Surat,Acute Diarrhoeal Disease,3.2,35.79,50.12,15.0
2011-06-04,Karnataka,Chamarajanagar,Acute Diarrhoeal Disease,139.51,31.24,83.11,14.0
2011-06-05,Karnataka,Belgaum,Chikungunya,68.87,38.02,79.99,27.0
2011-06-05,Maharashtra,Nashik,Acute Diarrhoeal Disease,54.8,40.11,77.95,126.0
2011-06-06,Assam,Dibrugarh,Acute Diarrhoeal Disease,132.35,26.9,84.41,4.0
2011-06-06,Karnataka,Ballari,Acute Diarrhoeal Disease,17.18,37.47,62.85,62.0
2011-06-06,Karnataka,Mysore,Cholera,90.14,26.49,84.24,17.0
2011-06-06,Tamil Nadu,Coimbatore,Acute Diarrhoeal Disease,102.95,35.25,81.78,66.0
2011-06-06,Telangana,Medak,Acute Diarrhoeal Disease,22.25,40.11,65.89,10.0
2011-06-06,West Bengal,Burdwan,Acute Diarrhoeal Disease,13.36,34.04,60.61,27.0
2011-06-07,Assam,Tinsukia,Acute Diarrhoeal Disease,34.28,29.12,75.83,11.0
2011-06-07,Karnataka,Chitradurga,Malaria,48.85,33.11,79.02,16.0
2011-06-07,Maharashtra,Latur,Acute Diarrhoeal Disease,32.81,43.56,70.86,78.0
2011-06-07,Maharashtra,Latur,Acute Diarrhoeal Disease,32.81,43.56,70.86,78.0
2011-06-07,Maharashtra,Latur,Acute Diarrhoeal Disease,32.81,43.56,70.86,81.0
2011-06-08,Karnataka,Bidar,Acute Diarrhoeal Disease,53.4,35.04,79.26,16.0
2011-06-09,Andhra Pradesh,Kurnool,Acute Diarrhoeal Disease,19.91,37.73,64.91,22.0
2011-06-09,Assam,Golaghat,Acute Diarrhoeal Disease,27.94,31.17,72.12,27.0
2011-06-09,Gujarat,Gandhi Nagar,Acute Diarrhoeal Disease,2.05,38.69,48.04,60.0
2011-06-09,Gujarat,Kheda,Acute Diarrhoeal Disease,2.05,38.69,48.04,10.0
2011-06-09,Karnataka,Bidar,Acute Diarrhoeal Disease,47.87,35.61,78.07,27.0
2011-06-09,Karnataka,Chamarajnagar,Acute Diarrhoeal Disease,32.24,30.79,74.42,13.0
2011-06-10,Assam,Chirang,Malaria,53.28,26.64,81.76,293.0
2011-06-10,Assam,Chirang,Malaria,53.28,26.64,81.76,293.0
2011-06-10,Maharashtra,Ratnagiri,Acute Diarrhoeal Disease,300.0,35.04,81.99,61.0
2011-06-10,Sikkim,West Sikkim,Acute Diarrhoeal Disease,124.42,18.32,86.96,16.0
2011-06-11,Chhattisgarh,Korba,Acute Diarrhoeal Disease,15.0,38.84,60.61,14.0
2011-06-11,Chhattisgarh,Korba,Acute Diarrhoeal Disease,15.0,38.84,60.61,14.0
2011-06-12,Karnataka,Hassan,Acute Diarrhoeal Disease,12.56,25.75,62.37,86.0
2011-06-12,Karnataka,Hassan,Acute Diarrhoeal Disease,12.56,25.75,62.37,83.0
2011-06-12,Karnataka,Hassan,Acute Diarrhoeal Disease,12.56,25.75,62.37,30.0
2011-06-12,Karnataka,Hassan,Acute Diarrhoeal Disease,12.56,25.75,62.37,86.0
2011-06-12,Tamil Nadu,Virudhunagar,Acute Diarrhoeal Disease,3.16,41.17,48.46,25.0
2011-06-12,Tamil Nadu,Virudhunagar,Acute Diarrhoeal Disease,3.16,41.17,48.46,17.0
2011-06-12,Tamil Nadu,Virudhunagar,Acute Diarrhoeal Disease,3.16,41.17,48.46,25.0
2011-06-12,West Bengal,Jalpaiguri,Acute Diarrhoeal Disease,66.26,27.85,82.86,11.0
2011-06-12,West Bengal,Jalpaiguri,Acute Diarrhoeal Disease,66.26,27.85,82.86,11.0
2011-06-12,West Bengal,Jalpaiguri,Acute Diarrhoeal Disease,66.26,27.85,82.86,11.0
2011-06-12,West Bengal,Nadia,Acute Diarrhoeal Disease,19.05,30.42,66.45,71.0
2011-06-13,Karnataka,Bidar,Dengue,32.46,38.97,72.07,34.0
2011-06-13,Karnataka,Haveri,Acute Diarrhoeal Disease,93.49,35.04,81.73,13.0
2011-06-13,Tamil Nadu,Vellore,Acute Diarrhoeal Disease,7.85,35.84,54.84,18.0
2011-06-14,Assam,Udalguri,Cholera,45.12,23.3,81.13,404.0
2011-06-14,Assam,Udalguri,Cholera,45.12,23.3,81.13,140.0
2011-06-14,Assam,Udalguri,Cholera,45.12,23.3,81.13,404.0
2011-06-14,Assam,Udalguri,Cholera,45.12,23.3,81.13,404.0
2011-06-14,Bihar,Muzaffarpur,Acute Diarrhoeal Disease,21.92,30.59,68.51,129.0
2011-06-14,Bihar,Muzaffarpur,Acute Encephalitis Syndrome,21.92,30.59,68.51,129.0
2011-06-14,Bihar,Muzaffarpur,Acute Encephalitis Syndrome,21.92,30.59,68.51,132.0
2011-06-14,Bihar,Muzaffarpur,Acute Encephalitis Syndrome,21.92,30.59,68.51,147.0
2011-06-14,Bihar,Muzaffarpur,Acute Encephalitis Syndrome,21.92,30.59,68.51,148.0
2011-06-14,Bihar,Muzaffarpur,Acute Encephalitis Syndrome,21.92,30.59,68.51,152.0
2011-06-14,Jammu and Kashmir,Kupwara,Acute Diarrhoeal Disease,18.35,19.57,69.16,204.0
2011-06-14,Karnataka,Dharwad,Acute Diarrhoeal Disease,45.32,35.41,77.55,16.0
2011-06-14,Karnataka,Dharwad,Acute Diarrhoeal Disease,45.32,35.41,77.55,16.0
2011-06-15,Assam,Lakhimpur,Malaria,73.06,31.21,82.27,7.0
2011-06-15,Gujarat,Sabarkantha,Acute Diarrhoeal Disease,1.26,40.67,46.62,176.0
2011-06-15,Karnataka,Bangalore Urban,Acute Diarrhoeal Disease,16.5,29.96,64.55,52.0
2011-06-15,Maharashtra,Thane,Acute Diarrhoeal Disease,291.22,31.05,83.18,37.0
2011-06-16,Assam,Sibsagar,Acute Diarrhoeal Disease,141.1,27.56,84.22,3.0
2011-06-17,Assam,Hailakandi,Malaria,60.68,35.04,80.2,275.0
2011-06-17,Assam,Hailakandi,Malaria,60.68,35.04,80.2,275.0
2011-06-17,Odisha,Puri,Acute Diarrhoeal Disease,151.2,33.96,82.3,13.0
2011-06-17,Odisha,Puri,Acute Diarrhoeal Disease,151.2,33.96,82.3,13.0
2011-06-17,West Bengal,Burdwan,Acute Diarrhoeal Disease,132.27,37.03,81.37,89.0
2011-06-17,West Bengal,Burdwan,Acute Diarrhoeal Disease,132.27,37.03,81.37,89.0
2011-06-17,West Bengal,Burdwan,Acute Diarrhoeal Disease,132.27,37.03,81.37,101.0
2011-06-18,Karnataka,Hassan,Acute Diarrhoeal Disease,45.08,26.72,80.1,62.0
2011-06-18,Karnataka,Hassan,Acute Diarrhoeal Disease,45.08,26.72,80.1,62.0
2011-06-18,Maharashtra,Wardha,Acute Encephalitis Syndrome,20.76,41.42,64.43,6.0
2011-06-18,Maharashtra,Wardha,Acute Encephalitis Syndrome,20.76,41.42,64.43,6.0
2011-06-19,Andhra Pradesh,Nellore,Acute Diarrhoeal Disease,9.4,35.04,56.6,81.0
2011-06-19,Chhattisgarh,Surguja,Acute Diarrhoeal Disease,72.38,36.76,80.57,14.0
2011-06-19,Chhattisgarh,Surguja,Acute Diarrhoeal Disease,72.38,36.76,80.57,14.0
2011-06-19,Uttar Pradesh,Balrampur,Acute Diarrhoeal Disease,35.64,31.77,75.59,9.0
2011-06-20,Bihar,Munger,Malaria,115.72,30.11,83.4,64.0
2011-06-20,Karnataka,Chitradurga,Malaria,31.69,27.69,75.1,20.0
2011-06-20,Karnataka,Chitradurga,Malaria,31.69,27.69,75.1,20.0
2011-06-20,Kerala,Wayanad,Cholera,94.04,22.87,85.39,74.0
2011-06-20,Kerala,Wayanad,Cholera,94.04,22.87,85.39,74.0
2011-06-20,Maharashtra,Pune,Acute Diarrhoeal Disease,51.02,26.93,81.29,311.0
2011-06-20,Telangana,Medak,Acute Diarrhoeal Disease,10.89,35.26,57.97,14.0
2011-06-20,Telangana,Medak,Acute Diarrhoeal Disease,10.89,35.26,57.97,14.0
2011-06-21,Assam,Morigaon,Acute Encephalitis Syndrome,126.65,28.7,83.85,20.0
2011-06-21,Chhattisgarh,Kawardha,Cholera,78.44,31.41,82.45,74.0
2011-06-21,Chhattisgarh,Korba,Acute Diarrhoeal Disease,257.17,31.71,82.99,74.0
2011-06-21,Chhattisgarh,Korba,Acute Diarrhoeal Disease,257.17,31.71,82.99,74.0
2011-06-21,Chhattisgarh,Korba,Acute Diarrhoeal Disease,257.17,31.71,82.99,74.0
2011-06-21,Jammu and Kashmir,Kupwara,Acute Diarrhoeal Disease,4.64,19.49,56.5,153.0
2011-06-21,Karnataka,Dharwad,Acute Diarrhoeal Disease,53.88,35.04,79.33,23.0
2011-06-21,Karnataka,Dharwad,Acute Diarrhoeal Disease,53.88,35.04,79.33,23.0
2011-06-21,Telangana,Khammam,Acute Diarrhoeal Disease,21.41,39.43,65.5,23.0
2011-06-21,West Bengal,Bankura,Acute Diarrhoeal Disease,300.0,35.04,81.99,46.0
2011-06-21,West Bengal,Bankura,Acute Diarrhoeal Disease,300.0,35.04,81.99,46.0
2011-06-22,Assam,Barpeta,Acute Encephalitis Syndrome,116.19,21.12,86.1,6.0
2011-06-22,Chhattisgarh,Surguja,Acute Diarrhoeal Disease,300.0,35.04,81.99,13.0
2011-06-22,Chhattisgarh,Surguja,Acute Diarrhoeal Disease,300.0,35.04,81.99,13.0
2011-06-22,West Bengal,Burdwan,Acute Diarrhoeal Disease,300.0,29.49,83.65,32.0
2011-06-22,West Bengal,Burdwan,Acute Diarrhoeal Disease,300.0,29.49,83.65,32.0
2011-06-23,Andhra Pradesh,Prakasam,Acute Diarrhoeal Disease,0.39,39.61,46.02,28.0
2011-06-23,Andhra Pradesh,Prakasam,Acute Diarrhoeal Disease,0.39,39.61,46.02,28.0
2011-06-23,Andhra Pradesh,Prakasam,Acute Diarrhoeal Disease,0.39,39.61,46.02,28.0
2011-06-23,Karnataka,Belgaum,Acute Diarrhoeal Disease,47.03,25.97,80.78,14.0
2011-06-23,Karnataka,Belgaum,Acute Diarrhoeal Disease,47.03,25.97,80.78,14.0
2011-06-23,Maharashtra,Wardha,Acute Encephalitis Syndrome,20.89,38.17,65.5,3.0
2011-06-23,Odisha,Bhubaneshwar,Acute Diarrhoeal Disease,95.0,31.09,82.94,21.0
2011-06-24,Andhra Pradesh,Kurnool,Acute Diarrhoeal Disease,4.3,35.39,51.38,25.0
2011-06-24,Andhra Pradesh,Kurnool,Acute Diarrhoeal Disease,4.3,35.39,51.38,25.0
2011-06-24,Andhra Pradesh,Kurnool,Acute Diarrhoeal Disease,4.3,35.39,51.38,28.0
2011-06-24,Andhra Pradesh,Kurnool,Acute Diarrhoeal Disease,4.3,35.39,51.38,28.0
2011-06-24,Jammu and Kashmir,Kupwara,Acute Diarrhoeal Disease,4.04,19.92,55.74,30.0
2011-06-24,Jammu and Kashmir,Kupwara,Acute Diarrhoeal Disease,4.04,19.92,55.74,30.0
2011-06-24,Karnataka,Bijapur,Acute Diarrhoeal Disease,10.59,31.05,58.95,20.0
2011-06-24,Karnataka,Bijapur,Acute Diarrhoeal Disease,10.59,31.05,58.95,20.0
2011-06-24,Karnataka,Bijapur,Acute Diarrhoeal Disease,10.59,31.05,58.95,31.0
2011-06-25,Andhra Pradesh,Chittoor,Acute Diarrhoeal Disease,2.66,34.34,49.98,51.0
2011-06-25,Bihar,Saharsa,Acute Diarrhoeal Disease,68.47,30.78,82.13,35.0
2011-06-25,Bihar,Saharsa,Acute Diarrhoeal Disease,68.47,30.78,82.13,35.0
2011-06-25,Bihar,Saharsa,Acute Diarrhoeal Disease,68.47,30.78,82.13,30.0
2011-06-25,Kerala,Kottayam,Dengue,49.07,26.42,81.07,3.0
2011-06-25,West Bengal,Bankura,Acute Diarrhoeal Disease,64.58,28.49,82.53,33.0
2011-06-25,West Bengal,Bankura,Acute Diarrhoeal Disease,64.58,28.49,82.53,33.0
2011-06-26,Andhra Pradesh,Anantapur,Acute Diarrhoeal Disease,2.77,34.67,50.0,23.0
2011-06-26,Andhra Pradesh,Anantapur,Acute Diarrhoeal Disease,2.77,34.67,50.0,23.0
2011-06-26,Andhra Pradesh,Anantapur,Acute Diarrhoeal Disease,2.77,34.67,50.0,82.0
2011-06-26,Kerala,Wayanad,Cholera,35.21,22.09,78.32,183.0
2011-06-27,Bihar,Gaya,Malaria,39.1,37.45,75.15,53.0
2011-06-27,Gujarat,Jamnagar,Cholera,6.16,34.58,53.52,1.0
2011-06-27,Karnataka,Davangere,Cholera,24.86,24.63,72.26,29.0
2011-06-27,Tamil Nadu,Cuddalore,Acute Diarrhoeal Disease,14.6,35.88,61.16,31.0
2011-06-27,Tamil Nadu,Salem,Chikungunya,8.77,29.73,57.59,60.0
2011-06-27,Tamil Nadu,Thanjavur,Acute Diarrhoeal Disease,9.19,37.72,55.59,25.0
2011-06-28,Assam,Barpeta,Acute Encephalitis Syndrome,300.0,35.04,81.99,7.0
2011-06-28,Assam,Jorhat,Acute Encephalitis Syndrome,144.09,22.39,85.77,6.0
2011-06-28,Assam,Jorhat,Acute Encephalitis Syndrome,144.09,22.39,85.77,5.0
2011-06-28,Bihar,Gaya,Acute Diarrhoeal Disease,61.86,37.45,79.6,10.0
2011-06-28,Bihar,Gaya,Acute Diarrhoeal Disease,61.86,37.45,79.6,10.0
2011-06-28,Kerala,Ernakulam,Dengue,88.73,25.7,84.45,3.0
2011-06-28,West Bengal,Bankura,Acute Diarrhoeal Disease,88.37,35.04,81.64,36.0
2011-07-01,Karnataka,Ramanagara,Acute Diarrhoeal Disease,26.16,31.79,70.91,16.0
2011-07-01,Karnataka,Ramanagara,Acute Diarrhoeal Disease,26.16,31.79,70.91,16.0
2011-07-01,West Bengal,Bankura,Dengue,100.07,30.03,83.32,12.0
2011-07-01,West Bengal,Bankura,Dengue,100.07,30.03,83.32,12.0
2011-07-02,Assam,Jorhat,Acute Encephalitis Syndrome,211.78,21.16,86.15,12.0
2011-07-02,Rajasthan,Dholpur,Acute Diarrhoeal Disease,75.31,22.8,84.91,113.0
2011-07-02,Tamil Nadu,Thiruvarur,Acute Diarrhoeal Disease,13.15,36.69,59.62,24.0
2011-07-02,West Bengal,Birbhum,Acute Diarrhoeal Disease,155.42,30.03,83.48,55.0
2011-07-03,Assam,Dhemaji,Acute Encephalitis Syndrome,132.92,24.29,85.19,3.0
2011-07-03,Gujarat,Navsari,Cholera,15.08,33.65,62.24,46.0
2011-07-03,West Bengal,Malda,Malaria,179.58,27.23,84.33,148.0
2011-07-03,West Bengal,Malda,Malaria,179.58,27.23,84.33,234.0
2011-07-03,West Bengal,Malda,Malaria,179.58,27.23,84.33,236.0
2011-07-04,Bihar,Nalanda,Acute Diarrhoeal Disease,51.53,30.03,80.45,20.0
2011-07-04,Maharashtra,Thane,Dengue,46.76,27.47,80.27,11.0
2011-07-05,Andhra Pradesh,Nellore,Acute Diarrhoeal Disease,29.92,38.01,71.13,15.0
2011-07-05,Chhattisgarh,Mahasamund,Acute Diarrhoeal Disease,19.59,33.89,65.82,70.0
2011-07-05,Kerala,Palakkad,Cholera,52.79,26.23,81.8,2.0
2011-07-05,Madhya Pradesh,Betul,Chikungunya,35.16,28.12,76.49,252.0
2011-07-05,Madhya Pradesh,Betul,Chikungunya,35.16,28.12,76.49,252.0
2011-07-06,Maharashtra,Thane,Dengue,31.24,25.93,75.41,32.0
2011-07-07,Assam,Dhemaji,Acute Encephalitis Syndrome,99.87,10.12,89.29,5.0
2011-07-07,Odisha,Malkangiri,Malaria,135.13,30.03,83.47,76.0
2011-07-07,Rajasthan,Udaipur,Acute Encephalitis Syndrome,28.7,35.03,71.38,1.0
2011-07-07,Tamil Nadu,Salem,Dengue,68.43,32.25,81.69,8.0
2011-07-08,Bihar,Sheikhpura,Acute Diarrhoeal Disease,24.1,30.32,70.06,26.0
2011-07-08,Karnataka,Bijapur,Chikungunya,50.3,30.03,80.23,27.0
2011-07-08,Karnataka,Raichur,Acute Diarrhoeal Disease,43.13,30.03,78.6,18.0
2011-07-08,Rajasthan,Alwar,Cholera,9.06,34.54,56.42,99.0
2011-07-09,Karnataka,Ballari,Chikungunya,30.33,30.03,73.73,76.0
2011-07-09,Karnataka,Koppal,Acute Diarrhoeal Disease,25.69,29.23,71.39,28.0
2011-07-09,Karnataka,Koppal,Acute Diarrhoeal Disease,25.69,29.23,71.39,33.0
2011-07-10,Andhra Pradesh,Kurnool,Acute Diarrhoeal Disease,43.61,33.05,77.82,121.0
2011-07-10,Bihar,Munger,Malaria,52.01,29.25,80.77,100.0
2011-07-10,Karnataka,Ballari,Acute Diarrhoeal Disease,28.08,35.83,70.8,28.0
2011-07-10,Madhya Pradesh,Sagar,Acute Diarrhoeal Disease,114.35,35.83,81.68,10.0
2011-07-11,Chhattisgarh,Bilaspur,Acute Diarrhoeal Disease,68.52,30.03,82.36,46.0
2011-07-11,Chhattisgarh,Raipur,Malaria,73.46,30.23,82.59,12.0
2011-07-11,Gujarat,Navsari,Acute Diarrhoeal Disease,145.48,30.03,83.48,19.0
2011-07-11,Karnataka,Gadag,Acute Diarrhoeal Disease,34.51,30.67,75.46,25.0
2011-07-11,Maharashtra,Raigad,Cholera,164.25,21.81,85.95,67.0
2011-07-11,Maharashtra,Raigad,Acute Diarrhoeal Disease,164.25,21.81,85.95,101.0
2011-07-11,Maharashtra,Raigad,Cholera,164.25,21.81,85.95,94.0
2011-07-11,Maharashtra,Raigad,Acute Diarrhoeal Disease,164.25,21.81,85.95,101.0
2011-07-12,Karnataka,Bidar,Acute Diarrhoeal Disease,61.74,30.78,81.58,78.0
2011-07-12,Odisha,Sundargarh,Acute Diarrhoeal Disease,71.37,26.78,83.51,12.0
2011-07-12,Tamil Nadu,Salem,Chikungunya,30.25,34.2,72.44,58.0
2011-07-13,Bihar,Lakhisarai,Acute Diarrhoeal Disease,42.19,30.64,78.15,21.0
2011-07-13,Bihar,Lakhisarai,Malaria,42.19,30.64,78.15,12.0
2011-07-13,Maharashtra,Ratnagiri,Malaria,187.43,25.52,84.84,50.0
2011-07-13,West Bengal,24 North Parganas,Acute Diarrhoeal Disease,48.91,27.96,80.58,76.0
2011-07-13,West Bengal,Kolkata,Cholera,48.91,27.96,80.58,78.0
2011-07-13,West Bengal,North 24 Parganas,Cholera,53.12,26.25,81.85,78.0
2011-07-14,Andhra Pradesh,Kadapa,Acute Diarrhoeal Disease,13.0,35.7,59.79,10.0
2011-07-14,Andhra Pradesh,Kadapa,Acute Diarrhoeal Disease,13.0,35.7,59.79,10.0
2011-07-14,Andhra Pradesh,Nellore,Acute Diarrhoeal Disease,8.42,33.82,56.01,31.0
2011-07-14,Karnataka,Dakshin Kannada,Dengue,97.99,25.78,84.57,2.0
2011-07-15,Jharkhand,East Singhbhum,Chikungunya,44.04,32.25,78.17,135.0
2011-07-15,Jharkhand,East Singhbhum,Chikungunya,44.04,32.25,78.17,1014.0
2011-07-15,Jharkhand,East Singhbhum,Chikungunya,44.04,32.25,78.17,3455.0
2011-07-15,Madhya Pradesh,Dindori,Malaria,40.69,32.33,77.2,159.0
2011-07-15,Maharashtra,Thane,Acute Diarrhoeal Disease,181.33,26.99,84.4,12.0
2011-07-15,Uttarakhand,Bageshwar,Acute Diarrhoeal Disease,119.18,10.0,89.45,19.0
2011-07-16,Chhattisgarh,Janjgir,Malaria,68.66,26.14,83.54,35.0
2011-07-17,Gujarat,Panchmahal,Acute Diarrhoeal Disease,53.8,30.03,80.82,4.0
2011-07-17,Gujarat,Panchmahal,Acute Diarrhoeal Disease,53.8,30.03,80.82,4.0
2011-07-17,Haryana,Gurgaon,Dengue,49.1,34.51,78.65,2.0
2011-07-17,Haryana,Gurgaon,Dengue,49.1,34.51,78.65,3.0
2011-07-17,Karnataka,Raichur,Acute Diarrhoeal Disease,51.78,37.77,78.17,17.0
2011-07-17,Madhya Pradesh,Indore,Cholera,97.46,30.03,83.29,1.0
2011-07-17,Maharashtra,Thane,Acute Diarrhoeal Disease,176.25,30.03,83.49,33.0
2011-07-18,Bihar,Gaya,Acute Diarrhoeal Disease,25.87,30.03,71.25,18.0
2011-07-18,Bihar,Munger,Malaria,42.81,28.96,78.83,126.0
2011-07-18,Madhya Pradesh,Chhindwara,Malaria,119.76,32.71,82.63,112.0
2011-07-18,Madhya Pradesh,Hoshangabad,Acute Diarrhoeal Disease,92.78,15.61,87.55,39.0
2011-07-19,Jharkhand,East Singhbhum,Acute Diarrhoeal Disease,51.19,30.03,80.39,35.0
2011-07-19,Karnataka,Haveri,Acute Diarrhoeal Disease,252.62,21.37,86.09,10.0
2011-07-20,Chhattisgarh,Raipur,Acute Diarrhoeal Disease,81.46,28.27,83.5,38.0
2011-07-20,Maharashtra,Yavatmal,Acute Diarrhoeal Disease,62.28,30.03,81.86,3.0
2011-07-20,Uttarakhand,Champawat,Acute Encephalitis Syndrome,202.71,26.75,84.47,1.0
2011-07-21,Assam,Sonitpur,Acute Diarrhoeal Disease,250.82,26.03,84.69,47.0
2011-07-21,Bihar,Rohtas,Acute Diarrhoeal Disease,83.09,23.39,85.01,35.0
2011-07-21,Chhattisgarh,Bilaspur,Acute Encephalitis Syndrome,115.24,30.03,83.42,5.0
2011-07-21,Madhya Pradesh,Narsinghpur,Acute Diarrhoeal Disease,246.88,30.03,83.49,46.0
2011-07-21,Uttar Pradesh,Jalaun,Acute Diarrhoeal Disease,109.92,32.37,82.69,16.0
2011-07-22,Bihar,Gaya,Acute Diarrhoeal Disease,101.43,30.03,83.33,24.0
2011-07-22,Maharashtra,Jalgaon,Malaria,52.49,30.03,80.61,11.0
2011-07-22,Maharashtra,Pune,Cholera,140.55,30.03,83.48,46.0
2011-07-22,Punjab,Kapurthala,Acute Diarrhoeal Disease,14.78,28.09,63.65,121.0
2011-07-23,Karnataka,Chitradurga,Acute Diarrhoeal Disease,29.82,30.03,73.47,16.0
2011-07-23,Karnataka,Chitradurga,Acute Diarrhoeal Disease,29.82,30.03,73.47,16.0
2011-07-23,Punjab,Ludhiana,Cholera,8.42,31.3,56.77,7.0
2011-07-23,Uttarakhand,Tehri,Acute Diarrhoeal Disease,74.51,24.12,84.47,8.0
2011-07-23,West Bengal,Murshidabad,Acute Diarrhoeal Disease,132.31,14.57,88.1,13.0
2011-07-23,West Bengal,Murshidabad,Acute Diarrhoeal Disease,132.31,14.57,88.1,14.0
2011-07-24,Bihar,Aurangabad,Acute Diarrhoeal Disease,81.85,30.03,82.98,8.0
2011-07-24,Chhattisgarh,Janjgir,Acute Diarrhoeal Disease,233.64,11.29,89.11,28.0
2011-07-24,Jammu and Kashmir,Ganderbal,Acute Diarrhoeal Disease,18.32,23.47,67.97,27.0
2011-07-24,West Bengal,Burdwan,Acute Diarrhoeal Disease,97.75,26.47,84.36,20.0
2011-07-25,Bihar,Lakhisarai,Acute Diarrhoeal Disease,56.78,30.03,81.24,14.0
2011-07-25,Bihar,Munger,Malaria,57.57,30.03,81.35,46.0
2011-07-25,Bihar,Patna,Acute Diarrhoeal Disease,69.13,30.03,82.4,7.0
2011-07-25,Karnataka,Hassan,Acute Diarrhoeal Disease,35.36,30.03,76.0,73.0
2011-07-25,Karnataka,Udupi,Malaria,300.0,30.03,83.49,130.0
2011-07-25,Madhya Pradesh,Tikamgarh,Acute Diarrhoeal Disease,205.5,30.03,83.49,46.0
2011-07-25,Maharashtra,Wardha,Chikungunya,90.23,30.03,83.18,10.0
2011-07-25,Odisha,Bolangir,Acute Diarrhoeal Disease,77.02,28.91,83.14,25.0
2011-07-25,Odisha,Ganjam,Acute Diarrhoeal Disease,5.0,30.9,58.43,12.0
2011-07-25,Tamil Nadu,Dharmapuri,Chikungunya,14.87,30.03,63.15,118.0
2011-07-25,Tamil Nadu,Erode,Chikungunya,39.81,36.27,75.74,25.0
2011-07-26,Bihar,Katihar,Acute Diarrhoeal Disease,43.85,29.26,79.02,19.0
2011-07-26,Bihar,Katihar,Acute Diarrhoeal Disease,43.85,29.26,79.02,19.0
2011-07-26,Madhya Pradesh,Vidisha,Acute Diarrhoeal Disease,297.84,30.03,83.49,59.0
2011-07-26,Maharashtra,Nashik,Dengue,56.64,10.0,87.24,2.0
2011-07-27,Karnataka,Bagalkot,Acute Diarrhoeal Disease,45.12,32.97,78.23,12.0
2011-07-27,Karnataka,Bagalkot,Acute Diarrhoeal Disease,45.12,32.97,78.23,12.0
2011-07-27,Karnataka,Tumkur,Chikungunya,30.13,32.71,72.83,15.0
2011-07-27,Maharashtra,Akola,Malaria,52.09,36.65,78.56,41.0
2011-07-27,Maharashtra,Sholapur,Acute Diarrhoeal Disease,52.76,34.74,79.24,11.0
2011-07-27,West Bengal,Burdwan,Acute Diarrhoeal Disease,34.23,28.29,76.06,22.0
2011-07-28,Andhra Pradesh,Kurnool,Acute Diarrhoeal Disease,98.57,30.03,83.3,21.0
2011-07-28,Andhra Pradesh,Kurnool,Acute Diarrhoeal Disease,98.57,30.03,83.3,40.0
2011-07-28,Bihar,Gaya,Acute Diarrhoeal Disease,42.66,34.33,77.18,12.0
2011-07-28,Bihar,Sheikhpura,Acute Diarrhoeal Disease,17.51,29.92,65.39,25.0
2011-07-28,Jammu and Kashmir,Srinagar,Acute Diarrhoeal Disease,42.91,23.7,80.43,27.0
2011-07-28,Jharkhand,Chatra,Acute Diarrhoeal Disease,20.07,33.74,66.22,8.0
2011-07-28,Madhya Pradesh,Ashok Nagar,Acute Diarrhoeal Disease,168.81,31.65,83.0,5.0
2011-07-28,Madhya Pradesh,Tikamgarh,Acute Diarrhoeal Disease,84.07,31.05,82.74,11.0
2011-07-28,Maharashtra,Jalna,Acute Diarrhoeal Disease,28.65,29.34,73.06,29.0
2011-07-28,Rajasthan,Udaipur,Acute Encephalitis Syndrome,37.73,30.34,76.81,2.0
2011-07-28,Uttar Pradesh,Allahabad,Acute Diarrhoeal Disease,40.0,32.09,77.05,16.0
2011-07-28,West Bengal,Cooch Bihar,Acute Encephalitis Syndrome,86.26,27.81,83.76,3.0
2011-08-01,Chandigarh,Chandigarh,Cholera,39.11,29.16,77.64,5.0
2011-08-01,Haryana,Gurgaon,Acute Diarrhoeal Disease,64.7,36.27,80.21,113.0
2011-08-01,Jharkhand,West Singhbhum,Chikungunya,22.52,29.05,69.39,194.0
2011-08-01,Madhya Pradesh,Vidisha,Acute Diarrhoeal Disease,50.58,26.97,81.2,9.0
2011-08-01,Odisha,Nayagarh,Acute Diarrhoeal Disease,15.74,28.47,64.36,47.0
2011-08-01,Rajasthan,Bikaner,Acute Diarrhoeal Disease,18.35,47.06,60.91,5.0
2011-08-02,Jammu and Kashmir,Anantnag,Acute Diarrhoeal Disease,24.92,22.79,72.84,41.0
2011-08-02,Telangana,Warangal,Acute Diarrhoeal Disease,67.82,30.18,82.27,20.0
2011-08-02,West Bengal,Bankura,Acute Diarrhoeal Disease,17.39,30.12,65.23,21.0
2011-08-03,Haryana,Palwal,Acute Diarrhoeal Disease,75.58,29.78,82.82,159.0
2011-08-04,Rajasthan,Alwar,Cholera,66.04,28.93,82.51,112.0
2011-08-05,Chhattisgarh,Janjgir,Acute Diarrhoeal Disease,62.84,28.44,82.39,15.0
2011-08-05,Chhattisgarh,Mahasamund,Malaria,50.81,30.93,80.05,108.0
2011-08-05,Jharkhand,West Singhbhum,Chikungunya,77.38,29.87,82.87,22.0
2011-08-05,Jharkhand,West Singhbhum,Chikungunya,77.38,29.87,82.87,5615.0
2011-08-05,Madhya Pradesh,Chhindwara,Acute Diarrhoeal Disease,120.66,29.63,83.56,60.0
2011-08-05,Maharashtra,Nanded,Acute Diarrhoeal Disease,39.86,28.71,78.02,73.0
2011-08-05,Maharashtra,Raigad,Acute Diarrhoeal Disease,300.0,28.11,84.07,29.0
2011-08-05,Tamil Nadu,Villupuram,Acute Diarrhoeal Disease,8.05,28.11,57.36,13.0
2011-08-06,Maharashtra,Jalna,Malaria,49.52,28.11,80.66,14.0
2011-08-07,Bihar,Aurangabad,Acute Diarrhoeal Disease,101.39,28.11,83.91,18.0
2011-08-07,Bihar,Nawada,Acute Diarrhoeal Disease,96.74,28.11,83.86,131.0
2011-08-07,Madhya Pradesh,Damoh,Acute Diarrhoeal Disease,123.51,28.11,84.02,25.0
2011-08-07,Uttar Pradesh,Lakhimpur Kheri,Acute Diarrhoeal Disease,124.59,15.8,87.72,48.0
2011-08-08,Bihar,Patna,Malaria,98.37,28.11,83.88,6.0
2011-08-08,Chhattisgarh,Raipur,Acute Diarrhoeal Disease,104.41,28.11,83.93,67.0
2011-08-08,Maharashtra,Akola,Acute Diarrhoeal Disease,63.3,28.11,82.53,17.0
2011-08-08,Maharashtra,Nanded,Acute Diarrhoeal Disease,27.49,28.11,72.79,10.0
2011-08-08,Rajasthan,Bikaner,Malaria,3.4,45.54,47.39,152.0
2011-08-08,Uttar Pradesh,Allahabad,Acute Diarrhoeal Disease,105.29,28.11,83.94,16.0
2011-08-09,Andhra Pradesh,Chittor,Acute Diarrhoeal Disease,6.25,23.79,56.85,29.0
2011-08-09,Karnataka,Belgaum,Acute Diarrhoeal Disease,88.58,28.11,83.72,17.0
2011-08-09,Maharashtra,Nagpur,Acute Encephalitis Syndrome,72.07,28.11,83.15,2.0
2011-08-09,Maharashtra,Nashik,Chikungunya,63.27,28.11,82.53,22.0
2011-08-09,Tamil Nadu,Dindigul,Acute Diarrhoeal Disease,34.88,37.05,73.7,13.0
2011-08-09,Tamil Nadu,Perambalur,Acute Diarrhoeal Disease,5.25,34.8,52.53,10.0
2011-08-09,Tamil Nadu,Perambalur,Acute Diarrhoeal Disease,5.25,34.8,52.53,32.0
2011-08-09,Uttar Pradesh,Budaun,Acute Diarrhoeal Disease,74.09,28.11,83.26,53.0
2011-08-09,Uttar Pradesh,Ghazipur,Acute Diarrhoeal Disease,119.96,10.0,89.45,12.0
2011-08-09,Uttar Pradesh,Mirzapur,Acute Diarrhoeal Disease,139.28,28.81,83.84,51.0
2011-08-10,Bihar,Gopalganj,Acute Diarrhoeal Disease,93.2,28.11,83.81,29.0
2011-08-10,Bihar,Jamui,Acute Diarrhoeal Disease,183.81,28.11,84.07,50.0
2011-08-10,Jammu and Kashmir,Badgam,Acute Diarrhoeal Disease,38.64,26.66,78.23,1634.0
2011-08-11,Tamil Nadu,Virudhunagar (Sivakasi),Acute Diarrhoeal Disease,15.31,44.63,59.15,11.0
2011-08-11,Telangana,Warangal,Acute Diarrhoeal Disease,5.6,33.95,53.14,54.0
2011-08-11,Uttar Pradesh,Jalaun,Malaria,84.79,28.11,83.64,34.0
2011-08-11,Uttar Pradesh,Saharanpur,Malaria,37.21,20.54,79.56,13.0
2011-08-11,West Bengal,Bankura,Acute Diarrhoeal Disease,221.72,28.11,84.07,123.0
2011-08-11,West Bengal,Bankura,Cholera,221.72,28.11,84.07,165.0
2011-08-11,West Bengal,Bankura,Cholera,221.72,28.11,84.07,189.0
2011-08-12,Karnataka,Belgaum,Acute Diarrhoeal Disease,40.84,21.73,80.42,88.0
2011-08-12,Madhya Pradesh,Sehore,Acute Diarrhoeal Disease,147.58,28.11,84.06,12.0
2011-08-13,Maharashtra,Gadchiroli,Chikungunya,23.89,25.2,71.46,72.0
2011-08-14,Bihar,Gaya,Acute Diarrhoeal Disease,192.72,28.11,84.07,17.0
2011-08-14,Bihar,Gopalganj,Acute Diarrhoeal Disease,44.15,28.1,79.45,5.0
2011-08-14,Bihar,Rohtas,Malaria,261.59,27.75,84.17,30.0
2011-08-14,Chhattisgarh,Mahasamund,Acute Diarrhoeal Disease,71.76,28.11,83.13,23.0
2011-08-14,Madhya Pradesh,Damoh,Acute Diarrhoeal Disease,159.0,28.11,84.06,126.0
2011-08-14,West Bengal,Bankura,Acute Diarrhoeal Disease,216.42,28.11,84.07,45.0
2011-08-14,West Bengal,Birbhum,Cholera,180.41,28.11,84.07,155.0
2011-08-14,West Bengal,Birbhum,Cholera,180.41,28.11,84.07,179.0
2011-08-14,West Bengal,Birbhum,Cholera,180.41,28.11,84.07,206.0
2011-08-14,West Bengal,Burdwan,Acute Diarrhoeal Disease,257.75,28.11,84.07,32.0
2011-08-15,Bihar,Aurangabad,Acute Diarrhoeal Disease,215.01,28.11,84.07,26.0
2011-08-15,Maharashtra,Parbhani,Chikungunya,25.15,28.42,71.3,57.0
2011-08-15,Telangana,Mahbubnagar,Dengue,9.57,30.63,58.09,42.0
2011-08-15,Telangana,Medak,Acute Diarrhoeal Disease,10.16,17.88,62.49,10.0
2011-08-15,West Bengal,Bankura,Acute Diarrhoeal Disease,195.33,28.11,84.07,39.0
2011-08-16,Bihar,Gaya,Acute Diarrhoeal Disease,132.81,28.11,84.04,23.0
2011-08-16,Bihar,Nawada,Acute Diarrhoeal Disease,132.81,28.11,84.04,18.0
2011-08-16,Karnataka,Gadag,Malaria,11.22,32.92,58.98,10.0
2011-08-16,West Bengal,Bankura,Acute Diarrhoeal Disease,146.47,26.67,84.49,90.0
2011-08-16,West Bengal,Bankura,Acute Diarrhoeal Disease,146.47,26.67,84.49,59.0
2011-08-16,West Bengal,Birbhum,Cholera,90.83,28.11,83.77,26.0
2011-08-16,West Bengal,Purulia,Acute Diarrhoeal Disease,185.49,28.11,84.07,62.0
2011-08-16,West Bengal,Purulia,Acute Diarrhoeal Disease,185.49,28.11,84.07,64.0
2011-08-17,Bihar,Lakhisarai,Acute Diarrhoeal Disease,83.61,27.39,83.82,20.0
2011-08-17,Bihar,Rohtas,Acute Diarrhoeal Disease,157.75,28.11,84.06,50.0
2011-08-17,Jharkhand,West Singhbhum,Malaria,197.34,28.11,84.07,51.0
2011-08-17,Karnataka,Chitradurga,Acute Diarrhoeal Disease,9.17,31.97,57.3,22.0
2011-08-17,Madhya Pradesh,Tikamgarh,Acute Diarrhoeal Disease,34.42,27.05,76.51,24.0
2011-08-18,Bihar,Rohtas,Acute Diarrhoeal Disease,131.22,28.11,84.04,25.0
2011-08-18,Gujarat,Vadodara,Cholera,93.29,25.71,84.53,23.0
2011-08-18,Jharkhand,East Singhbhum,Chikungunya,128.96,28.11,84.04,6156.0
2011-08-19,Chhattisgarh,Bilaspur,Acute Diarrhoeal Disease,120.78,28.11,84.02,21.0
2011-08-20,Bihar,Gaya,Acute Diarrhoeal Disease,241.36,28.11,84.07,29.0
2011-08-20,Haryana,Panchkula,Cholera,195.61,26.96,84.41,5.0
2011-08-20,West Bengal,Bankura,Cholera,93.3,27.06,84.12,73.0
2011-08-21,Bihar,Sheikhpura,Malaria,230.25,27.51,84.25,50.0
2011-08-21,Chhattisgarh,Raipur,Dengue,99.05,25.45,84.68,3.0
2011-08-21,Karnataka,Bidar,Chikungunya,43.04,33.65,77.49,26.0
2011-08-21,West Bengal,Bankura,Acute Diarrhoeal Disease,86.76,27.06,84.0,62.0
2011-08-21,West Bengal,Birbhum,Cholera,75.2,28.37,83.23,73.0
2011-08-21,West Bengal,Purulia,Acute Diarrhoeal Disease,89.0,25.25,84.59,28.0
2011-08-22,Bihar,Munger,Malaria,135.54,26.13,84.64,22.0
2011-08-22,Bihar,Nawada,Acute Diarrhoeal Disease,209.14,29.28,83.72,19.0
2011-08-22,Chhattisgarh,Janjgir,Cholera,221.63,26.39,84.58,20.0
2011-08-22,Chhattisgarh,Jashpur,Acute Diarrhoeal Disease,71.7,26.75,83.54,10.0
2011-08-22,Karnataka,Bidar,Cholera,60.64,28.11,82.27,6.0
2011-08-22,Maharashtra,Nashik,Chikungunya,36.77,27.35,77.35,19.0
2011-08-22,West Bengal,Bankura,Acute Diarrhoeal Disease,77.66,27.45,83.61,131.0
2011-08-22,West Bengal,Burdwan,Acute Diarrhoeal Disease,89.04,28.99,83.47,48.0
2011-08-23,Bihar,Gaya,Acute Encephalitis Syndrome,156.35,29.28,83.71,201.0
2011-08-23,Tamil Nadu,Coimbatore,Acute Diarrhoeal Disease,128.5,35.55,81.8,20.0
2011-08-24,Jharkhand,East Singhbhum,Chikungunya,46.03,24.13,81.1,9.0
2011-08-24,Karnataka,Mandya,Acute Diarrhoeal Disease,93.84,28.11,83.82,20.0
2011-08-26,Bihar,Jamui,Acute Diarrhoeal Disease,76.65,29.69,82.9,14.0
2011-08-26,Bihar,Jehanabad,Acute Diarrhoeal Disease,48.26,30.09,79.81,39.0
2011-08-26,Chhattisgarh,Surguja,Acute Diarrhoeal Disease,72.53,28.4,83.09,10.0
2011-08-26,Jammu and Kashmir,Badgam,Acute Diarrhoeal Disease,29.54,25.05,74.82,23.0
2011-08-26,Karnataka,Ramanagara,Acute Diarrhoeal Disease,105.15,28.11,83.94,19.0
2011-08-26,West Bengal,Dakshin Dinajpur,Acute Diarrhoeal Disease,50.58,15.41,84.67,22.0
2011-08-27,Bihar,Lakhisarai,Acute Diarrhoeal Disease,63.97,28.38,82.51,12.0
2011-08-27,Haryana,Ambala,Acute Diarrhoeal Disease,91.0,27.9,83.83,19.0
2011-08-27,Maharashtra,Pune,Dengue,65.95,23.77,84.06,11.0
2011-08-27,Maharashtra,Pune,Dengue,65.95,23.77,84.06,11.0
2011-08-27,West Bengal,Birbhum,Cholera,51.9,28.41,81.0,36.0
2011-08-28,Andhra Pradesh,Krishna,Dengue,57.3,27.67,82.02,45.0
2011-08-28,Bihar,Aurangabad,Acute Diarrhoeal Disease,57.19,29.28,81.52,9.0
2011-08-28,Chhattisgarh,Dhamtari,Acute Diarrhoeal Disease,107.38,28.13,83.95,20.0
2011-08-28,Chhattisgarh,Raipur,Acute Diarrhoeal Disease,74.7,29.07,83.0,103.0
2011-08-28,Gujarat,Navsari,Acute Diarrhoeal Disease,184.7,28.11,84.07,35.0
2011-08-28,Haryana,Palwal,Acute Diarrhoeal Disease,52.97,30.17,80.65,171.0
2011-08-28,Karnataka,Mandya,Acute Diarrhoeal Disease,45.98,28.11,79.9,16.0
2011-08-28,Maharashtra,Pune,Cholera,139.25,28.11,84.05,7.0
2011-08-28,Punjab,Patiala,Malaria,56.62,29.19,81.48,5.0
2011-08-28,Tamil Nadu,Ramanathapuram,Dengue,5.0,38.17,56.24,17.0
2011-08-28,Tamil Nadu,Thiruvallur,Chikungunya,16.14,28.11,64.8,35.0
2011-08-28,West Bengal,Bankura,Acute Diarrhoeal Disease,67.63,27.21,83.15,44.0
2011-08-28,West Bengal,Bankura,Acute Diarrhoeal Disease,67.63,27.21,83.15,44.0
2011-08-28,West Bengal,Bankura,Acute Diarrhoeal Disease,67.63,27.21,83.15,58.0
2011-08-28,West Bengal,Murshidabad,Acute Diarrhoeal Disease,47.54,27.35,80.47,23.0
2011-09-01,Bihar,Darbhanga,Acute Diarrhoeal Disease,12.27,28.24,61.36,81.0
2011-09-01,Bihar,Patna,Acute Diarrhoeal Disease,8.81,29.07,57.82,16.0
2011-09-01,Haryana,Gurgaon,Malaria,12.79,32.86,60.45,253.0
2011-09-02,Chhattisgarh,Bilaspur,Acute Diarrhoeal Disease,112.2,27.55,84.15,11.0
2011-09-02,Chhattisgarh,Janjgir,Acute Diarrhoeal Disease,87.08,27.13,83.99,14.0
2011-09-02,Madhya Pradesh,Raisen,Acute Diarrhoeal Disease,74.44,17.3,86.51,208.0
2011-09-02,Tamil Nadu,Coimbatore,Chikungunya,137.26,31.03,83.17,10.0
2011-09-03,Andhra Pradesh,Anantapur,Acute Diarrhoeal Disease,25.21,28.35,71.36,25.0
2011-09-03,Chhattisgarh,Janjgir,Cholera,78.29,27.13,83.73,20.0
2011-09-03,Madhya Pradesh,Katni,Acute Diarrhoeal Disease,67.04,27.49,83.02,13.0
2011-09-03,Maharashtra,Jalna,Dengue,85.33,28.35,83.58,20.0
2011-09-03,West Bengal,Malda,Acute Diarrhoeal Disease,35.58,28.11,76.67,36.0
2011-09-04,Assam,Marigaon,Acute Diarrhoeal Disease,40.12,27.93,78.34,22.0
2011-09-04,Chhattisgarh,Raigarh,Acute Diarrhoeal Disease,103.33,26.85,84.3,103.0
2011-09-04,Jharkhand,Simdega,Acute Diarrhoeal Disease,126.73,25.53,84.81,18.0
2011-09-04,Madhya Pradesh,Bhind,Chikungunya,49.36,30.14,80.02,46.0
2011-09-04,West Bengal,Bankura,Acute Diarrhoeal Disease,98.9,26.16,84.47,87.0
2011-09-05,Chhattisgarh,Dhamtari,Acute Diarrhoeal Disease,105.13,25.39,84.76,94.0
2011-09-05,Karnataka,Udupi,Malaria,300.0,20.95,86.21,10.0
2011-09-05,Punjab,Moga,Acute Diarrhoeal Disease,34.75,27.61,76.48,11.0
2011-09-05,Telangana,Warangal,Acute Diarrhoeal Disease,72.58,29.23,82.84,17.0
2011-09-05,Uttarakhand,Haridwar,Dengue,24.92,27.39,71.46,10.0
2011-09-05,West Bengal,Bankura,Acute Diarrhoeal Disease,97.52,27.25,84.12,57.0
2011-09-05,West Bengal,Howrah,Chikungunya/Dengue,122.92,27.05,84.34,538.0
2011-09-05,West Bengal,Howrah,Chikungunya,122.92,27.05,84.34,590.0
2011-09-06,Andhra Pradesh,Visakhapatnam,Acute Diarrhoeal Disease,61.72,28.35,82.31,15.0
2011-09-06,Chhattisgarh,Raipur,Dengue,126.88,26.67,84.46,4.0
2011-09-07,Andhra Pradesh,Krishna,Dengue,2.86,31.41,51.07,30.0
2011-09-08,Karnataka,Bidar,Acute Diarrhoeal Disease,60.92,26.56,82.77,41.0
2011-09-08,Punjab,Barnala,Acute Diarrhoeal Disease,42.08,29.87,78.35,33.0
2011-09-09,Chhattisgarh,Janjgir,Acute Diarrhoeal Disease,210.07,25.95,84.71,20.0
2011-09-09,Chhattisgarh,Mahasamund,Cholera,232.53,28.35,84.0,38.0
2011-09-09,Haryana,Gurgaon,Acute Diarrhoeal Disease,81.17,29.89,83.0,26.0
2011-09-09,Madhya Pradesh,Hoshangabad,Malaria,30.0,28.35,74.07,56.0
2011-09-10,Bihar,Rohtas,Malaria,80.22,28.76,83.31,50.0
2011-09-10,Bihar,Rohtas,Malaria,80.22,28.76,83.31,50.0
2011-09-10,Karnataka,Chikmagalur,Acute Diarrhoeal Disease,28.79,27.11,73.8,10.0
2011-09-11,Chhattisgarh,Bilaspur,Acute Diarrhoeal Disease,228.39,24.51,85.15,28.0
2011-09-11,Madhya Pradesh,Panna,Acute Diarrhoeal Disease,83.56,28.57,83.47,66.0
2011-09-12,Assam,Sibsagar,Acute Diarrhoeal Disease,86.72,27.9,83.75,17.0
2011-09-12,Karnataka,Uttara Kannada,Cholera,103.77,26.05,84.55,15.0
2011-09-12,Kerala,Wayanad (Kalpetta),Acute Diarrhoeal Disease,29.99,25.53,74.91,23.0
2011-09-12,Madhya Pradesh,Bhind,Malaria,66.56,28.9,82.56,52.0
2011-09-13,Rajasthan,Bharatpur,Malaria,58.33,28.44,81.92,25.0
2011-09-14,Chhattisgarh,Janjgir,Acute Diarrhoeal Disease,111.82,26.03,84.61,24.0
2011-09-14,Chhattisgarh,Rajnandgaon,Acute Diarrhoeal Disease,49.03,26.82,80.95,33.0
2011-09-14,Madhya Pradesh,Chhattarpur,Malaria,177.24,26.76,84.47,258.0
2011-09-14,Maharashtra,Nashik,Acute Diarrhoeal Disease,34.03,23.56,77.39,31.0
2011-09-14,Maharashtra,Nashik,Acute Diarrhoeal Disease,34.03,23.56,77.39,31.0
2011-09-15,Bihar,Nalanda,Acute Diarrhoeal Disease,58.9,29.58,81.64,17.0
2011-09-15,Chhattisgarh,Durg,Acute Diarrhoeal Disease,50.41,26.01,81.45,24.0
2011-09-15,Gujarat,Rajkot,Cholera,101.13,22.18,85.68,44.0
2011-09-15,Tamil Nadu,Coimbatore,Chikungunya,52.85,36.23,78.81,12.0
2011-09-15,West Bengal,Bankura,Acute Diarrhoeal Disease,44.25,28.54,79.34,93.0
2011-09-15,West Bengal,Bankura,Acute Diarrhoeal Disease,44.25,28.54,79.34,185.0
2011-09-16,Tamil Nadu,Dindigul,Dengue,58.78,31.17,81.15,6.0
2011-09-16,Tamil Nadu,Tiruvannamalai,Acute Diarrhoeal Disease,23.35,33.24,68.69,11.0
2011-09-16,Telangana,Mahbubnagar,Dengue,9.48,30.73,57.97,72.0
2011-09-18,Punjab,Moga,Acute Diarrhoeal Disease,83.35,26.2,84.17,15.0
2011-09-18,Uttar Pradesh,Bulandshahar,Malaria,30.31,27.89,74.36,49.0
2011-09-19,Bihar,Munger,Malaria,155.82,27.79,84.16,23.0
2011-09-19,Chhattisgarh,Durg,Acute Diarrhoeal Disease,85.52,25.64,84.4,52.0
2011-09-19,Karnataka,Bijapur,Dengue,13.59,32.39,61.31,12.0
2011-09-19,Madhya Pradesh,Khandwa,Malaria,39.67,28.34,78.07,17.0
2011-09-19,Madhya Pradesh,Tikamgarh,Chikungunya,42.15,27.0,79.23,80.0
2011-09-20,Assam,Baksa,Acute Diarrhoeal Disease,135.01,27.29,84.29,33.0
2011-09-20,Chhattisgarh,Dhamtari,Acute Diarrhoeal Disease,106.94,28.35,83.88,98.0
2011-09-20,West Bengal,Bankura,Acute Diarrhoeal Disease,127.01,28.35,83.96,19.0
2011-09-21,Maharashtra,Beed,Chikungunya,20.2,29.02,67.74,174.0
2011-09-21,West Bengal,Bankura,Acute Diarrhoeal Disease,121.63,28.35,83.95,17.0
2011-09-21,West Bengal,Howrah,Dengue And Chikungunya,124.33,27.39,84.24,18.0
2011-09-22,Assam,Nagaon,Acute Diarrhoeal Disease,86.21,24.67,84.7,8.0
2011-09-22,Bihar,Saharsa,Acute Diarrhoeal Disease,222.83,27.67,84.2,35.0
2011-09-22,Bihar,Saharsa,Acute Diarrhoeal Disease,222.83,27.67,84.2,20.0
2011-09-22,Uttar Pradesh,Ghazipur,Acute Diarrhoeal Disease,40.65,27.23,78.71,30.0
2011-09-22,West Bengal,Birbhum,Acute Diarrhoeal Disease,149.22,27.09,84.36,41.0
2011-09-23,Bihar,Aurangabad,Acute Diarrhoeal Disease,85.77,23.25,85.12,18.0
2011-09-23,Chhattisgarh,Bilaspur,Acute Diarrhoeal Disease,67.78,25.83,83.57,15.0
2011-09-23,Chhattisgarh,Raipur,Acute Diarrhoeal Disease,60.64,26.36,82.8,114.0
2011-09-23,Maharashtra,Osmanabad,Chikungunya,7.19,33.08,55.01,26.0
2011-09-23,Punjab,Jalandhar,Cholera,5.06,27.79,54.44,163.0
2011-09-23,West Bengal,Howrah,Acute Diarrhoeal Disease,101.34,26.11,84.51,493.0
2011-09-23,West Bengal,Purulia,Acute Diarrhoeal Disease,130.07,26.31,84.58,52.0
2011-09-24,Chhattisgarh,Janjgir,Malaria,89.6,26.59,84.2,12.0
2011-09-24,Madhya Pradesh,Shivpuri,Acute Diarrhoeal Disease,5.85,27.66,55.28,20.0
2011-09-24,Rajasthan,Tonk,Malaria,11.2,30.67,59.63,7.0
2011-09-25,Jharkhand,West Singhbhum,Acute Diarrhoeal Disease,98.18,26.39,84.39,13.0
2011-09-26,Bihar,Madhubani,Acute Diarrhoeal Disease,80.29,16.11,87.11,118.0
2011-09-26,Bihar,Munger,Malaria,94.93,26.98,84.17,18.0
2011-09-26,Gujarat,Sabarkantha,Chikungunya,6.79,26.99,56.43,11.0
2011-09-26,Karnataka,Bidar,Acute Diarrhoeal Disease,4.8,34.18,52.26,10.0
2011-09-26,Kerala,Wayanad,Acute Diarrhoeal Disease,15.29,26.44,64.59,18.0
2011-09-26,Madhya Pradesh,Sagar,Acute Diarrhoeal Disease,7.3,28.49,56.5,11.0
2011-09-26,Maharashtra,Akola,Chikungunya,7.47,31.91,55.64,98.0
2011-09-26,Maharashtra,Thane,Acute Diarrhoeal Disease,21.05,25.34,69.47,11.0
2011-09-26,West Bengal,Bankura,Acute Diarrhoeal Disease,59.21,27.47,82.31,134.0
2011-09-28,Assam,Karbi Anglong,Acute Diarrhoeal Disease,74.99,25.73,84.01,11.0
2011-09-28,Jharkhand,East Singhbhum,Acute Encephalitis Syndrome,16.87,27.79,65.51,14.0
2011-09-28,West Bengal,Murshidabad,Acute Diarrhoeal Disease,52.23,27.73,81.26,21.0
2011-10-01,Haryana,Panchkula,Chikungunya,7.68,28.88,56.76,37.0
2011-10-01,Tamil Nadu,Saidapet,Cholera,4.19,34.07,51.65,5.0
2011-10-01,West Bengal,Bardhaman,Chikungunya,28.9,27.76,73.67,150.0
2011-10-01,West Bengal,Burdwan,Chikungunya,28.37,28.23,73.24,60.0
2011-10-02,Maharashtra,Ahmednagar,Chikungunya,1.92,31.39,50.1,219.0
2011-10-02,Punjab,Hoshiarpur,Acute Diarrhoeal Disease,15.26,29.38,63.68,15.0
2011-10-02,Tamil Nadu,Kancheepuram,Dengue,4.19,33.29,51.89,7.0
2011-10-02,Tamil Nadu,Thanjavur,Dengue,5.76,31.95,53.91,20.0
2011-10-03,Madhya Pradesh,Dhar,Malaria,2.98,33.38,50.61,93.0
2011-10-04,Odisha,Ganjam,Acute Diarrhoeal Disease,5.0,28.8,59.06,18.0
2011-10-06,Bihar,Madhubani,Acute Diarrhoeal Disease,13.02,28.15,62.07,41.0
2011-10-06,Punjab,Mansa,Acute Diarrhoeal Disease,0.02,28.99,48.83,60.0
2011-10-06,Tamil Nadu,Karur,Acute Diarrhoeal Disease,13.1,33.01,60.69,13.0
2011-10-07,Bihar,Araria,Acute Diarrhoeal Disease,11.94,28.72,60.91,12.0
2011-10-07,Bihar,Lakhisarai,Acute Diarrhoeal Disease,7.69,29.31,56.64,8.0
2011-10-07,Bihar,Nawada,Acute Diarrhoeal Disease,9.65,28.23,58.89,22.0
2011-10-07,Kerala,Wayanad,Acute Diarrhoeal Disease,26.15,28.93,71.76,12.0
2011-10-07,Maharashtra,Osmanabad,Chikungunya,18.14,34.74,64.44,26.0
2011-10-07,Punjab,Jalandhar,Cholera,2.71,29.18,51.59,214.0
2011-10-08,Bihar,Araria,Acute Diarrhoeal Disease,11.66,28.38,60.76,31.0
2011-10-08,Bihar,Araria,Acute Diarrhoeal Disease,11.66,28.38,60.76,31.0
2011-10-08,Odisha,Nayagarh,Acute Diarrhoeal Disease,14.6,29.19,63.16,45.0
2011-10-09,Andhra Pradesh,East Godavari,Acute Diarrhoeal Disease,1.92,30.99,50.22,55.0
2011-10-10,Bihar,Munger,Malaria,19.75,29.8,67.17,32.0
2011-10-10,Chhattisgarh,Bilaspur,Acute Diarrhoeal Disease,6.9,29.04,55.93,26.0
2011-10-10,Haryana,Faridabad,Dengue,1.18,35.43,48.11,50.0
2011-10-10,Haryana,Faridabad,Dengue,1.18,35.43,48.11,69.0
2011-10-10,Karnataka,Belgaum,Chikungunya,28.01,30.18,72.46,20.0
2011-10-10,Madhya Pradesh,Khandwa,Chikungunya,0.22,35.07,47.21,300.0
2011-10-10,Madhya Pradesh,Khargone,Chikungunya,0.36,33.57,47.81,44.0
2011-10-10,Maharashtra,Ahmednagar,Chikungunya,2.71,32.26,50.66,167.0
2011-10-10,West Bengal,Hooghly,Chikungunya,8.8,29.93,57.55,42.0
2011-10-10,West Bengal,Hooghly,Chikungunya,8.8,29.93,57.55,94.0
2011-10-11,Bihar,Bhagalpur,Acute Diarrhoeal Disease,15.32,28.66,63.95,30.0
2011-10-11,Bihar,Madhubani,Acute Diarrhoeal Disease,12.26,28.59,61.24,20.0
2011-10-11,West Bengal,Nadia,Acute Diarrhoeal Disease,8.85,29.44,57.75,17.0
2011-10-12,Gujarat,Vadodara,Chikungunya,0.17,35.02,47.17,25.0
2011-10-12,Gujarat,Vadodara,Chikungunya,0.17,35.02,47.17,25.0
2011-10-12,Tamil Nadu,Kancheepuram,Dengue,33.9,32.03,74.79,49.0
2011-10-13,Jharkhand,East Singhbhum,Malaria,13.33,29.27,62.02,50.0
2011-10-13,Jharkhand,East Singhbhum,Acute Diarrhoeal Disease,13.33,29.27,62.02,12.0
2011-10-13,Madhya Pradesh,Burhanpur,Chikungunya,0.38,34.1,47.67,141.0
2011-10-13,Maharashtra,Beed,Dengue,14.81,34.22,61.84,19.0
2011-10-14,Haryana,Karnal,Acute Diarrhoeal Disease,4.77,31.3,53.08,37.0
2011-10-14,Haryana,Yamuna Nagar,Chikungunya,4.77,31.3,53.08,14.0
2011-10-14,Rajasthan,Bharatpur,Dengue,0.07,39.38,45.75,17.0
2011-10-14,Tamil Nadu,Tiruchirapalli,Dengue,67.84,31.52,81.87,16.0
2011-10-14,West Bengal,Nadia,Cholera,6.93,30.95,55.38,21.0
2011-10-15,Karnataka,Bidar,Acute Diarrhoeal Disease,28.87,32.77,72.15,15.0
2011-10-15,Karnataka,Bidar,Acute Diarrhoeal Disease,28.87,32.77,72.15,15.0
2011-10-15,Maharashtra,Osmanabad,Acute Diarrhoeal Disease,26.5,35.61,69.96,27.0
2011-10-15,Maharashtra,Raigad,Acute Diarrhoeal Disease,55.32,27.98,81.66,89.0
2011-10-15,Tamil Nadu,Tiruvannamalai,Cholera,64.97,33.26,81.13,12.0
2011-10-15,Uttar Pradesh,Auraiya,Malaria,0.0,34.15,47.26,39.0
2011-10-16,West Bengal,Bankura,Acute Diarrhoeal Disease,5.76,29.11,54.75,70.0
2011-10-16,West Bengal,Bankura,Acute Diarrhoeal Disease,5.76,29.11,54.75,74.0
2011-10-17,Maharashtra,Nashik,Chikungunya,30.19,29.59,73.79,17.0
2011-10-18,Bihar,Katihar,Acute Diarrhoeal Disease,3.46,29.48,52.27,24.0
2011-10-18,Maharashtra,Beed,Chikungunya,29.77,31.91,72.88,188.0
2011-10-18,Puducherry,Puducherry,Dengue,62.29,30.25,81.8,19.0
2011-10-18,Puducherry,Puducherry,Dengue,62.29,30.25,81.8,23.0
2011-10-18,Puducherry,Puducherry,Dengue,62.29,30.25,81.8,152.0
2011-10-19,Jharkhand,East Singhbhum,Acute Diarrhoeal Disease,5.43,29.23,54.39,24.0
2011-10-19,Jharkhand,West Singhbhum,Malaria,5.43,29.23,54.39,9.0
2011-10-20,Jharkhand,Dhanbad,Chikungunya,5.96,29.99,54.7,33.0
2011-10-20,Karnataka,Belgaum,Acute Diarrhoeal Disease,41.08,29.22,78.25,25.0
2011-10-20,Telangana,Mahabubnagar,Dengue,9.39,34.46,56.77,12.0
2011-10-21,Andhra Pradesh,Kadapa,Acute Diarrhoeal Disease,0.57,32.37,48.39,13.0
2011-10-21,West Bengal,Howrah,Dengue,15.9,30.72,63.82,84.0
2011-10-22,Maharashtra,Nashik,Acute Diarrhoeal Disease,28.96,30.82,72.78,117.0
2011-10-22,Manipur,Churachandpur,Dengue,98.85,24.41,84.99,71.0
2011-10-23,Andhra Pradesh,Kadapa,Acute Diarrhoeal Disease,0.67,34.34,47.9,33.0
2011-10-23,Odisha,Sambalpur,Acute Diarrhoeal Disease,7.5,28.23,56.77,22.0
2011-10-24,Bihar,Munger,Malaria,28.53,27.93,73.41,89.0
2011-10-24,Karnataka,Hassan,Cholera,33.73,28.74,75.71,19.0
2011-10-25,Karnataka,Bidar,Acute Diarrhoeal Disease,1.2,35.22,48.19,69.0
2011-10-25,West Bengal,Dakshin Dinajpur,Malaria,13.42,27.51,62.63,30.0
2011-10-26,Assam,Chirang,Malaria,3.58,24.87,53.78,297.0
2011-10-26,Madhya Pradesh,Neemuch,Malaria,0.01,37.14,46.37,65.0
2011-10-28,Bihar,Katihar,Acute Diarrhoeal Disease,1.81,29.22,50.63,31.0
2011-10-28,Karnataka,Bijapur,Acute Diarrhoeal Disease,4.02,35.0,51.2,29.0
2011-10-28,Madhya Pradesh,Khandwa,Chikungunya,0.01,36.72,46.49,400.0
2011-10-28,Maharashtra,Ahmednagar,Chikungunya,0.16,32.85,47.82,31.0
2011-10-28,Maharashtra,Nashik,Chikungunya,0.02,29.66,48.62,15.0
2011-10-28,Odisha,Balasore,Acute Diarrhoeal Disease,1.16,28.67,50.12,85.0
2011-10-28,Rajasthan,Udaipur,Malaria,0.01,33.63,47.42,23.0
2011-10-28,West Bengal,Burdwan,Acute Diarrhoeal Disease,0.82,29.27,49.58,75.0
2011-11-01,Madhya Pradesh,Dhar,Chikungunya,0.01,36.98,46.41,10.0
2011-11-01,Madhya Pradesh,Umaria,Malaria,0.01,30.05,48.49,150.0
2011-11-02,Karnataka,Dharwad,Acute Diarrhoeal Disease,5.43,32.87,53.29,12.0
2011-11-02,Madhya Pradesh,Mandsaur,Malaria,0.01,34.9,47.04,29.0
2011-11-02,Madhya Pradesh,Rajgarh,Chikungunya,0.01,37.04,46.39,62.0
2011-11-03,Andhra Pradesh,Chittoor,Acute Diarrhoeal Disease,72.65,28.91,82.94,45.0
2011-11-03,Assam,Sonitpur,Malaria,8.35,26.73,58.07,15.0
2011-11-03,Bihar,Lakhisarai,Acute Diarrhoeal Disease,0.23,27.73,49.42,45.0
2011-11-03,Karnataka,Haveri,Acute Diarrhoeal Disease,6.89,25.37,57.02,54.0
2011-11-03,Madhya Pradesh,Gwalior,Chikungunya,0.01,34.59,47.13,151.0
2011-11-03,Madhya Pradesh,Tikamgarh,Chikungunya,0.01,34.68,47.1,63.0
2011-11-03,West Bengal,Jalpaiguri,Chikungunya,1.13,24.91,51.22,21.0
2011-11-03,West Bengal,Jalpaiguri,Chikungunya,1.13,24.91,51.22,780.0
2011-11-04,Jharkhand,West Singhbhum,Malaria,0.01,28.62,48.92,104.0
2011-11-04,Maharashtra,Ahmednagar,Dengue,0.16,33.72,47.55,10.0
2011-11-04,West Bengal,Burdwan,Acute Diarrhoeal Disease,0.01,28.89,48.84,16.0
2011-11-05,Madhya Pradesh,Shahdol,Acute Diarrhoeal Disease,0.0,29.32,48.71,35.0
2011-11-06,Assam,Chirang,Malaria,2.72,23.46,53.31,87.0
2011-11-07,Bihar,Munger,Malaria,2.12,26.8,51.68,10.0
2011-11-07,Bihar,Nalanda,Chikungunya,0.09,28.48,49.05,24.0
2011-11-08,Chhattisgarh,Bilaspur,Malaria,0.0,30.5,48.35,53.0
2011-11-08,Chhattisgarh,Raigarh,Acute Diarrhoeal Disease,0.0,29.3,48.71,12.0
2011-11-08,West Bengal,Burdwan,Acute Diarrhoeal Disease,0.01,28.71,48.9,30.0
2011-11-10,West Bengal,Bankura,Acute Diarrhoeal Disease,0.01,28.79,48.87,25.0
2011-11-11,Madhya Pradesh,Bhopal,Chikungunya,0.01,33.51,47.45,6.0
2011-11-11,Madhya Pradesh,Mandla,Malaria,0.01,30.82,48.26,33.0
2011-11-12,Gujarat,Bhavnagar,Acute Diarrhoeal Disease,0.01,37.02,46.4,75.0
2011-11-12,Madhya Pradesh,Chhindwara,Chikungunya,0.01,33.04,47.59,20.0
2011-11-12,Odisha,Dhenkanal,Acute Diarrhoeal Disease,0.01,30.07,48.48,35.0
2011-11-12,Tamil Nadu,Sivaganga,Dengue,26.03,31.3,70.97,6.0
2011-11-13,Andhra Pradesh,Prakasam,Acute Diarrhoeal Disease,0.01,33.85,47.36,20.0
2011-11-14,Bihar,Aurangabad,Malaria,0.0,28.47,48.97,22.0
2011-11-14,Tamil Nadu,Ramanathapuram,Dengue,5.0,30.93,58.42,20.0
2011-11-15,Gujarat,Rajkot,Acute Diarrhoeal Disease,0.0,35.76,46.78,20.0
2011-11-15,Gujarat,Rajkot,Acute Diarrhoeal Disease,0.0,35.76,46.78,20.0
2011-11-15,West Bengal,Birbhum,Acute Diarrhoeal Disease,2.66,29.96,51.3,34.0
2011-11-16,Bihar,Araria,Acute Diarrhoeal Disease,4.78,26.48,54.54,12.0
2011-11-16,Maharashtra,Thane,Malaria,0.0,31.88,47.94,124.0
2011-11-16,Tamil Nadu,Thoothukudi,Acute Diarrhoeal Disease,9.36,34.51,56.73,20.0
2011-11-17,Gujarat,Amreli,Acute Diarrhoeal Disease,0.0,34.65,47.11,48.0
2011-11-17,Gujarat,Amreli,Acute Diarrhoeal Disease,0.0,34.65,47.11,98.0
2011-11-17,Kerala,Wayanad,Acute Diarrhoeal Disease,1.66,24.66,51.84,10.0
2011-11-18,Gujarat,Anand,Acute Diarrhoeal Disease,0.0,34.41,47.18,28.0
2011-11-18,Jharkhand,West Singhbhum,Malaria,2.94,29.23,51.81,438.0
2011-11-18,Madhya Pradesh,Panna,Malaria,0.01,33.14,47.56,25.0
2011-11-18,Maharashtra,Washim,Chikungunya,0.0,36.25,46.63,7.0
2011-11-18,Tamil Nadu,Perambalur,Dengue,5.39,30.59,53.93,24.0
2011-11-19,Tamil Nadu,Kancheepuram,Cholera,5.62,30.44,54.22,13.0
2011-11-19,Tamil Nadu,Villupuram,Acute Diarrhoeal Disease,24.8,28.71,70.99,21.0
2011-11-21,Madhya Pradesh,Chhindwara,Malaria,0.01,32.86,47.65,65.0
2011-11-21,Maharashtra,Nashik,Chikungunya,0.01,33.55,47.45,17.0
2011-11-22,Gujarat,Rajkot,Acute Diarrhoeal Disease,0.01,35.62,46.82,231.0
2011-11-22,Maharashtra,Gadchiroli,Malaria,0.01,29.63,48.62,40.0
2011-11-23,Maharashtra,Ahmednagar,Dengue,0.01,35.02,47.0,9.0
2011-11-25,Andhra Pradesh,Chittoor,Acute Diarrhoeal Disease,3.87,26.75,53.52,43.0
2011-11-28,Assam,Chirang,Malaria,0.01,23.47,50.47,76.0
2011-11-28,Karnataka,Tumkur,Acute Diarrhoeal Disease,26.85,27.97,72.46,337.0
2011-11-28,Kerala,Palakkad,Acute Diarrhoeal Disease,76.94,26.96,83.73,10.0
2011-11-28,Maharashtra,Jalgaon,Chikungunya,0.01,31.33,48.11,24.0
2011-11-28,West Bengal,Murshidabad,Acute Diarrhoeal Disease,0.0,28.92,48.83,29.0
2011-12-02,Gujarat,Rajkot,Acute Diarrhoeal Disease,0.08,32.08,47.97,29.0
2011-12-03,Haryana,Gurgaon,Acute Diarrhoeal Disease,0.01,25.35,49.9,109.0
2011-12-04,Jharkhand,West Singhbhum,Malaria,0.01,26.84,49.45,24.0
2011-12-04,Maharashtra,Raigad,Acute Diarrhoeal Disease,4.01,31.69,52.18,27.0
2011-12-05,Gujarat,Bharuch,Acute Diarrhoeal Disease,0.01,33.44,47.47,30.0
2011-12-05,Jharkhand,Seraikela- Kharsawan (West Singhbhum),Malaria,0.01,25.61,49.82,38.0
2011-12-06,Gujarat,Bhavnagar,Acute Diarrhoeal Disease,0.0,34.4,47.19,17.0
2011-12-06,Tamil Nadu,Tuticorin,Acute Diarrhoeal Disease,21.15,28.87,68.48,29.0
2011-12-06,West Bengal,Malda,Acute Diarrhoeal Disease,0.49,27.26,49.83,40.0
2011-12-07,Gujarat,Patan,Chikungunya,0.01,36.6,46.52,13.0
2011-12-07,Maharashtra,Raigad,Dengue,0.01,32.37,47.8,47.0
2011-12-08,Gujarat,Surat,Acute Diarrhoeal Disease,0.0,32.25,47.83,40.0
2011-12-08,Karnataka,Belgaum,Acute Diarrhoeal Disease,0.01,32.13,47.87,10.0
2011-12-08,Karnataka,Belgaum,Acute Diarrhoeal Disease,0.01,32.13,47.87,10.0
2011-12-08,Tamil Nadu,Salem,Chikungunya,12.49,28.67,61.43,15.0
2011-12-08,Tamil Nadu,Thiruvallur,Cholera,3.85,29.97,52.53,31.0
2011-12-09,Maharashtra,Nashik,Dengue,0.0,32.91,47.63,6.0
2011-12-11,Jharkhand,Saraikela Kharsawan,Acute Diarrhoeal Disease,0.0,26.52,49.55,62.0
2011-12-11,Jharkhand,West Singhbhum,Malaria,0.0,27.16,49.36,99.0
2011-12-11,Tamil Nadu,Tiruvannamalai,Cholera,5.39,28.72,54.49,10.0
2011-12-12,Madhya Pradesh,Khargone,Chikungunya,0.0,33.23,47.53,105.0
2011-12-12,Tamil Nadu,Dindigul,Acute Diarrhoeal Disease,13.54,27.48,62.74,15.0
2011-12-12,Tamil Nadu,Thiruvannamalai,Cholera,11.4,28.86,60.37,15.0
2011-12-13,Andhra Pradesh,Krishna,Acute Diarrhoeal Disease,3.8,29.19,52.72,48.0
2011-12-13,Haryana,Ambala,Acute Diarrhoeal Disease,17.05,19.75,68.07,49.0
2011-12-14,Andhra Pradesh,Visakhapatnam,Chikungunya,0.53,29.23,49.28,12.0
2011-12-14,Tamil Nadu,Cuddalore,Chikungunya,10.01,26.19,59.85,33.0
2011-12-15,Tamil Nadu,Ariyalur,Dengue,9.01,26.8,58.69,7.0
2011-12-16,West Bengal,South 24 Parganas,Acute Diarrhoeal Disease,0.61,23.82,51.0,25.0
2011-12-16,West Bengal,South 24 Parganas,Acute Diarrhoeal Disease,0.61,23.82,51.0,23.0
2011-12-18,Tamil Nadu,Erode,Dengue,1.4,29.27,50.18,14.0
2011-12-18,Tamil Nadu,Thanjavur,Acute Diarrhoeal Disease,5.63,27.22,55.19,32.0
2011-12-18,Tamil Nadu,Tiruvannamalai,Chikungunya,4.81,27.55,54.25,9.0
2011-12-20,Maharashtra,Pune,Dengue,0.01,29.25,48.73,17.0
2011-12-20,Maharashtra,Pune,Dengue,0.01,29.25,48.73,17.0
2011-12-26,Kerala,Trivandrum,Dengue And Chikungunya,1.76,28.32,50.85,178.0
2012-01-01,Tamil Nadu,Cuddalore,Cholera,82.31,23.45,84.97,17.0
2012-01-01,Tamil Nadu,Thoothukudi,Dengue,15.55,25.52,65.09,42.0
2012-01-03,Tamil Nadu,Theni,Cholera,42.04,26.88,79.24,21.0
2012-01-05,Karnataka,Haveri,Acute Diarrhoeal Disease,0.77,27.45,50.08,62.0
2012-01-06,Andhra Pradesh,Nellore,Acute Diarrhoeal Disease,11.45,27.82,60.73,10.0
2012-01-08,Tamil Nadu,Thoothukudi,Acute Diarrhoeal Disease,6.2,30.36,54.83,15.0
2012-01-10,Tamil Nadu,Ramanathapuram,Dengue,5.0,26.69,59.69,30.0
2012-01-10,Tamil Nadu,Salem,Dengue,1.09,29.07,49.92,9.0
2012-01-11,Tamil Nadu,Dindigul,Chikungunya,7.03,25.97,56.98,69.0
2012-01-12,Tamil Nadu,Dindigul,Acute Diarrhoeal Disease,9.09,26.27,58.93,12.0
2012-01-15,Gujarat,Banaskantha,Acute Diarrhoeal Disease,0.0,25.1,49.97,84.0
2012-01-15,Gujarat,Banaskantha,Acute Diarrhoeal Disease,0.0,25.1,49.97,84.0
2012-01-15,Tamil Nadu,Dindigul,Cholera,9.71,27.01,59.31,16.0
2012-01-17,Gujarat,Kheda,Acute Diarrhoeal Disease,0.2,25.72,49.99,41.0
2012-01-17,Gujarat,Surendranagar,Acute Diarrhoeal Disease,0.32,27.82,49.49,138.0
2012-01-18,Meghalaya,East Khasi Hills,Acute Diarrhoeal Disease,1.88,15.94,54.69,71.0
2012-01-19,Tamil Nadu,Dindigul,Cholera,1.5,26.39,51.16,10.0
2012-01-20,Tamil Nadu,Virudhunagar,Acute Diarrhoeal Disease,0.11,28.95,48.93,26.0
2012-01-23,Andhra Pradesh,West Godavari,Dengue,0.07,27.54,49.31,3.0
2012-01-23,Gujarat,Banaskantha,Acute Diarrhoeal Disease,0.07,24.0,50.37,25.0
2012-01-23,Odisha,Cuttack,Acute Diarrhoeal Disease,0.02,26.35,49.62,31.0
2012-01-23,Odisha,Koraput,Acute Diarrhoeal Disease,0.01,28.58,48.94,6.0
2012-01-24,Kerala,Idukki,Cholera,2.85,27.65,52.19,4.0
2012-01-25,Tamil Nadu,Thiruvarur,Acute Diarrhoeal Disease,0.01,28.23,49.04,10.0
2012-01-26,Karnataka,Belgaum,Cholera,0.01,32.12,47.87,24.0
2012-01-26,Odisha,Nayagarh,Acute Diarrhoeal Disease,0.04,27.32,49.34,15.0
2012-01-27,Arunachal Pradesh,Kurung Kumey,Acute Diarrhoeal Disease,18.21,10.0,71.92,85.0
2012-01-27,Arunachal Pradesh,Kurung Kumey,Acute Diarrhoeal Disease,18.21,10.0,71.92,114.0
2012-01-28,Karnataka,Chamarajnagar,Cholera,0.01,35.34,46.9,72.0
2012-01-28,Karnataka,Davangere,Acute Diarrhoeal Disease,0.01,34.23,47.24,50.0
2012-01-28,Karnataka,Hassan,Acute Diarrhoeal Disease,0.01,30.89,48.24,50.0
2012-02-02,Karnataka,Hassan,Acute Diarrhoeal Disease,0.01,31.35,48.11,30.0
2012-02-05,Gujarat,Bharuch,Acute Diarrhoeal Disease,0.01,31.17,48.16,88.0
2012-02-06,Kerala,Wayanad,Acute Diarrhoeal Disease,0.78,30.21,49.25,10.0
2012-02-08,Gujarat,Bharuch,Acute Diarrhoeal Disease,0.01,32.0,47.91,88.0
2012-02-09,Gujarat,Anand,Acute Diarrhoeal Disease,0.0,28.48,48.96,26.0
2012-02-09,Kerala,Alappuzha,Acute Diarrhoeal Disease,1.41,29.63,50.09,23.0
2012-02-13,Tamil Nadu,Thoothukudi,Acute Diarrhoeal Disease,23.0,31.99,68.83,19.0
2012-02-14,Kerala,Kozhikode,Acute Diarrhoeal Disease,6.87,31.54,55.16,17.0
2012-02-15,Assam,Udalguri,Acute Diarrhoeal Disease,4.56,19.06,56.54,30.0
2012-02-15,Maharashtra,Raigad,Acute Diarrhoeal Disease,0.01,32.69,47.7,18.0
2012-02-16,Chhattisgarh,Raigarh,Acute Diarrhoeal Disease,5.91,24.8,56.21,99.0
2012-02-16,Tamil Nadu,Cuddalore,Chikungunya,1.69,30.69,50.07,30.0
2012-02-18,Maharashtra,Nanded,Acute Diarrhoeal Disease,0.05,36.4,46.63,23.0
2012-02-18,West Bengal,North 24 Parganas,Acute Diarrhoeal Disease,5.17,22.98,55.99,30.0
2012-02-18,West Bengal,North 24 Parganas,Acute Diarrhoeal Disease,5.17,22.98,55.99,95.0
2012-02-19,West Bengal,Howrah,Acute Diarrhoeal Disease,3.65,25.76,53.59,76.0
2012-02-20,Tamil Nadu,Ramanathapuram,Dengue,5.0,31.94,58.11,10.0
2012-02-21,Karnataka,Chikkaballapur,Acute Diarrhoeal Disease,0.0,38.5,45.95,29.0
2012-02-21,Tamil Nadu,Ramanathapuram,Dengue,5.0,31.15,58.35,40.0
2012-02-24,Tamil Nadu,Thoothukudi,Acute Diarrhoeal Disease,0.01,35.27,46.94,14.0
2012-02-25,Madhya Pradesh,Dindori,Acute Diarrhoeal Disease,0.01,32.91,47.63,63.0
2012-02-26,Tamil Nadu,Madurai,Cholera,0.01,34.75,47.08,12.0
2012-02-28,Karnataka,Haveri,Acute Diarrhoeal Disease,0.01,30.08,48.49,30.0
2012-03-01,Tamil Nadu,Thanjavur,Acute Diarrhoeal Disease,0.04,36.18,46.69,19.0
2012-03-01,Tamil Nadu,Thanjavur,Acute Diarrhoeal Disease,0.04,36.18,46.69,10.0
2012-03-01,Tamil Nadu,Thanjavur,Acute Diarrhoeal Disease,0.04,36.18,46.69,19.0
2012-03-01,Tamil Nadu,Thoothukudi,Chikungunya,0.64,38.87,46.51,55.0
2012-03-02,Odisha,Mayurbhanj,Acute Diarrhoeal Disease,0.01,32.94,47.63,35.0
2012-03-02,Tamil Nadu,Villupuram,Chikungunya,0.47,33.66,47.9,12.0
2012-03-06,Maharashtra,Sangli,Dengue,0.01,41.38,45.09,71.0
2012-03-06,Maharashtra,Satara,Acute Diarrhoeal Disease,0.01,43.79,44.37,104.0
2012-03-07,Odisha,Dhenkanal,Acute Diarrhoeal Disease,0.29,33.96,47.61,13.0
2012-03-10,Gujarat,Rajkot,Acute Diarrhoeal Disease,0.02,36.05,46.7,61.0
2012-03-11,Assam,Darrang,Acute Diarrhoeal Disease,3.95,23.86,54.47,10.0
2012-03-11,Maharashtra,Beed,Acute Diarrhoeal Disease,0.01,41.32,45.12,54.0
2012-03-12,Assam,Lakhimpur,Acute Diarrhoeal Disease,56.96,25.29,82.69,10.0
2012-03-13,Karnataka,Mysore,Cholera,0.02,35.03,47.01,12.0
2012-03-15,Karnataka,Udupi,Malaria,0.25,30.22,48.7,38.0
2012-03-17,Arunachal Pradesh,West Siang,Acute Diarrhoeal Disease,142.42,16.84,87.43,284.0
2012-03-17,Tamil Nadu,Cuddalore,Dengue,9.79,32.13,57.86,32.0
2012-03-17,Tamil Nadu,Perambalur,Acute Diarrhoeal Disease,8.67,34.32,56.1,15.0
2012-03-18,Assam,Goalpara,Acute Diarrhoeal Disease,3.36,29.49,52.17,11.0
2012-03-18,Gujarat,Surendranagar,Acute Diarrhoeal Disease,0.01,39.84,45.56,91.0
2012-03-19,Odisha,Angul,Acute Diarrhoeal Disease,0.1,35.09,47.08,15.0
2012-03-19,Tamil Nadu,Perambalur,Acute Diarrhoeal Disease,5.58,35.4,52.68,10.0
2012-03-19,Tamil Nadu,Pudukottai,Dengue,9.14,32.86,57.01,64.0
2012-03-20,Karnataka,Raichur,Dengue,0.03,43.96,44.34,19.0
2012-03-20,Tamil Nadu,Perambalur,Acute Diarrhoeal Disease,3.39,39.05,49.33,42.0
2012-03-21,Tamil Nadu,Perambalur,Acute Diarrhoeal Disease,1.88,39.49,47.62,23.0
2012-03-21,Telangana,Medak,Acute Diarrhoeal Disease,0.01,43.48,44.46,39.0
2012-03-22,Telangana,Nizamabad,Acute Diarrhoeal Disease,0.0,38.06,46.09,13.0
2012-03-24,Tamil Nadu,Perambalur,Dengue,0.04,40.01,45.54,22.0
2012-03-26,Tamil Nadu,Thanjavur,Cholera,0.01,39.79,45.57,3.0
2012-03-27,Maharashtra,Nashik,Acute Diarrhoeal Disease,0.01,41.63,45.02,90.0
2012-03-27,West Bengal,Purba Medinipur,Acute Diarrhoeal Disease,0.13,32.42,47.91,20.0
2012-03-28,Bihar,Araria,Acute Diarrhoeal Disease,0.05,28.68,48.95,29.0
2012-03-28,Gujarat,Kutch,Acute Diarrhoeal Disease,0.01,39.38,45.7,50.0
2012-03-28,Gujarat,Surat,Acute Diarrhoeal Disease,0.01,36.08,46.68,34.0
2012-03-28,Karnataka,Hassan,Acute Diarrhoeal Disease,0.01,39.94,45.53,198.0
2012-03-28,Madhya Pradesh,Khargone,Acute Diarrhoeal Disease,0.01,45.98,43.72,28.0
2012-03-28,Maharashtra,Dhule,Acute Diarrhoeal Disease,0.01,44.91,44.03,21.0
2012-03-28,Rajasthan,Alwar,Acute Diarrhoeal Disease,0.13,33.94,47.45,39.0
2012-03-28,Tamil Nadu,Trichy,Dengue,1.98,40.57,47.4,38.0
2012-03-28,Tamil Nadu,Trichy,Dengue,1.98,40.57,47.4,40.0
2012-03-28,West Bengal,Nadia,Acute Diarrhoeal Disease,0.01,32.62,47.73,41.0
2012-04-03,Andhra Pradesh,Prakasam,Acute Diarrhoeal Disease,0.3,40.64,45.63,60.0
2012-04-04,Gujarat,Narmada,Chikungunya,0.01,42.64,44.72,16.0
2012-04-04,Karnataka,Mysore,Cholera,0.64,38.87,46.51,181.0
2012-04-04,Rajasthan,Dungarpur,Acute Diarrhoeal Disease,0.01,43.86,44.35,322.0
2012-04-04,Tamil Nadu,Dharmapuri,Dengue,0.49,36.73,46.99,37.0
2012-04-06,Karnataka,Tumkur,Cholera,1.84,40.35,47.32,27.0
2012-04-06,Maharashtra,Sholapur,Dengue,0.87,44.02,45.2,65.0
2012-04-06,Rajasthan,Jaipur,Acute Diarrhoeal Disease,0.16,44.34,44.36,81.0
2012-04-07,Karnataka,Chamarajanagar,Acute Diarrhoeal Disease,1.79,39.26,47.6,15.0
2012-04-08,Gujarat,Jamnagar,Chikungunya,0.0,45.64,43.81,54.0
2012-04-11,Karnataka,Mandya,Acute Diarrhoeal Disease,1.16,36.27,47.83,17.0
2012-04-11,Karnataka,Tumkur,Dengue,0.75,40.19,46.23,26.0
2012-04-11,Rajasthan,Bikaner,Acute Diarrhoeal Disease,0.7,48.0,43.84,19.0
2012-04-14,Odisha,Ganjam,Chikungunya,5.0,33.44,57.66,79.0
2012-04-14,Tamil Nadu,Krishnagiri,Acute Diarrhoeal Disease,0.35,40.27,45.78,11.0
2012-04-14,Tamil Nadu,Tiruchirappalli,Chikungunya,1.53,40.35,47.0,34.0
2012-04-15,Maharashtra,Beed,Chikungunya,0.11,47.15,43.47,18.0
2012-04-15,Maharashtra,Jalgaon,Acute Diarrhoeal Disease,0.09,47.56,43.32,40.0
2012-04-16,Kerala,Wayanad,Acute Diarrhoeal Disease,12.75,35.29,59.68,13.0
2012-04-16,Tamil Nadu,Dindigul,Dengue,2.24,38.67,48.24,12.0
2012-04-16,Tamil Nadu,Tiruchirapalli,Chikungunya,1.56,42.9,46.26,29.0
2012-04-17,Karnataka,Gulbarga,Acute Diarrhoeal Disease,10.51,45.28,54.6,21.0
2012-04-17,Tamil Nadu,Thoothukudi,Chikungunya,7.55,38.83,53.65,12.0
2012-04-18,Tamil Nadu,Tirunelveli,Dengue,7.16,41.05,52.59,188.0
2012-04-18,Tamil Nadu,Tirunelveli,Dengue,7.16,41.05,52.59,393.0
2012-04-18,Tamil Nadu,Tirunelveli,Dengue,7.16,41.05,52.59,343.0
2012-04-18,Tamil Nadu,Tirunelveli,Dengue,7.16,41.05,52.59,303.0
2012-04-18,Tamil Nadu,Tirunelveli,Dengue,7.16,41.05,52.59,326.0
2012-04-18,Uttar Pradesh,Unnao,Acute Diarrhoeal Disease,2.29,35.38,49.28,75.0
2012-04-19,Andhra Pradesh,Prakasam,Dengue,1.31,44.72,45.45,35.0
2012-04-19,Tamil Nadu,Dharmapuri,Chikungunya,0.16,41.1,45.34,28.0
2012-04-19,West Bengal,Dakshin Dinajpur,Acute Diarrhoeal Disease,3.27,28.21,52.46,80.0
2012-04-20,Maharashtra,Nashik,Dengue,0.45,43.52,44.92,16.0
2012-04-20,Tamil Nadu,Erode,Acute Diarrhoeal Disease,0.54,40.74,45.85,50.0
2012-04-21,Kerala,Wayanad,Acute Diarrhoeal Disease,49.31,32.21,79.38,8.0
2012-04-22,Karnataka,Belgaum,Acute Diarrhoeal Disease,17.56,38.28,62.92,12.0
2012-04-22,Kerala,Wayanad,Acute Diarrhoeal Disease,54.23,31.15,80.55,8.0
2012-04-23,Jammu and Kashmir,Kathua,Acute Diarrhoeal Disease,4.89,29.45,53.76,126.0
2012-04-23,Maharashtra,Satara,Acute Diarrhoeal Disease,8.42,44.2,52.9,26.0
2012-04-23,Odisha,Dhenkanal,Acute Diarrhoeal Disease,4.01,37.73,50.37,5.0
2012-04-24,Karnataka,Koppal,Acute Diarrhoeal Disease,6.15,39.84,51.93,104.0
2012-04-24,Karnataka,Tumkur,Chikungunya,10.48,34.99,57.66,57.0
2012-04-24,Kerala,Alappuzha,Acute Diarrhoeal Disease,41.79,29.33,78.43,12.0
2012-04-24,Telangana,Mahabubnagar,Dengue,4.23,43.78,48.79,24.0
2012-04-25,Assam,Darrang,Acute Diarrhoeal Disease,30.27,26.61,74.73,26.0
2012-04-25,Karnataka,Mandya,Acute Diarrhoeal Disease,2.68,34.41,49.98,29.0
2012-04-25,Maharashtra,Sangli,Chikungunya,9.3,42.96,54.13,14.0
2012-04-25,Tamil Nadu,Dindigul,Chikungunya,3.58,40.36,49.14,21.0
2012-04-26,West Bengal,Purba Medinipur,Acute Diarrhoeal Disease,7.72,34.24,55.19,288.0
2012-04-27,Assam,Chirang,Acute Diarrhoeal Disease,61.08,26.4,82.83,35.0
2012-04-27,Madhya Pradesh,Shajapur,Acute Diarrhoeal Disease,0.1,48.0,43.2,24.0
2012-04-27,Tamil Nadu,Dindigul,Chikungunya,29.82,37.78,71.14,12.0
2012-04-28,Gujarat,Kheda,Acute Diarrhoeal Disease,0.01,42.46,44.77,25.0
2012-04-28,Jammu and Kashmir,Jammu and Kashmir,Acute Diarrhoeal Disease,23.49,14.47,74.42,70.0
2012-04-28,Karnataka,Mandya,Acute Diarrhoeal Disease,63.29,35.27,80.38,14.0
2012-04-28,Karnataka,Raichur,Dengue,2.46,41.27,47.69,31.0
2012-04-28,Karnataka,Tumkur,Acute Diarrhoeal Disease,80.94,35.73,81.24,16.0
2012-04-28,Kerala,Wayanad,Acute Diarrhoeal Disease,157.56,31.09,83.17,10.0
2012-04-28,Maharashtra,Satara,Acute Diarrhoeal Disease,0.0,44.32,44.21,141.0
2012-05-01,Gujarat,Ahmadabad,Chikungunya,0.0,43.12,44.57,24.0
2012-05-01,Karnataka,Chamarajnagar,Acute Diarrhoeal Disease,36.38,34.13,75.17,16.0
2012-05-01,Maharashtra,Yavatmal,Acute Diarrhoeal Disease,0.04,48.0,43.14,19.0
2012-05-01,Maharashtra,Yavatmal,Cholera,0.04,48.0,43.14,62.0
2012-05-01,Odisha,Berhampur,Acute Diarrhoeal Disease,47.43,32.13,79.02,23.0
2012-05-01,West Bengal,Bankura,Acute Diarrhoeal Disease,13.78,34.9,60.73,97.0
2012-05-02,Bihar,Siwan,Acute Diarrhoeal Disease,0.15,39.69,45.75,42.0
2012-05-02,Gujarat,Panchmahal,Chikungunya,0.0,47.63,43.21,26.0
2012-05-02,Karnataka,Hassan,Acute Diarrhoeal Disease,85.05,29.31,83.28,21.0
2012-05-02,Maharashtra,Chandrapur,Dengue,3.16,44.61,47.42,50.0
2012-05-02,Punjab,Gurdaspur,Acute Diarrhoeal Disease,19.41,30.58,66.68,17.0
2012-05-02,Uttarakhand,Pauri,Acute Diarrhoeal Disease,40.81,29.0,78.23,42.0
2012-05-03,Gujarat,Dahod,Acute Diarrhoeal Disease,0.01,48.0,43.11,47.0
2012-05-03,Gujarat,Kheda,Chikungunya,0.01,43.97,44.32,67.0
2012-05-03,Kerala,Wayanad,Cholera,132.29,37.14,81.33,8.0
2012-05-03,Kerala,Wayanad,Cholera,132.29,37.14,81.33,25.0
2012-05-03,Madhya Pradesh,Khargone,Acute Diarrhoeal Disease,0.01,48.0,43.11,57.0
2012-05-03,Maharashtra,Ahmednagar,Chikungunya,0.01,45.47,43.87,20.0
2012-05-03,Maharashtra,Amravati,Acute Diarrhoeal Disease,0.01,48.0,43.11,41.0
2012-05-04,Gujarat,Bhavnagar,Acute Diarrhoeal Disease,0.0,48.0,43.1,36.0
2012-05-04,Gujarat,Kheda,Chikungunya,0.0,44.38,44.19,38.0
2012-05-04,Karnataka,Hassan,Acute Diarrhoeal Disease,12.67,28.95,61.51,12.0
2012-05-04,Karnataka,Tumkur,Cholera,13.02,32.19,60.86,45.0
2012-05-04,Maharashtra,Sangli,Acute Diarrhoeal Disease,0.01,42.78,44.67,91.0
2012-05-04,Tamil Nadu,Virudhunagar,Acute Diarrhoeal Disease,21.73,35.15,67.01,21.0
2012-05-05,Karnataka,Ballari,Dengue,0.02,39.44,45.69,52.0
2012-05-05,Kerala,Wayanad,Cholera,80.44,30.29,82.86,13.0
2012-05-05,Tamil Nadu,Kanyakumari,Chikungunya,5.0,37.14,56.55,27.0
2012-05-05,Tamil Nadu,Tiruchirapalli,Cholera,24.57,37.27,68.28,14.0
2012-05-06,Karnataka,Haveri,Acute Diarrhoeal Disease,0.18,28.54,49.13,25.0
2012-05-06,Karnataka,Mysore,Cholera,8.62,32.18,56.7,36.0
2012-05-06,Tamil Nadu,Kancheepuram,Acute Diarrhoeal Disease,4.85,36.38,51.64,29.0
2012-05-06,Tamil Nadu,Tiruchirapalli,Acute Diarrhoeal Disease,25.55,36.97,68.98,85.0
2012-05-06,Telangana,Mahabubnagar,Dengue,0.0,41.52,45.05,32.0
2012-05-06,West Bengal,Hooghly,Acute Diarrhoeal Disease,73.68,30.02,82.66,22.0
2012-05-07,Jammu and Kashmir,Budgam,Acute Diarrhoeal Disease,45.37,17.83,82.83,34.0
2012-05-07,Karnataka,Hassan,Acute Diarrhoeal Disease,1.3,31.97,49.28,38.0
2012-05-07,Maharashtra,Bhandara,Dengue,0.38,47.84,43.55,18.0
2012-05-07,Maharashtra,Pune,Dengue,0.05,44.22,44.28,6.0
2012-05-07,Rajasthan,Bikaner,Acute Diarrhoeal Disease,0.05,48.0,43.15,118.0
2012-05-07,Rajasthan,Ganganagar,Acute Diarrhoeal Disease,0.07,42.87,44.71,16.0
2012-05-07,Tamil Nadu,Pudukottai,Chikungunya,17.27,35.37,63.56,27.0
2012-05-07,Tamil Nadu,Pudukottai,Dengue,17.27,35.37,63.56,20.0
2012-05-07,Tamil Nadu,Salem,Dengue,12.55,35.33,59.49,11.0
2012-05-08,Karnataka,Mysore,Cholera,5.78,33.54,53.45,44.0
2012-05-08,Karnataka,Tumkur,Acute Diarrhoeal Disease,0.05,36.25,46.68,12.0
2012-05-08,Maharashtra,Raigad,Dengue,0.13,40.08,45.61,167.0
2012-05-09,Gujarat,Bharuch,Chikungunya,0.19,38.87,46.03,15.0
2012-05-09,Karnataka,Chamarajnagar,Acute Diarrhoeal Disease,0.1,38.46,46.07,12.0
2012-05-09,West Bengal,Bankura,Cholera,19.58,34.98,65.49,56.0
2012-05-09,West Bengal,Purba Medinipur,Acute Diarrhoeal Disease,30.57,32.68,73.05,61.0
2012-05-10,Assam,Cachar,Acute Diarrhoeal Disease,0.75,31.6,48.81,228.0
2012-05-10,Tamil Nadu,Kanyakumari,Chikungunya,5.0,37.14,56.55,53.0
2012-05-10,Uttar Pradesh,Unnao,Acute Diarrhoeal Disease,0.57,37.66,46.8,15.0
2012-05-11,Kerala,Pathanamthitta,Dengue,71.95,29.52,82.72,10.0
2012-05-11,Maharashtra,Amravati,Acute Diarrhoeal Disease,11.31,48.0,54.54,38.0
2012-05-11,Maharashtra,Amravati,Acute Diarrhoeal Disease,11.31,48.0,54.54,43.0
2012-05-13,Karnataka,Hassan,Acute Diarrhoeal Disease,29.36,35.19,71.68,20.0
2012-05-13,Maharashtra,Gadchiroli,Dengue,2.88,44.83,47.07,7.0
2012-05-13,Maharashtra,Sangli,Acute Diarrhoeal Disease,13.46,43.41,57.89,26.0
2012-05-13,Tamil Nadu,Pudukottai,Dengue/Chikungunya,21.63,36.02,66.67,27.0
2012-05-14,Assam,Udalguri,Acute Diarrhoeal Disease,29.49,29.16,73.56,57.0
2012-05-14,Karnataka,Hassan,Acute Diarrhoeal Disease,35.32,33.95,74.81,14.0
2012-05-14,Karnataka,Hassan,Acute Diarrhoeal Disease,35.32,33.95,74.81,28.0
2012-05-14,Tamil Nadu,Tiruchirapalli,Acute Diarrhoeal Disease,16.64,36.56,62.68,80.0
2012-05-15,Maharashtra,Dhule,Cholera,6.76,45.61,50.82,26.0
2012-05-16,Andhra Pradesh,Cuddapah,Acute Diarrhoeal Disease,10.17,40.92,55.58,29.0
2012-05-16,Andhra Pradesh,Kadapa,Acute Diarrhoeal Disease,10.17,40.92,55.58,42.0
2012-05-16,Assam,Darrang,Cholera,74.53,27.75,83.39,38.0
2012-05-16,Tamil Nadu,Perambalur,Chikungunya,15.77,36.76,61.9,13.0
2012-05-16,West Bengal,Hooghly,Acute Diarrhoeal Disease,27.93,33.93,71.29,24.0
2012-05-17,Gujarat,Sabarkantha,Acute Diarrhoeal Disease,0.28,41.86,45.23,12.0
2012-05-17,Karnataka,Ramanagara,Acute Diarrhoeal Disease,48.53,31.18,79.54,41.0
2012-05-18,Andhra Pradesh,Anantapur,Acute Diarrhoeal Disease,8.29,39.65,54.13,25.0
2012-05-18,Madhya Pradesh,Sehore,Acute Diarrhoeal Disease,2.9,48.0,46.14,17.0
2012-05-18,Tamil Nadu,Thoothukudi,Dengue,7.77,41.03,53.21,21.0
2012-05-18,West Bengal,Jalpaiguri,Chikungunya,30.82,23.13,76.04,44.0
2012-05-19,Karnataka,Haveri,Acute Diarrhoeal Disease,19.35,32.37,66.09,12.0
2012-05-19,Karnataka,Mandya,Cholera,18.29,31.2,65.62,25.0
2012-05-19,Maharashtra,Raigad,Dengue,0.31,40.64,45.63,23.0
2012-05-19,Rajasthan,Bikaner,Acute Diarrhoeal Disease,6.11,40.98,51.55,14.0
2012-05-19,West Bengal,Jalpaiguri,Chikungunya,20.77,21.81,70.32,101.0
2012-05-20,Assam,Jorhat,Acute Diarrhoeal Disease,17.97,25.84,66.98,24.0
2012-05-20,Karnataka,Bangalore Urban,Acute Diarrhoeal Disease,29.85,29.43,73.66,14.0
2012-05-21,Assam,Dibrugarh,Acute Diarrhoeal Disease,82.8,26.06,84.2,86.0
2012-05-21,Madhya Pradesh,Khandwa,Acute Diarrhoeal Disease,0.02,48.0,43.12,37.0
2012-05-22,Assam,Sibsagar,Acute Diarrhoeal Disease,11.0,29.89,59.68,40.0
2012-05-22,Punjab,S.A.S Nagar,Cholera,0.31,37.67,46.53,15.0
2012-05-22,Punjab,S.A.S Nagar,Acute Diarrhoeal Disease,0.31,37.67,46.53,133.0
2012-05-22,Tamil Nadu,Dindigul,Acute Diarrhoeal Disease,17.41,32.0,64.69,28.0
2012-05-22,Telangana,Mahabubnagar,Chikungunya,0.02,45.39,43.9,26.0
2012-05-23,Telangana,Mahabubnagar,Dengue,0.01,45.15,43.96,57.0
2012-05-24,Karnataka,Kolar,Dengue,2.27,33.47,49.84,20.0
2012-05-24,Odisha,Dhenkanal,Acute Diarrhoeal Disease,1.93,35.34,48.92,10.0
2012-05-24,Odisha,Ganjam,Chikungunya,5.0,32.61,57.91,43.0
2012-05-24,Telangana,Mahabubnagar,Chikungunya,0.01,45.03,44.0,53.0
2012-05-25,Karnataka,Tumkur,Cholera,0.9,34.58,48.07,59.0
2012-05-25,Karnataka,Tumkur,Acute Diarrhoeal Disease,0.9,34.58,48.07,12.0
2012-05-25,Madhya Pradesh,Ujjain,Acute Diarrhoeal Disease,0.04,47.75,43.21,46.0
2012-05-25,Tamil Nadu,Pudukottai,Dengue,11.66,37.14,58.12,18.0
2012-05-25,Tamil Nadu,Theni,Dengue,28.96,36.5,71.08,9.0
2012-05-26,Assam,Jorhat,Acute Diarrhoeal Disease,26.11,29.02,71.71,12.0
2012-05-26,Himachal Pradesh,Hamirpur,Acute Diarrhoeal Disease,2.57,39.48,48.35,20.0
2012-05-26,Karnataka,Belgaum,Acute Diarrhoeal Disease,1.66,40.85,46.99,50.0
2012-05-26,Punjab,Patiala,Acute Diarrhoeal Disease,0.34,42.04,45.25,30.0
2012-05-26,Tamil Nadu,Krishnagiri,Acute Diarrhoeal Disease,4.35,31.04,52.73,16.0
2012-05-26,Tamil Nadu,Thanjavur,Acute Diarrhoeal Disease,13.42,37.92,59.5,72.0
2012-05-27,Bihar,Muzaffarpur,Acute Encephalitis Syndrome,0.01,37.14,46.37,32.0
2012-05-27,Bihar,Muzaffarpur,Acute Encephalitis Syndrome,0.01,37.14,46.37,121.0
2012-05-27,Bihar,Muzaffarpur,Acute Encephalitis Syndrome,0.01,37.14,46.37,341.0
2012-05-27,Chhattisgarh,Raigarh,Acute Diarrhoeal Disease,0.01,42.9,44.64,33.0
2012-05-27,Karnataka,Tumkur,Acute Diarrhoeal Disease,0.89,34.51,48.08,11.0
2012-05-27,Rajasthan,Tonk,Acute Diarrhoeal Disease,0.01,46.82,43.46,37.0
2012-05-27,Tamil Nadu,Krishnagiri,Acute Diarrhoeal Disease,4.69,29.54,53.53,94.0
2012-05-28,Assam,Golaghat,Acute Diarrhoeal Disease,37.59,30.84,76.61,16.0
2012-05-28,Assam,Jorhat,Acute Diarrhoeal Disease,27.97,26.53,73.53,14.0
2012-05-28,Assam,Jorhat,Acute Diarrhoeal Disease,27.97,26.53,73.53,14.0
2012-05-28,Bihar,Gaya,Acute Encephalitis Syndrome,0.01,44.54,44.15,12.0
2012-05-28,Bihar,Gaya,Acute Encephalitis Syndrome,0.01,44.54,44.15,20.0
2012-05-28,Gujarat,Surendranagar,Acute Diarrhoeal Disease,0.01,42.1,44.88,127.0
2012-05-28,Haryana,Yamuna Nagar,Cholera,0.01,41.03,45.2,27.0
2012-05-28,Maharashtra,Bhandara,Dengue,0.01,48.0,43.11,69.0
2012-05-28,Tamil Nadu,Dindigul,Chikungunya,27.37,32.39,71.43,20.0
2012-05-28,Tamil Nadu,Salem,Dengue,9.21,34.91,56.46,11.0
2012-05-28,Tamil Nadu,Salem,Dengue,9.21,34.91,56.46,14.0
2012-05-28,West Bengal,Jalpaiguri,Acute Diarrhoeal Disease,29.79,24.35,75.16,41.0
2012-06-01,Telangana,Mahabubnagar,Chikungunya,3.52,36.87,50.12,17.0
2012-06-02,Gujarat,Jamnagar,Chikungunya,0.22,40.52,45.58,10.0
2012-06-02,West Bengal,Murshidabad,Acute Diarrhoeal Disease,17.57,32.54,64.65,41.0
2012-06-03,Jharkhand,Simdega,Acute Diarrhoeal Disease,0.01,41.04,45.19,22.0
2012-06-04,Karnataka,Ballari,Dengue,0.15,38.9,45.98,14.0
2012-06-04,Maharashtra,Amravati,Acute Diarrhoeal Disease,0.08,44.57,44.22,26.0
2012-06-04,Maharashtra,Amravati,Acute Diarrhoeal Disease,0.08,44.57,44.22,26.0
2012-06-04,Mizoram,Lunglei,Acute Diarrhoeal Disease,300.0,32.15,82.85,41.0
2012-06-04,Tamil Nadu,Cuddalore,Acute Diarrhoeal Disease,6.08,37.39,52.6,31.0
2012-06-05,Assam,Dima Hasao,Cholera,300.0,24.81,85.06,35.0
2012-06-05,Haryana,Rohtak,Acute Diarrhoeal Disease,0.77,45.1,44.78,121.0
2012-06-05,Uttar Pradesh,Kaushambi,Acute Diarrhoeal Disease,0.02,40.51,45.37,23.0
2012-06-06,Andhra Pradesh,Visakhapatnam,Acute Diarrhoeal Disease,1.89,38.0,48.09,55.0
2012-06-06,Assam,Dibrugarh,Acute Diarrhoeal Disease,191.31,10.51,89.35,23.0
2012-06-06,Kerala,Pathanamthitta,Dengue,57.5,32.19,80.69,10.0
2012-06-06,Maharashtra,Jalgaon,Acute Diarrhoeal Disease,0.01,41.26,45.13,43.0
2012-06-06,Rajasthan,Tonk,Acute Diarrhoeal Disease,0.01,43.78,44.37,35.0
2012-06-06,Rajasthan,Tonk,Cholera,0.01,43.78,44.37,35.0
2012-06-07,Karnataka,Tumkur,Dengue,10.16,33.87,57.69,70.0
2012-06-07,Maharashtra,Raigad,Dengue,6.13,34.51,53.52,29.0
2012-06-08,Bihar,Saharsa,Acute Diarrhoeal Disease,185.73,29.03,83.79,25.0
2012-06-09,Andhra Pradesh,Chittoor,Acute Diarrhoeal Disease,8.45,38.15,54.75,21.0
2012-06-09,Jammu and Kashmir,Baramulla,Acute Diarrhoeal Disease,12.65,25.03,62.67,87.0
2012-06-09,Madhya Pradesh,Khandwa,Acute Diarrhoeal Disease,14.09,43.18,58.52,128.0
2012-06-09,Punjab,Rupnagar,Acute Diarrhoeal Disease,4.97,39.75,50.75,24.0
2012-06-09,Tamil Nadu,Tiruchirapalli,Dengue,2.61,40.32,48.14,15.0
2012-06-09,Tamil Nadu,Virudhunagar,Cholera,4.8,41.36,50.09,13.0
2012-06-10,Jharkhand,West Singhbhum,Acute Diarrhoeal Disease,3.79,40.5,49.31,14.0
2012-06-10,Karnataka,Mandya,Cholera,18.41,33.73,64.96,41.0
2012-06-10,Tamil Nadu,Tirunelveli,Acute Diarrhoeal Disease,3.78,35.06,50.94,11.0
2012-06-11,Gujarat,Gandhinagar,Acute Diarrhoeal Disease,0.18,37.13,46.55,60.0
2012-06-11,Punjab,S.A.S Nagar,Acute Diarrhoeal Disease,1.71,41.02,46.99,173.0
2012-06-12,Karnataka,Bijapur,Dengue,29.85,37.97,71.1,15.0
2012-06-12,Madhya Pradesh,Panna,Acute Diarrhoeal Disease,0.46,42.97,45.09,16.0
2012-06-12,Tamil Nadu,Thiruvarur,Acute Diarrhoeal Disease,4.59,40.15,50.24,112.0
2012-06-13,Haryana,Panchkula,Cholera,1.28,41.6,46.36,59.0
2012-06-13,Kerala,Kollam,Dengue,43.09,27.77,79.26,26.0
2012-06-14,Tamil Nadu,Tiruchirapalli,Dengue,5.0,37.66,51.42,12.0
2012-06-15,Jammu and Kashmir,Kupwara,Acute Diarrhoeal Disease,15.79,12.52,69.19,15.0
2012-06-15,Maharashtra,Nashik,Acute Diarrhoeal Disease,25.4,39.43,68.15,82.0
2012-06-15,Tamil Nadu,Salem,Dengue,16.28,35.4,62.73,16.0
2012-06-16,Tamil Nadu,Tiruvannamalai,Acute Diarrhoeal Disease,13.99,36.08,60.56,21.0
2012-06-16,Uttar Pradesh,Chandauli,Acute Diarrhoeal Disease,0.01,40.19,45.45,15.0
2012-06-17,Telangana,Khammam,Acute Diarrhoeal Disease,16.41,41.28,61.08,15.0
2012-06-18,Maharashtra,Thane,Dengue,81.25,38.46,80.43,11.0
2012-06-20,Chandigarh,Chandigarh,Cholera,1.02,43.19,45.61,6.0
2012-06-20,Chhattisgarh,Raigarh,Acute Diarrhoeal Disease,120.32,36.09,81.62,10.0
2012-06-20,Maharashtra,Raigad,Dengue,95.25,32.26,82.59,11.0
2012-06-20,Tamil Nadu,Pudukottai,Dengue,21.28,42.57,64.47,15.0
2012-06-21,Karnataka,Chitradurga,Cholera,28.3,35.04,71.16,18.0
2012-06-22,Maharashtra,Ahmednagar,Malaria,33.37,37.34,72.97,159.0
2012-06-22,Maharashtra,Ahmednagar,Acute Diarrhoeal Disease,33.37,37.34,72.97,15.0
2012-06-23,Bihar,Gaya,Acute Diarrhoeal Disease,71.07,40.69,79.32,54.0
2012-06-23,Karnataka,Bangalore Urban,Cholera,30.64,31.37,73.48,9.0
2012-06-23,Kerala,Wayanad,Cholera,125.98,35.04,81.95,7.0
2012-06-23,Madhya Pradesh,Khandwa,Acute Diarrhoeal Disease,7.53,39.05,53.56,27.0
2012-06-24,Maharashtra,Kolhapur,Acute Diarrhoeal Disease,61.84,28.23,82.36,196.0
2012-06-24,Rajasthan,Nagaur,Acute Diarrhoeal Disease,0.01,40.7,45.31,55.0
2012-06-25,Karnataka,Chikmagalur,Acute Diarrhoeal Disease,26.65,28.31,72.24,14.0
2012-06-25,Maharashtra,Jalna,Acute Diarrhoeal Disease,2.46,40.74,47.86,50.0
2012-06-25,Telangana,Nalgonda,Acute Diarrhoeal Disease,6.03,38.31,52.27,27.0
2012-06-26,Uttarakhand,Pithoragarh,Acute Diarrhoeal Disease,56.91,20.01,84.27,101.0
2012-06-27,Andhra Pradesh,Chittoor,Acute Diarrhoeal Disease,12.51,35.88,59.29,24.0
2012-06-27,Karnataka,Bidar,Cholera,8.78,39.22,54.75,23.0
2012-06-27,Karnataka,Mandya,Acute Diarrhoeal Disease,19.37,31.81,66.28,12.0
2012-06-27,Maharashtra,Amravati,Acute Diarrhoeal Disease,1.53,41.05,46.79,30.0
2012-06-27,Rajasthan,Tonk,Dengue,0.0,40.82,45.26,32.0
2012-06-28,Haryana,Kaithal,Cholera,2.9,30.93,51.26,76.0
2012-06-28,Himachal Pradesh,Mandi,Acute Diarrhoeal Disease,16.74,27.72,65.42,27.0
2012-06-28,Himachal Pradesh,Sirmaur,Acute Diarrhoeal Disease,57.08,32.85,80.44,16.0
2012-06-28,Maharashtra,Ahmednagar,Acute Diarrhoeal Disease,5.2,39.21,51.15,17.0
2012-06-28,West Bengal,Jalpaiguri,Chikungunya,149.28,21.82,85.95,281.0
2012-07-01,Chhattisgarh,Janjgir,Acute Diarrhoeal Disease,4.48,30.14,53.14,68.0
2012-07-01,Gujarat,Anand,Acute Diarrhoeal Disease,7.42,37.55,53.9,23.0
2012-07-01,Punjab,Gurdaspur,Cholera,4.15,37.64,50.54,50.0
2012-07-01,Tamil Nadu,Virudhunagar,Acute Diarrhoeal Disease,2.5,39.06,48.41,30.0
2012-07-01,Uttarakhand,Tehri,Acute Diarrhoeal Disease,26.75,32.75,70.96,18.0
2012-07-01,West Bengal,Malda,Acute Diarrhoeal Disease,11.52,29.21,60.37,45.0
2012-07-02,Gujarat,Banaskantha,Cholera,3.55,37.19,50.06,468.0
2012-07-02,Haryana,Kurukshetra,Acute Diarrhoeal Disease,1.93,34.09,49.3,378.0
2012-07-02,Himachal Pradesh,Mandi,Acute Diarrhoeal Disease,8.52,29.57,57.39,67.0
2012-07-03,Maharashtra,Thane,Malaria,50.9,29.99,80.35,87.0
2012-07-04,Punjab,S.A.S Nagar,Cholera,11.64,37.89,57.88,7.0
2012-07-05,Haryana,Kurukshetra,Acute Diarrhoeal Disease,6.19,35.51,53.27,316.0
2012-07-05,Tamil Nadu,Pudukottai,Acute Diarrhoeal Disease,13.25,41.19,58.37,30.0
2012-07-05,Uttar Pradesh,Lakhimpur Kheri,Acute Diarrhoeal Disease,14.95,32.8,62.38,33.0
2012-07-06,Andhra Pradesh,East Godavari,Acute Diarrhoeal Disease,83.96,32.65,82.25,41.0
2012-07-06,Gujarat,Gandhinagar,Acute Diarrhoeal Disease,36.39,42.93,72.53,62.0
2012-07-06,Karnataka,Belgaum,Dengue,105.09,30.21,83.31,13.0
2012-07-06,West Bengal,Birbhum,Cholera,62.96,29.42,82.11,53.0
2012-07-06,West Bengal,Birbhum,Cholera,62.96,29.42,82.11,21.0
2012-07-07,Maharashtra,Raigad,Acute Diarrhoeal Disease,144.87,30.03,83.48,59.0
2012-07-07,Maharashtra,Thane,Acute Diarrhoeal Disease,82.32,27.85,83.65,26.0
2012-07-08,Assam,Cachar,Cholera,127.16,31.39,83.05,10.0
2012-07-08,Gujarat,Navsari,Cholera,59.3,30.03,81.55,87.0
2012-07-08,Karnataka,Bijapur,Cholera,21.15,36.51,66.19,32.0
2012-07-09,Maharashtra,Kolhapur,Acute Diarrhoeal Disease,21.08,32.95,67.2,45.0
2012-07-09,Odisha,Mayurbhanj,Acute Diarrhoeal Disease,99.35,30.03,83.31,13.0
2012-07-09,West Bengal,Purulia,Acute Diarrhoeal Disease,76.42,25.53,84.13,24.0
2012-07-10,Assam,Nalbari,Acute Diarrhoeal Disease,86.39,24.88,84.64,20.0
2012-07-10,Bihar,Gaya,Acute Diarrhoeal Disease,68.14,28.47,82.8,25.0
2012-07-10,Maharashtra,Gadchiroli,Acute Diarrhoeal Disease,86.74,30.03,83.11,25.0
2012-07-10,Uttar Pradesh,Lucknow,Acute Diarrhoeal Disease,140.13,32.59,82.71,26.0
2012-07-10,West Bengal,Bankura,Acute Diarrhoeal Disease,78.41,27.73,83.55,39.0
2012-07-10,West Bengal,Hooghly,Cholera,147.58,26.35,84.59,37.0
2012-07-11,Karnataka,Bidar,Acute Diarrhoeal Disease,22.05,36.77,66.74,30.0
2012-07-11,Karnataka,Dharwad,Acute Diarrhoeal Disease,27.83,32.95,71.52,19.0
2012-07-11,Karnataka,Tumkur,Dengue,23.5,33.14,68.82,30.0
2012-07-11,Madhya Pradesh,Dhar,Acute Diarrhoeal Disease,91.25,30.03,83.2,94.0
2012-07-11,Maharashtra,Nandurbar,Acute Diarrhoeal Disease,56.15,30.03,81.16,51.0
2012-07-11,Maharashtra,Wardha,Acute Diarrhoeal Disease,59.84,30.03,81.61,43.0
2012-07-11,Telangana,Mahabubnagar,Dengue,14.91,36.23,61.32,35.0
2012-07-12,Bihar,Sheikhpura,Acute Diarrhoeal Disease,66.56,30.89,81.97,35.0
2012-07-12,Chhattisgarh,Raipur,Acute Diarrhoeal Disease,121.3,28.37,83.94,168.0
2012-07-12,Gujarat,Anand,Cholera,82.25,30.03,82.99,52.0
2012-07-13,West Bengal,West Medinipur,Acute Diarrhoeal Disease,66.41,28.75,82.6,65.0
2012-07-14,Gujarat,Surendranagar,Acute Diarrhoeal Disease,124.33,31.72,82.94,32.0
2012-07-14,Jharkhand,Ranchi,Acute Diarrhoeal Disease,96.99,30.38,83.18,18.0
2012-07-14,Odisha,Balasore,Acute Diarrhoeal Disease,92.19,30.61,83.04,28.0
2012-07-14,Telangana,Mahabubnagar,Chikungunya,12.93,38.71,58.82,48.0
2012-07-15,Odisha,Berhampur,Cholera,153.99,26.66,84.5,23.0
2012-07-16,Assam,Dibrugarh,Cholera,155.11,14.29,88.21,15.0
2012-07-16,Chhattisgarh,Raigarh,Acute Diarrhoeal Disease,139.3,29.31,83.69,41.0
2012-07-16,Chhattisgarh,Raigarh,Acute Diarrhoeal Disease,139.3,29.31,83.69,50.0
2012-07-16,Karnataka,Kodagu,Cholera,131.56,30.29,83.39,12.0
2012-07-16,Maharashtra,Dhule,Acute Diarrhoeal Disease,26.58,30.0,71.69,30.0
2012-07-16,Maharashtra,Kolhapur,Dengue,26.06,34.4,70.06,20.0
2012-07-16,Telangana,Mahabubnagar,Dengue,25.92,38.71,68.68,71.0
2012-07-16,West Bengal,Hooghly,Acute Diarrhoeal Disease,91.62,29.06,83.5,33.0
2012-07-17,Karnataka,Bidar,Acute Diarrhoeal Disease,19.93,33.58,66.17,17.0
2012-07-17,Maharashtra,Parbhani,Cholera,9.34,34.61,56.68,174.0
2012-07-17,Uttar Pradesh,Lucknow,Acute Diarrhoeal Disease,23.19,29.76,69.63,30.0
2012-07-18,Arunachal Pradesh,West Siang,Acute Diarrhoeal Disease,300.0,30.03,83.49,72.0
2012-07-18,Assam,Tinsukia,Cholera,166.87,22.01,85.89,15.0
2012-07-18,Chhattisgarh,Janjgir,Acute Diarrhoeal Disease,164.08,29.39,83.68,46.0
2012-07-18,Jammu and Kashmir,Ganderbal,Acute Diarrhoeal Disease,34.46,21.67,78.14,72.0
2012-07-18,Maharashtra,Akola,Cholera,16.05,38.11,61.73,47.0
2012-07-18,Tamil Nadu,Ramanathapuram,Dengue,5.0,40.48,55.55,22.0
2012-07-19,Chhattisgarh,Dhamtari,Acute Diarrhoeal Disease,101.4,30.03,83.33,50.0
2012-07-19,Chhattisgarh,Janjgir,Acute Diarrhoeal Disease,172.74,29.39,83.68,26.0
2012-07-19,Jharkhand,Garhwa,Acute Diarrhoeal Disease,101.7,30.03,83.33,140.0
2012-07-19,Odisha,Angul,Acute Diarrhoeal Disease,73.75,29.01,82.97,56.0
2012-07-19,Tamil Nadu,Madurai,Acute Diarrhoeal Disease,10.28,37.89,56.6,61.0
2012-07-20,Bihar,Gopalganj,Acute Diarrhoeal Disease,184.62,30.03,83.49,20.0
2012-07-20,Tamil Nadu,Thoothukudi,Dengue,6.36,41.31,51.71,17.0
2012-07-21,Bihar,Gaya,Acute Diarrhoeal Disease,131.2,30.03,83.46,25.0
2012-07-21,Karnataka,Bidar,Cholera,98.42,30.03,83.3,19.0
2012-07-21,Maharashtra,Latur,Acute Diarrhoeal Disease,48.42,30.03,79.86,57.0
2012-07-21,Uttar Pradesh,Jalaun,Acute Diarrhoeal Disease,8.88,36.08,55.78,41.0
2012-07-22,Bihar,Lakhisarai,Acute Diarrhoeal Disease,91.47,30.03,83.2,22.0
2012-07-22,Odisha,Nayagarh,Acute Diarrhoeal Disease,211.36,29.81,83.56,12.0
2012-07-22,Telangana,Nalgonda,Acute Diarrhoeal Disease,106.23,33.13,82.44,14.0
2012-07-22,Telangana,Warangal,Acute Diarrhoeal Disease,171.3,30.03,83.49,92.0
2012-07-22,West Bengal,Bankura,Cholera,78.13,30.03,82.85,73.0
2012-07-23,Bihar,Bhojpur,Acute Diarrhoeal Disease,204.07,14.83,88.05,37.0
2012-07-23,Chhattisgarh,Janjgir,Acute Diarrhoeal Disease,82.2,25.65,84.3,32.0
2012-07-23,Gujarat,Anand,Acute Diarrhoeal Disease,21.37,29.52,68.44,47.0
2012-07-23,Jammu and Kashmir,Baramulla,Acute Diarrhoeal Disease,9.11,24.64,59.44,348.0
2012-07-23,Punjab,Patiala,Cholera,10.45,30.07,59.1,35.0
2012-07-23,Telangana,Karimnagar,Acute Diarrhoeal Disease,84.61,30.03,83.06,28.0
2012-07-24,Bihar,Bhojpur,Acute Diarrhoeal Disease,202.81,14.83,88.05,25.0
2012-07-24,Bihar,Patna,Acute Diarrhoeal Disease,54.76,13.96,85.79,14.0
2012-07-24,Madhya Pradesh,Katni,Acute Diarrhoeal Disease,46.24,30.03,79.38,40.0
2012-07-24,Punjab,Hoshiarpur,Cholera,11.61,30.13,60.18,45.0
2012-07-24,Telangana,Mahabubnagar,Chikungunya,86.9,32.37,82.41,13.0
2012-07-24,Telangana,Nalgonda,Acute Diarrhoeal Disease,82.81,31.51,82.56,26.0
2012-07-25,Bihar,Madhubani,Acute Diarrhoeal Disease,114.69,10.0,89.43,18.0
2012-07-25,Bihar,Siwan,Acute Diarrhoeal Disease,115.66,13.37,88.42,15.0
2012-07-25,Madhya Pradesh,Satna,Acute Diarrhoeal Disease,114.65,30.03,83.42,34.0
2012-07-25,Maharashtra,Kolhapur,Acute Diarrhoeal Disease,32.63,28.72,75.22,28.0
2012-07-25,West Bengal,Hooghly,Acute Diarrhoeal Disease,77.66,28.23,83.37,49.0
2012-07-26,Uttar Pradesh,Gorakhpur,Acute Diarrhoeal Disease,112.17,26.41,84.49,16.0
2012-07-26,West Bengal,Bankura,Cholera,53.84,28.41,81.31,54.0
2012-07-26,West Bengal,Hooghly,Cholera,61.97,26.98,82.75,24.0
2012-07-27,Bihar,Aurangabad,Acute Diarrhoeal Disease,72.15,30.03,82.58,16.0
2012-07-27,Chhattisgarh,Dhamtari,Acute Diarrhoeal Disease,254.03,30.03,83.49,66.0
2012-07-27,Chhattisgarh,Mahasamund,Acute Diarrhoeal Disease,101.2,30.03,83.33,153.0
2012-07-27,Uttar Pradesh,Lucknow,Acute Diarrhoeal Disease,181.53,30.03,83.49,20.0
2012-07-28,Chhattisgarh,Janjgir,Malaria,86.61,30.03,83.11,21.0
2012-07-28,Jharkhand,Pakur,Acute Diarrhoeal Disease,48.78,26.28,81.06,56.0
2012-07-28,Karnataka,Gulbarga,Acute Diarrhoeal Disease,30.76,31.85,73.4,29.0
2012-07-28,Madhya Pradesh,Khandwa,Acute Diarrhoeal Disease,300.0,30.03,83.49,70.0
2012-07-28,Madhya Pradesh,Satna,Acute Diarrhoeal Disease,148.52,30.03,83.48,43.0
2012-07-28,Maharashtra,Bhandara,Acute Diarrhoeal Disease,234.54,30.03,83.49,23.0
2012-07-28,Maharashtra,Nanded,Acute Diarrhoeal Disease,42.34,29.69,78.48,27.0
2012-07-28,Maharashtra,Raigad,Malaria,147.63,18.83,86.84,49.0
2012-07-28,Maharashtra,Thane,Acute Diarrhoeal Disease,113.6,30.03,83.41,20.0
2012-07-28,West Bengal,Nadia,Dengue,64.67,26.5,83.13,38.0
2012-08-01,Bihar,Bhojpur,Acute Diarrhoeal Disease,66.85,14.86,86.8,39.0
2012-08-01,Bihar,Lakhisarai,Acute Diarrhoeal Disease,31.34,29.55,74.37,24.0
2012-08-01,Chhattisgarh,Korba,Acute Diarrhoeal Disease,87.81,28.11,83.71,23.0
2012-08-01,Chhattisgarh,Mahasamund,Acute Diarrhoeal Disease,114.96,28.11,84.0,90.0
2012-08-01,Jammu and Kashmir,Baramulla,Acute Diarrhoeal Disease,10.17,24.83,60.41,44.0
2012-08-01,Madhya Pradesh,Katni,Acute Diarrhoeal Disease,213.25,28.11,84.07,43.0
2012-08-01,Madhya Pradesh,Katni,Acute Diarrhoeal Disease,213.25,28.11,84.07,21.0
2012-08-02,Chhattisgarh,Koriya,Dengue,89.85,28.11,83.75,304.0
2012-08-02,Karnataka,Bijapur,Acute Diarrhoeal Disease,12.81,32.08,60.7,21.0
2012-08-02,Madhya Pradesh,Satna,Acute Diarrhoeal Disease,76.43,28.11,83.36,12.0
2012-08-02,Maharashtra,Gadchiroli,Acute Diarrhoeal Disease,116.02,28.11,84.0,69.0
2012-08-03,Bihar,Gaya,Acute Diarrhoeal Disease,62.9,28.11,82.5,31.0
2012-08-03,Bihar,Nalanda,Acute Diarrhoeal Disease,62.9,28.11,82.5,32.0
2012-08-03,Karnataka,Belgaum,Cholera,59.08,24.34,83.23,17.0
2012-08-03,Madhya Pradesh,Rewa,Acute Diarrhoeal Disease,94.36,28.11,83.82,37.0
2012-08-03,Maharashtra,Buldhana,Acute Diarrhoeal Disease,178.77,28.11,84.07,22.0
2012-08-03,Tamil Nadu,Dindigul,Acute Diarrhoeal Disease,4.18,37.69,50.56,16.0
2012-08-04,Chhattisgarh,Dhamtari,Acute Diarrhoeal Disease,153.03,28.11,84.06,29.0
2012-08-04,Chhattisgarh,Raigarh,Acute Diarrhoeal Disease,214.99,28.11,84.07,48.0
2012-08-04,Chhattisgarh,Raigarh,Acute Diarrhoeal Disease,214.99,28.11,84.07,45.0
2012-08-04,Haryana,Ambala,Acute Diarrhoeal Disease,57.25,29.57,81.44,38.0
2012-08-04,Maharashtra,Nanded,Acute Diarrhoeal Disease,51.4,27.01,81.33,20.0
2012-08-04,Maharashtra,Nanded,Acute Diarrhoeal Disease,51.4,27.01,81.33,20.0
2012-08-04,Tamil Nadu,Cuddalore,Dengue,0.56,36.61,47.1,15.0
2012-08-04,Tamil Nadu,Salem,Chikungunya,2.97,34.49,50.26,27.0
2012-08-04,Tamil Nadu,Villupuram,Acute Diarrhoeal Disease,0.56,36.61,47.1,14.0
2012-08-04,Uttar Pradesh,Unnao,Acute Diarrhoeal Disease,56.52,28.11,81.79,186.0
2012-08-05,Bihar,Nalanda,Acute Diarrhoeal Disease,69.82,18.65,85.86,18.0
2012-08-05,Bihar,Nalanda,Acute Diarrhoeal Disease,69.82,18.65,85.86,18.0
2012-08-05,Jammu and Kashmir,Ganderbal,Acute Diarrhoeal Disease,82.45,19.45,86.17,33.0
2012-08-05,Madhya Pradesh,Dhar,Acute Diarrhoeal Disease,45.9,28.11,79.88,13.0
2012-08-05,Punjab,Hoshiarpur,Cholera,114.88,25.68,84.73,80.0
2012-08-06,Bihar,Jamui,Acute Diarrhoeal Disease,56.29,27.46,81.95,14.0
2012-08-06,Bihar,Lakhisarai,Acute Diarrhoeal Disease,49.09,26.59,81.03,29.0
2012-08-06,Bihar,Siwan,Acute Diarrhoeal Disease,41.48,28.95,78.45,30.0
2012-08-06,Chhattisgarh,Mahasamund,Acute Diarrhoeal Disease,230.86,28.11,84.07,98.0
2012-08-06,Jharkhand,West Singhbhum,Acute Diarrhoeal Disease,82.08,28.23,83.53,20.0
2012-08-06,Uttarakhand,Almora,Acute Diarrhoeal Disease,214.68,10.0,89.5,17.0
2012-08-06,Uttarakhand,Pauri Garhwal,Acute Diarrhoeal Disease,196.3,17.52,87.24,58.0
2012-08-06,West Bengal,Birbhum,Cholera,51.99,28.59,80.96,19.0
2012-08-07,Bihar,Lakhisarai,Acute Diarrhoeal Disease,64.68,26.59,83.11,30.0
2012-08-07,Bihar,Nalanda,Acute Diarrhoeal Disease,76.1,22.59,85.0,16.0
2012-08-07,Chhattisgarh,Janjgir,Acute Diarrhoeal Disease,253.0,28.11,84.07,31.0
2012-08-07,Karnataka,Uttara Kannada,Cholera,179.49,26.71,84.49,20.0
2012-08-07,Madhya Pradesh,Mandla,Acute Diarrhoeal Disease,128.35,28.11,84.04,26.0
2012-08-07,Madhya Pradesh,Rewa,Acute Diarrhoeal Disease,138.14,28.11,84.05,18.0
2012-08-08,Bihar,Nalanda,Acute Diarrhoeal Disease,77.0,22.59,85.04,36.0
2012-08-08,Chhattisgarh,Janjgir,Acute Diarrhoeal Disease,253.39,28.11,84.07,15.0
2012-08-08,Chhattisgarh,Mahasamund,Acute Diarrhoeal Disease,192.72,28.11,84.07,102.0
2012-08-08,Gujarat,Dahod,Acute Diarrhoeal Disease,95.81,27.46,84.04,20.0
2012-08-10,Bihar,Muzaffarpur,Dengue,61.71,19.32,85.02,123.0
2012-08-10,Jammu and Kashmir,Budgam,Acute Diarrhoeal Disease,180.48,22.51,85.74,140.0
2012-08-10,Maharashtra,Thane,Dengue,118.77,28.11,84.01,18.0
2012-08-10,Odisha,Nuapada,Cholera,116.72,28.11,84.0,17.0
2012-08-11,Bihar,Nawada,Acute Diarrhoeal Disease,48.68,26.53,80.96,62.0
2012-08-11,Chhattisgarh,Mahasamund,Acute Diarrhoeal Disease,67.04,28.11,82.84,53.0
2012-08-11,Chhattisgarh,Mahasamund,Acute Diarrhoeal Disease,67.04,28.11,82.84,66.0
2012-08-11,Uttar Pradesh,Lucknow,Acute Diarrhoeal Disease,113.22,29.93,83.44,29.0
2012-08-12,Tamil Nadu,Salem,Chikungunya,103.44,24.27,85.08,30.0
2012-08-12,West Bengal,Hooghly,Acute Diarrhoeal Disease,70.01,28.69,82.86,22.0
2012-08-13,Bihar,Gaya,Acute Diarrhoeal Disease,51.55,28.11,81.03,35.0
2012-08-13,Bihar,Lakhisarai,Acute Diarrhoeal Disease,62.6,28.64,82.31,15.0
2012-08-13,Chhattisgarh,Mahasamund,Acute Diarrhoeal Disease,40.94,28.59,78.39,26.0
2012-08-13,Chhattisgarh,Raipur,Acute Diarrhoeal Disease,66.0,28.11,82.76,54.0
2012-08-13,Tamil Nadu,Salem,Acute Diarrhoeal Disease,117.63,28.11,84.01,86.0
2012-08-13,Telangana,Mahabubnagar,Chikungunya,17.57,29.87,65.45,52.0
2012-08-13,West Bengal,Nadia,Dengue,88.24,27.35,83.95,16.0
2012-08-15,Haryana,Karnal,Acute Diarrhoeal Disease,69.8,30.93,82.17,13.0
2012-08-15,Uttar Pradesh,Pratapgarh,Acute Diarrhoeal Disease,89.76,25.05,84.67,19.0
2012-08-16,Bihar,Gaya,Acute Diarrhoeal Disease,79.96,28.11,83.49,27.0
2012-08-16,Bihar,Rohtas,Acute Diarrhoeal Disease,72.02,24.33,84.28,27.0
2012-08-16,Maharashtra,Beed,Chikungunya,8.65,35.11,55.85,68.0
2012-08-16,West Bengal,Nadia,Dengue,82.47,28.71,83.39,29.0
2012-08-17,Rajasthan,Banswara,Acute Diarrhoeal Disease,300.0,28.11,84.07,125.0
2012-08-17,Tamil Nadu,Theni,Chikungunya,39.48,45.13,72.97,30.0
2012-08-17,West Bengal,Hooghly,Acute Diarrhoeal Disease,72.23,28.56,83.03,219.0
2012-08-17,West Bengal,Jalpaiguri,Cholera,93.05,23.82,85.09,19.0
2012-08-18,Chhattisgarh,Dhamtari,Acute Diarrhoeal Disease,40.66,26.69,78.88,36.0
2012-08-18,Odisha,Subarnapur,Acute Diarrhoeal Disease,165.1,27.19,84.34,24.0
2012-08-18,Tamil Nadu,Tiruchirapalli,Chikungunya,17.23,34.77,63.71,20.0
2012-08-18,Telangana,Nalgonda,Acute Diarrhoeal Disease,3.4,32.34,51.35,24.0
2012-08-18,Uttar Pradesh,Hardoi,Acute Diarrhoeal Disease,17.18,29.15,65.35,17.0
2012-08-19,Maharashtra,Nandurbar,Cholera,39.25,31.6,76.95,18.0
2012-08-19,Punjab,Patiala,Acute Diarrhoeal Disease,41.29,28.4,78.56,18.0
2012-08-19,Tamil Nadu,Salem,Dengue,44.77,34.07,77.81,30.0
2012-08-20,Bihar,Rohtas,Acute Diarrhoeal Disease,63.73,28.63,82.41,40.0
2012-08-20,Gujarat,Ahmedabad,Acute Diarrhoeal Disease,19.58,28.11,67.55,136.0
2012-08-20,Karnataka,Bijapur,Cholera,12.31,33.95,59.68,85.0
2012-08-20,Maharashtra,Jalna,Acute Diarrhoeal Disease,46.23,36.21,77.52,24.0
2012-08-20,Uttar Pradesh,Jalaun,Acute Diarrhoeal Disease,25.46,28.71,71.4,29.0
2012-08-21,Bihar,Nalanda,Acute Diarrhoeal Disease,57.38,29.81,81.39,18.0
2012-08-21,Jammu and Kashmir,Pulwama,Acute Diarrhoeal Disease,66.38,21.8,84.68,34.0
2012-08-21,Karnataka,Chikkaballapur,Acute Diarrhoeal Disease,5.34,32.35,53.35,20.0
2012-08-21,Telangana,Mahabubnagar,Acute Diarrhoeal Disease,3.93,34.62,51.22,24.0
2012-08-21,West Bengal,Nadia,Dengue,36.91,26.83,77.56,27.0
2012-08-22,Bihar,Bhojpur,Acute Diarrhoeal Disease,60.3,29.85,81.72,12.0
2012-08-22,Gujarat,Kutch,Acute Diarrhoeal Disease,1.11,39.76,46.74,33.0
2012-08-22,Tamil Nadu,Ramanathapuram,Dengue,5.0,41.59,55.22,31.0
2012-08-22,Tamil Nadu,Theni,Dengue,22.5,40.31,65.99,26.0
2012-08-23,Bihar,Aurangabad,Acute Diarrhoeal Disease,54.8,28.11,81.55,25.0
2012-08-23,Haryana,Jind,Acute Diarrhoeal Disease,208.47,28.99,83.8,119.0
2012-08-23,Karnataka,Chamarajanagar,Acute Diarrhoeal Disease,20.89,31.25,67.58,24.0
2012-08-23,Telangana,Mahabubnagar,Dengue And Chikungunya,4.05,35.51,51.08,38.0
2012-08-23,Uttar Pradesh,Hardoi,Acute Diarrhoeal Disease,79.38,10.0,88.91,14.0
2012-08-24,Maharashtra,Nanded,Acute Diarrhoeal Disease,76.31,28.11,83.36,204.0
2012-08-25,Assam,Bongaigaon,Acute Diarrhoeal Disease,200.13,27.19,84.34,12.0
2012-08-25,Chhattisgarh,Dhamtari,Acute Diarrhoeal Disease,28.54,25.43,74.17,21.0
2012-08-25,Telangana,Mahabubnagar,Dengue And Chikungunya,13.34,37.49,59.55,50.0
2012-08-25,West Bengal,Jalpaiguri,Cholera,153.03,26.43,84.56,23.0
2012-08-25,West Bengal,Nadia,Chikungunya,50.43,26.81,81.22,17.0
2012-08-26,Maharashtra,Bhandara,Acute Diarrhoeal Disease,41.12,30.11,77.99,12.0
2012-08-26,Telangana,Karimnagar,Acute Diarrhoeal Disease,12.09,27.23,61.49,30.0
2012-08-27,Bihar,Lakhisarai,Acute Diarrhoeal Disease,91.61,29.23,83.45,15.0
2012-08-27,Maharashtra,Nagpur,Acute Diarrhoeal Disease,26.91,29.06,72.17,40.0
2012-08-27,Maharashtra,Nagpur,Cholera,26.91,29.06,72.17,161.0
2012-08-27,Maharashtra,Nanded,Acute Diarrhoeal Disease,14.54,27.77,63.54,25.0
2012-08-27,Telangana,Nalgonda,Dengue,42.74,33.0,77.6,78.0
2012-08-27,West Bengal,Hooghly,Dengue,64.51,27.27,82.89,22.0
2012-08-28,Andhra Pradesh,Kurnool,Acute Diarrhoeal Disease,49.22,26.49,81.08,28.0
2012-08-28,Andhra Pradesh,West Godavari,Dengue,62.96,28.09,82.51,58.0
2012-08-28,Bihar,Saharsa,Acute Diarrhoeal Disease,95.38,27.85,83.92,25.0
2012-08-28,Chhattisgarh,Janjgir,Acute Diarrhoeal Disease,96.1,29.23,83.51,23.0
2012-08-28,Chhattisgarh,Janjgir,Acute Diarrhoeal Disease,88.03,29.04,83.44,30.0
2012-08-28,Maharashtra,Beed,Chikungunya,24.05,40.29,67.04,13.0
2012-08-28,Maharashtra,Gondia,Acute Diarrhoeal Disease,85.22,26.78,84.05,172.0
2012-08-28,Maharashtra,Jalgaon,Dengue,56.14,31.51,80.72,130.0
2012-08-28,Maharashtra,Parbhani,Acute Diarrhoeal Disease,19.92,29.46,67.4,14.0
2012-08-28,Telangana,Mahabubnagar,Chikungunya,53.55,28.11,81.36,19.0
2012-08-28,Telangana,Medak,Acute Diarrhoeal Disease,48.92,29.26,80.19,34.0
2012-09-01,Haryana,Karnal,Cholera,57.89,26.99,82.3,26.0
2012-09-01,Jammu and Kashmir,Kupwara,Dengue And Malaria,32.34,18.35,78.2,130.0
2012-09-01,Tamil Nadu,Trichy,Dengue,22.04,36.94,66.69,35.0
2012-09-01,West Bengal,Nadia,Dengue,22.75,26.39,70.35,59.0
2012-09-02,West Bengal,Nadia,Dengue,25.13,27.02,71.71,27.0
2012-09-02,West Bengal,Nadia,Dengue,25.13,27.02,71.71,25.0
2012-09-03,Arunachal Pradesh,East Kameng,Dengue,299.36,10.85,89.24,31.0
2012-09-03,Arunachal Pradesh,Papum Pare,Dengue,206.31,14.79,88.06,544.0
2012-09-03,Chandigarh,Chandigarh,Dengue,37.68,27.08,77.77,579.0
2012-09-03,Chandigarh,Chandigarh,Dengue,37.68,27.08,77.77,1887.0
2012-09-04,Punjab,Patiala,Cholera,37.16,23.6,78.62,17.0
2012-09-04,Rajasthan,Bharatpur,Acute Diarrhoeal Disease,37.24,28.93,77.05,17.0
2012-09-04,Tamil Nadu,Dharmapuri,Dengue,48.89,31.11,79.63,55.0
2012-09-05,Telangana,Mahabubnagar,Dengue,112.32,31.03,83.11,23.0
2012-09-05,Telangana,Mahabubnagar,Dengue,112.32,31.03,83.11,31.0
2012-09-06,Punjab,Ludhiana,Acute Diarrhoeal Disease,38.05,28.03,77.61,23.0
2012-09-07,Tamil Nadu,Tiruchirapalli,Acute Diarrhoeal Disease,7.18,36.75,53.9,19.0
2012-09-07,Telangana,Mahabubnagar,Acute Diarrhoeal Disease,95.5,28.35,83.77,22.0
2012-09-08,Chhattisgarh,Janjgir,Acute Diarrhoeal Disease,81.35,27.15,83.83,15.0
2012-09-08,Tamil Nadu,Madurai,Dengue,8.85,42.42,53.85,79.0
2012-09-08,West Bengal,Bankura,Cholera,73.98,28.35,83.18,90.0
2012-09-10,Andhra Pradesh,Chittoor,Acute Diarrhoeal Disease,15.77,31.63,63.44,70.0
2012-09-10,Maharashtra,Beed,Chikungunya,48.82,36.84,77.9,17.0
2012-09-10,Maharashtra,Osmanabad,Dengue,37.08,28.68,77.07,35.0
2012-09-10,Tamil Nadu,Dindigul,Dengue/Chikungunya,27.8,36.94,70.31,23.0
2012-09-10,West Bengal,Bankura,Acute Diarrhoeal Disease,96.83,30.27,83.21,67.0
2012-09-10,West Bengal,Hooghly,Cholera,135.47,24.11,85.25,65.0
2012-09-11,Gujarat,Panchmahal,Chikungunya,300.0,24.13,85.26,12.0
2012-09-11,Odisha,Rayagada,Cholera,75.83,25.59,84.09,37.0
2012-09-11,Telangana,Mahabubnagar,Dengue,14.99,28.35,63.75,39.0
2012-09-11,Telangana,Mahabubnagar,Dengue,14.99,28.35,63.75,29.0
2012-09-12,Jharkhand,West Singhbhum,Acute Diarrhoeal Disease,96.64,27.25,84.11,27.0
2012-09-12,Karnataka,Uttara Kannada,Cholera,112.48,27.18,84.26,66.0
2012-09-13,Bihar,Patna,Dengue,65.17,29.96,82.14,272.0
2012-09-13,Maharashtra,Thane,Malaria,99.97,24.94,84.85,10.0
2012-09-13,Tamil Nadu,Karur,Dengue,11.25,39.47,57.04,17.0
2012-09-13,Tamil Nadu,Thanjavur,Dengue,14.1,36.31,60.59,48.0
2012-09-14,Karnataka,Chitradurga,Acute Diarrhoeal Disease,13.98,31.33,61.98,13.0
2012-09-14,Maharashtra,Beed,Dengue,23.9,33.83,68.88,32.0
2012-09-15,Andhra Pradesh,Visakhapatnam,Acute Diarrhoeal Disease,42.68,28.35,78.98,11.0
2012-09-15,Arunachal Pradesh,Upper Siang,Dengue,245.12,20.64,86.31,278.0
2012-09-15,Arunachal Pradesh,West Siang,Dengue,262.8,19.78,86.57,363.0
2012-09-15,Tamil Nadu,Ramanathapuram,Dengue,5.0,41.08,55.37,17.0
2012-09-15,West Bengal,Nadia,Dengue,75.58,27.16,83.61,26.0
2012-09-18,Assam,Dibrugarh,Acute Diarrhoeal Disease,230.99,28.35,84.0,67.0
2012-09-18,Assam,Sibsagar,Acute Diarrhoeal Disease,143.21,28.35,83.98,59.0
2012-09-18,Odisha,Baleswar,Dengue,100.19,26.15,84.48,310.0
2012-09-18,Tamil Nadu,Tiruchirapalli,Dengue,16.2,35.89,62.52,16.0
2012-09-19,Jammu and Kashmir,Baramulla,Cholera,63.31,18.95,85.28,238.0
2012-09-19,Karnataka,Koppal,Cholera,6.52,28.72,55.64,16.0
2012-09-19,Maharashtra,Ratnagiri,Acute Diarrhoeal Disease,48.14,26.03,81.0,22.0
2012-09-19,Punjab,Amritsar,Acute Diarrhoeal Disease,57.44,24.3,83.05,20.0
2012-09-19,West Bengal,Malda,Cholera,93.19,22.93,85.36,87.0
2012-09-20,Tamil Nadu,Virudhunagar,Dengue,6.09,40.64,51.64,33.0
2012-09-21,Bihar,Samastipur,Acute Diarrhoeal Disease,83.21,29.35,83.22,10.0
2012-09-21,Jammu and Kashmir,Bandipora,Acute Diarrhoeal Disease,54.25,18.05,84.49,97.0
2012-09-21,Maharashtra,Ahmednagar,Dengue,22.06,31.07,68.46,37.0
2012-09-22,Bihar,Madhubani,Acute Diarrhoeal Disease,106.71,15.85,87.63,71.0
2012-09-22,Maharashtra,Ahmednagar,Dengue,35.66,31.73,75.61,283.0
2012-09-22,Tamil Nadu,Pudukottai,Dengue,5.87,34.6,53.22,22.0
2012-09-23,Uttar Pradesh,Lakhimpur Kheri,Acute Diarrhoeal Disease,267.53,27.91,84.13,24.0
2012-09-24,Uttar Pradesh,Kanpur Nagar,Dengue,5.37,29.57,54.23,348.0
2012-09-24,Uttar Pradesh,Kanpur Nagar,Dengue,5.37,29.57,54.23,394.0
2012-09-25,Gujarat,Panchmahal,Chikungunya,21.78,28.91,68.92,38.0
2012-09-25,Tamil Nadu,Villupuram,Dengue,7.82,36.14,54.73,28.0
2012-09-26,Chhattisgarh,Janjgir,Acute Diarrhoeal Disease,39.58,28.53,77.98,47.0
2012-09-26,Tamil Nadu,Ramanathapuram,Chikungunya,5.0,37.93,56.32,49.0
2012-09-26,Tamil Nadu,Virudhunagar,Dengue,4.37,39.85,50.11,39.0
2012-09-27,Andhra Pradesh,Kurnool,Acute Diarrhoeal Disease,0.84,34.26,48.1,18.0
2012-09-27,Tamil Nadu,Thanjavur,Chikungunya,7.85,35.49,54.95,19.0
2012-09-27,Tamil Nadu,Thiruvannamalai,Dengue,5.91,39.66,51.74,32.0
2012-09-27,Tamil Nadu,Tiruchirapalli,Chikungunya,7.85,35.49,54.95,45.0
2012-09-28,Assam,Barpeta,Cholera,10.12,26.96,59.73,13.0
2012-09-28,Assam,Jorhat,Cholera,40.23,25.04,79.24,84.0
2012-09-28,Assam,Marigaon,Acute Diarrhoeal Disease,29.87,24.12,75.27,33.0
2012-09-28,Maharashtra,Beed,Dengue,7.52,33.49,55.22,15.0
2012-09-28,Maharashtra,Nashik,Acute Diarrhoeal Disease,18.43,27.93,66.72,46.0
2012-09-28,Rajasthan,Kota,Dengue,0.11,35.99,46.82,2103.0
2012-10-01,Karnataka,Gulbarga,Dengue,32.54,34.14,73.56,83.0
2012-10-01,Maharashtra,Bhandara,Acute Diarrhoeal Disease,10.77,30.25,59.35,50.0
2012-10-01,Maharashtra,Jalgaon,Dengue,3.04,30.94,51.4,32.0
2012-10-01,Maharashtra,Thane,Dengue,25.48,28.74,71.41,10.0
2012-10-03,Gujarat,Ahmedabad,Acute Diarrhoeal Disease,0.54,33.41,48.04,14.0
2012-10-03,Jharkhand,Pakur,Dengue,29.84,29.47,73.65,29.0
2012-10-04,Bihar,Munger,Acute Diarrhoeal Disease,28.11,28.93,72.89,18.0
2012-10-04,Daman and Diu,Diu,Dengue,5.0,29.26,58.92,17.0
2012-10-05,Punjab,Gurdaspur,Cholera,0.01,31.14,48.17,383.0
2012-10-05,Rajasthan,Bikaner,Malaria,0.01,45.79,43.77,103.0
2012-10-06,West Bengal,Nadia,Dengue,39.31,31.14,77.11,37.0
2012-10-07,Maharashtra,Ratnagiri,Chikungunya,208.8,29.26,83.72,122.0
2012-10-07,Puducherry,Puducherry,Dengue,2.87,34.19,50.25,1965.0
2012-10-07,Punjab,Moga,Cholera,0.06,30.76,48.33,109.0
2012-10-08,Daman and Diu,Daman and Diu,Dengue,5.0,27.76,59.37,70.0
2012-10-08,Gujarat,Kutch,Acute Diarrhoeal Disease,0.01,41.42,45.08,15.0
2012-10-08,Puducherry,Puducherry,Dengue,4.08,34.19,51.5,461.0
2012-10-08,Puducherry,Puducherry,Dengue,4.08,34.19,51.5,5593.0
2012-10-08,Puducherry,Puducherry,Dengue,4.08,34.19,51.5,7303.0
2012-10-08,Uttarakhand,Haridwar,Dengue,2.5,28.99,51.42,126.0
2012-10-08,West Bengal,Nadia,Dengue,47.75,29.58,79.85,49.0
2012-10-08,West Bengal,North 24 Parganas,Dengue,88.95,26.78,84.13,376.0
2012-10-09,Maharashtra,Ahmednagar,Acute Diarrhoeal Disease,118.88,29.19,83.69,93.0
2012-10-09,Maharashtra,Nashik,Acute Diarrhoeal Disease,79.99,27.52,83.67,12.0
2012-10-09,Tamil Nadu,Dindigul,Dengue And Chikungunya,17.61,34.91,63.97,23.0
2012-10-10,Andhra Pradesh,Kurnool,Acute Diarrhoeal Disease,16.66,28.79,65.03,22.0
2012-10-10,Assam,Bongaigaon,Dengue,43.65,23.82,80.6,27.0
2012-10-10,Tamil Nadu,Ramanathapuram,Dengue,5.0,40.52,55.54,17.0
2012-10-10,Tamil Nadu,Thanjavur,Dengue,62.65,36.82,79.86,65.0
2012-10-10,Tamil Nadu,Tiruvannamalai,Dengue,51.09,33.86,79.22,35.0
2012-10-10,West Bengal,Nadia,Dengue,62.5,29.58,82.02,31.0
2012-10-11,Jharkhand,East Singhbhum,Dengue,31.97,28.84,74.88,46.0
2012-10-11,Jharkhand,East Singhbhum,Dengue,31.97,28.84,74.88,73.0
2012-10-11,Odisha,Cuttack,Acute Diarrhoeal Disease,46.41,22.97,81.54,38.0
2012-10-11,Tamil Nadu,Erode,Dengue,36.2,30.8,76.1,20.0
2012-10-11,West Bengal,Jalpaiguri,Acute Diarrhoeal Disease,36.72,24.75,78.11,20.0
2012-10-11,West Bengal,North 24 Parganas,Dengue,49.37,27.76,80.73,197.0
2012-10-12,Maharashtra,Aurangabad,Dengue,9.69,32.58,57.62,63.0
2012-10-12,Maharashtra,Dhule,Dengue,2.26,34.34,49.57,10.0
2012-10-12,Maharashtra,Ratnagiri,Acute Diarrhoeal Disease,126.73,28.6,83.89,15.0
2012-10-12,West Bengal,Jalpaiguri,Acute Diarrhoeal Disease,30.64,25.82,75.15,17.0
2012-10-12,West Bengal,Jalpaiguri,Cholera,30.64,25.82,75.15,68.0
2012-10-13,Assam,Sonitpur,Dengue,60.65,26.0,82.91,30.0
2012-10-13,Assam,Sonitpur,Dengue,60.65,26.0,82.91,224.0
2012-10-13,Assam,Sonitpur,Dengue,60.65,26.0,82.91,235.0
2012-10-14,Jharkhand,Bokaro,Dengue,15.81,27.41,64.74,27.0
2012-10-14,Maharashtra,Thane,Malaria,10.02,29.54,58.85,9.0
2012-10-17,Karnataka,Belgaum,Cholera,0.03,30.9,48.26,151.0
2012-10-17,Maharashtra,Gadchiroli,Acute Diarrhoeal Disease,0.0,30.25,48.43,25.0
2012-10-19,Gujarat,Tapi,Acute Diarrhoeal Disease,0.02,34.5,47.18,12.0
2012-10-20,Assam,Sonitpur,Acute Diarrhoeal Disease,1.97,27.52,51.31,16.0
2012-10-20,Punjab,Hoshiarpur,Acute Diarrhoeal Disease,1.67,28.64,50.66,40.0
2012-10-21,Maharashtra,Aurangabad,Dengue,0.01,35.99,46.71,22.0
2012-10-22,Assam,Dhemaji,Dengue,0.37,27.02,49.78,11.0
2012-10-22,Maharashtra,Beed,Dengue,2.02,39.0,47.92,33.0
2012-10-22,Maharashtra,Osmanabad,Dengue,17.61,38.26,62.96,16.0
2012-10-22,Maharashtra,Satara,Acute Diarrhoeal Disease,1.44,36.2,48.15,18.0
2012-10-22,Tamil Nadu,Dharmapuri,Dengue,62.49,28.56,82.32,11.0
2012-10-24,Maharashtra,Ratnagiri,Dengue,4.38,30.05,53.05,30.0
2012-10-24,Manipur,Churachandpur,Dengue,9.27,24.67,59.59,25.0
2012-10-25,Gujarat,Tapi,Dengue,0.01,33.73,47.39,175.0
2012-10-25,Maharashtra,Beed,Dengue,6.78,36.5,53.57,14.0
2012-10-25,Maharashtra,Beed,Chikungunya,6.78,36.5,53.57,18.0
2012-10-26,Bihar,Samastipur,Dengue,0.05,30.69,48.34,52.0
2012-10-26,Madhya Pradesh,Bhopal,Acute Diarrhoeal Disease,0.01,32.89,47.64,15.0
2012-10-28,Bihar,Bhojpur,Dengue,0.29,30.58,48.63,36.0
2012-10-28,Chhattisgarh,Durg,Cholera,0.02,29.56,48.65,579.0
2012-10-28,Gujarat,Tapi,Acute Diarrhoeal Disease,0.01,34.3,47.21,75.0
2012-10-28,Maharashtra,Dhule,Dengue,0.6,37.15,46.98,31.0
2012-10-28,Maharashtra,Thane,Acute Diarrhoeal Disease,4.72,30.46,53.29,18.0
2012-10-28,West Bengal,Nadia,Dengue,0.23,31.53,48.28,10.0
2012-11-03,Bihar,Araria,Acute Diarrhoeal Disease,0.01,29.01,48.8,20.0
2012-11-03,Maharashtra,Beed,Dengue,15.88,34.8,62.58,10.0
2012-11-04,Tamil Nadu,Dindigul,Chikungunya,6.69,30.9,55.16,17.0
2012-11-04,West Bengal,Bankura,Cholera,22.25,28.46,69.38,61.0
2012-11-05,Andhra Pradesh,East Godavari,Acute Diarrhoeal Disease,128.58,26.13,84.63,224.0
2012-11-05,Andhra Pradesh,Visakhapatnam,Acute Diarrhoeal Disease,145.88,32.21,82.83,55.0
2012-11-05,Maharashtra,Dhule,Dengue,0.01,33.25,47.54,23.0
2012-11-06,Maharashtra,Thane,Dengue,0.32,28.38,49.32,25.0
2012-11-07,Maharashtra,Akola,Chikungunya,5.21,33.91,52.75,83.0
2012-11-07,Maharashtra,Dhule,Chikungunya,0.01,35.12,46.98,24.0
2012-11-07,Punjab,Amritsar,Cholera,0.71,27.78,49.92,17.0
2012-11-08,Karnataka,Mandya,Acute Diarrhoeal Disease,5.95,27.27,55.51,12.0
2012-11-08,Maharashtra,Nashik,Dengue,0.02,31.91,47.95,20.0
2012-11-09,Jharkhand,West Singhbhum,Malaria,59.29,26.61,82.58,73.0
2012-11-12,Maharashtra,Beed,Dengue,0.76,34.9,47.83,10.0
2012-11-12,Maharashtra,Kolhapur,Dengue,3.94,32.27,51.94,41.0
2012-11-13,Andhra Pradesh,Visakhapatnam,Acute Diarrhoeal Disease,5.51,28.91,54.56,54.0
2012-11-14,Bihar,Gaya,Malaria,0.02,26.56,49.55,23.0
2012-11-15,Gujarat,Junagadh,Dengue,0.02,38.92,45.84,343.0
2012-11-15,Maharashtra,Amravati,Dengue,0.01,33.66,47.41,87.0
2012-11-22,Karnataka,Kolar,Dengue,0.02,30.31,48.43,53.0
2012-11-22,Karnataka,Kolar,Dengue,0.02,30.31,48.43,91.0
2012-11-22,Maharashtra,Ratnagiri,Dengue,0.01,31.34,48.1,21.0
2012-11-26,Andhra Pradesh,Visakhapatnam,Acute Diarrhoeal Disease,27.73,27.59,73.07,14.0
2012-11-26,Jharkhand,Dhanbad,Malaria,0.0,26.48,49.56,60.0
2012-11-26,Maharashtra,Ahmednagar,Dengue,0.06,33.39,47.54,11.0
2012-11-26,Maharashtra,Dhule,Dengue,0.0,34.91,47.03,26.0
2012-11-27,Andhra Pradesh,Visakhapatnam,Acute Diarrhoeal Disease,26.11,27.56,72.15,10.0
2012-11-27,Tamil Nadu,Salem,Dengue And Chikungunya,38.81,30.6,77.11,15.0
2012-11-28,Madhya Pradesh,Neemuch,Acute Diarrhoeal Disease,0.0,29.78,48.57,70.0
2012-11-28,Maharashtra,Osmanabad,Acute Diarrhoeal Disease,1.37,32.22,49.27,102.0
2012-12-01,Maharashtra,Jalgaon,Acute Diarrhoeal Disease,0.01,34.43,47.18,15.0
2012-12-03,Andhra Pradesh,Visakhapatnam,Acute Diarrhoeal Disease,0.04,28.42,49.02,36.0
2012-12-03,Maharashtra,Osmanabad,Acute Diarrhoeal Disease,0.13,34.57,47.27,65.0
2012-12-07,Andhra Pradesh,Vizianagaram,Acute Diarrhoeal Disease,0.01,26.66,49.51,52.0
2012-12-07,Andhra Pradesh,Vizianagaram,Acute Diarrhoeal Disease,0.01,26.66,49.51,78.0
2012-12-07,Assam,Kamrup,Acute Diarrhoeal Disease,0.02,24.34,50.22,27.0
2012-12-07,Chhattisgarh,Dhamtari,Acute Diarrhoeal Disease,0.07,26.48,49.63,22.0
2012-12-08,Andhra Pradesh,Kadapa,Acute Diarrhoeal Disease,47.0,31.22,79.2,31.0
2012-12-10,Andhra Pradesh,Kadapa,Acute Diarrhoeal Disease,39.62,29.56,77.69,25.0
2012-12-10,Andhra Pradesh,Vizianagaram,Acute Diarrhoeal Disease,0.06,30.27,48.48,56.0
2012-12-10,Andhra Pradesh,Vizianagaram,Acute Diarrhoeal Disease,0.06,30.27,48.48,33.0
2012-12-10,Maharashtra,Nashik,Dengue,5.08,30.81,53.56,22.0
2012-12-11,Tamil Nadu,Krishnagiri,Dengue,7.23,28.19,56.52,11.0
2012-12-16,Gujarat,Surat,Acute Diarrhoeal Disease,0.01,30.17,48.46,26.0
2012-12-17,Andhra Pradesh,West Godavari,Acute Diarrhoeal Disease,0.12,28.16,49.18,45.0
2012-12-17,Maharashtra,Dhule,Dengue,0.01,34.19,47.25,12.0
2012-12-19,Assam,Jorhat,Acute Diarrhoeal Disease,2.92,19.71,54.65,15.0
2012-12-19,Tamil Nadu,Ramanathapuram,Dengue,5.0,28.28,59.21,17.0
2012-12-20,Andhra Pradesh,Anantapur,Cholera,0.01,32.91,47.64,23.0
2012-12-23,Tamil Nadu,Ramanathapuram,Dengue,5.0,28.38,59.18,14.0
2012-12-24,Maharashtra,Ahmednagar,Dengue,0.01,32.5,47.76,12.0
2012-12-24,Tamil Nadu,Ramanathapuram,Dengue,5.0,28.06,59.28,25.0
2012-12-25,Odisha,Ganjam,Acute Diarrhoeal Disease,5.0,24.92,60.22,45.0
2012-12-26,Karnataka,Hassan,Acute Diarrhoeal Disease,0.01,28.41,48.99,12.0
2013-01-01,Maharashtra,Ratnagiri,Acute Diarrhoeal Disease,0.0,30.61,48.32,15.0
2013-01-05,Assam,Jorhat,Acute Encephalitis Syndrome,0.64,21.21,51.81,42.0
2013-01-05,Karnataka,Gulbarga,Dengue,1.33,35.02,48.39,22.0
2013-01-05,Madhya Pradesh,Mandla,Malaria,3.36,25.51,53.36,11.0
2013-01-07,Chhattisgarh,Bastar,Acute Diarrhoeal Disease,0.89,28.69,49.83,9.0
2013-01-08,Karnataka,Tumkur,Chikungunya,0.01,34.47,47.17,26.0
2013-01-08,Maharashtra,Satara,Dengue,0.09,36.21,46.73,18.0
2013-01-09,Maharashtra,Raigad,Acute Diarrhoeal Disease,0.01,30.33,48.41,110.0
2013-01-09,Odisha,Ganjam,Acute Diarrhoeal Disease,5.0,24.89,60.23,12.0
2013-01-09,Telangana,Mahabubnagar,Chikungunya,0.09,34.59,47.22,31.0
2013-01-10,Tamil Nadu,Ramanathapuram,Dengue,5.0,24.11,60.46,15.0
2013-01-13,Tamil Nadu,Karur,Dengue,0.03,32.77,47.7,56.0
2013-01-13,Tamil Nadu,Tirunelveli,Chikungunya,27.26,28.28,72.6,51.0
2013-01-13,West Bengal,Purulia,Cholera,0.05,20.13,51.52,195.0
2013-01-15,Assam,Tinsukia,Acute Encephalitis Syndrome,1.25,18.21,53.35,81.0
2013-01-16,Tamil Nadu,Kancheepuram,Chikungunya,0.02,29.32,48.72,17.0
2013-01-16,Tamil Nadu,Karur,Chikungunya,0.01,34.1,47.28,27.0
2013-01-16,Tamil Nadu,Tirunelveli,Chikungunya,0.3,29.24,49.04,45.0
2013-01-17,Assam,Dibrugarh,Acute Encephalitis Syndrome,0.2,19.38,51.9,5.0
2013-01-17,Assam,Dibrugarh,Acute Encephalitis Syndrome,0.2,19.38,51.9,89.0
2013-01-22,Gujarat,Jamnagar,Acute Diarrhoeal Disease,4.39,28.21,53.62,11.0
2013-01-22,Odisha,Koraput,Acute Diarrhoeal Disease,0.05,28.8,48.91,12.0
2013-01-22,Tamil Nadu,Virudhunagar,Dengue,0.49,33.72,47.89,31.0
2013-01-24,Karnataka,Tumkur,Chikungunya,0.0,33.65,47.41,76.0
2013-01-24,Odisha,Jagatsinghpur,Acute Diarrhoeal Disease,1.44,26.66,51.02,14.0
2013-01-24,Tamil Nadu,Ramanathapuram,Dengue,5.0,30.92,58.42,15.0
2013-01-28,Andhra Pradesh,Chittoor,Acute Diarrhoeal Disease,0.06,30.21,48.5,29.0
2013-01-28,Arunachal Pradesh,East Kameng,Acute Diarrhoeal Disease,19.21,11.33,72.3,29.0
2013-01-28,Arunachal Pradesh,East Kameng,Acute Diarrhoeal Disease,19.21,11.33,72.3,40.0
2013-01-28,Assam,Sibsagar,Acute Encephalitis Syndrome,0.01,22.92,50.63,43.0
2013-01-28,Karnataka,Gadag,Acute Diarrhoeal Disease,0.0,38.4,45.98,10.0
2013-01-28,Karnataka,Yadgir,Acute Diarrhoeal Disease,0.01,32.78,47.67,21.0
2013-01-28,Tamil Nadu,Dindigul,Chikungunya,0.03,33.41,47.51,21.0
2013-01-28,Tamil Nadu,Karur,Chikungunya,0.02,36.71,46.5,128.0
2013-01-28,Tamil Nadu,Namakkal,Dengue,0.0,35.99,46.71,47.0
2013-02-05,Tamil Nadu,Tirunelveli,Chikungunya,0.43,31.92,48.38,28.0
2013-02-07,Tamil Nadu,Dindigul,Chikungunya,2.58,35.02,49.69,24.0
2013-02-07,Tamil Nadu,Dindigul,Chikungunya,2.58,35.02,49.69,52.0
2013-02-08,Assam,Kamrup,Acute Encephalitis Syndrome,0.03,25.02,50.03,57.0
2013-02-08,Assam,Sivasagar,Acute Encephalitis Syndrome,0.79,24.19,51.07,105.0
2013-02-09,Tamil Nadu,Pudukkottai,Acute Diarrhoeal Disease,4.48,31.25,52.8,24.0
2013-02-11,Andhra Pradesh,Chittoor,Acute Diarrhoeal Disease,0.56,31.82,48.54,82.0
2013-02-11,Tamil Nadu,Karur,Chikungunya,0.66,37.42,46.97,48.0
2013-02-11,Tamil Nadu,Pudukkottai,Acute Diarrhoeal Disease,4.82,31.67,53.03,22.0
2013-02-14,Kerala,Wayanad,Acute Diarrhoeal Disease,21.47,31.77,67.84,21.0
2013-02-17,Goa,South Goa,Dengue,17.02,31.24,64.59,11.0
2013-02-22,Andhra Pradesh,West Godavari,Acute Diarrhoeal Disease,11.7,28.9,60.64,24.0
2013-02-22,Kerala,Idukki,Dengue,40.91,29.35,78.16,27.0
2013-02-24,Arunachal Pradesh,Kurung Kumey,Acute Diarrhoeal Disease,28.53,13.73,77.68,14.0
2013-02-24,Maharashtra,Nandurbar,Acute Diarrhoeal Disease,0.19,36.57,46.73,162.0
2013-02-28,Karnataka,Yadgiri,Acute Diarrhoeal Disease,0.01,38.54,45.95,101.0
2013-03-01,Assam,Golaghat,Acute Encephalitis Syndrome,0.07,27.47,49.33,38.0
2013-03-01,Assam,Golaghat,Acute Encephalitis Syndrome,0.07,27.47,49.33,123.0
2013-03-01,Jammu and Kashmir,Budgam,Acute Diarrhoeal Disease,92.01,10.0,89.22,233.0
2013-03-02,Assam,Lakhimpur,Acute Encephalitis Syndrome,0.88,29.92,49.44,15.0
2013-03-02,Karnataka,Tumkur,Chikungunya,0.0,39.74,45.58,27.0
2013-03-02,Maharashtra,Kolhapur,Dengue,0.0,37.94,46.12,28.0
2013-03-03,Kerala,Idukki,Dengue,0.69,33.22,48.26,11.0
2013-03-03,Kerala,Kollam,Dengue,1.44,31.58,49.54,20.0
2013-03-04,Karnataka,Raichur,Cholera,0.0,41.59,45.03,30.0
2013-03-04,Karnataka,Raichur,Acute Diarrhoeal Disease,0.0,41.59,45.03,54.0
2013-03-05,Karnataka,Yadgiri,Acute Diarrhoeal Disease,0.0,41.49,45.06,38.0
2013-03-05,Tamil Nadu,Virudhunagar,Chikungunya,0.02,40.84,45.27,29.0
2013-03-06,Assam,Barpeta,Acute Encephalitis Syndrome,0.11,29.73,48.7,25.0
2013-03-06,Rajasthan,Udaipur,Acute Diarrhoeal Disease,0.01,35.51,46.85,29.0
2013-03-07,Gujarat,Surat,Acute Diarrhoeal Disease,0.01,38.48,45.96,32.0
2013-03-07,Tamil Nadu,Vellore,Chikungunya,6.18,35.42,53.29,24.0
2013-03-08,Karnataka,Chitradurga,Acute Diarrhoeal Disease,1.88,39.06,47.76,33.0
2013-03-08,Maharashtra,Dhule,Acute Diarrhoeal Disease,0.0,43.47,44.46,53.0
2013-03-08,Tamil Nadu,Madurai,Dengue,28.3,34.58,71.29,11.0
2013-03-10,Andhra Pradesh,West Godavari,Acute Diarrhoeal Disease,0.29,30.3,48.72,18.0
2013-03-10,Maharashtra,Raigad,Dengue,0.0,40.65,45.31,27.0
2013-03-11,Andhra Pradesh,Prakasam,Chikungunya,1.58,38.45,47.63,27.0
2013-03-11,Tamil Nadu,Ramanathapuram,Dengue,5.0,30.92,58.42,31.0
2013-03-14,Madhya Pradesh,Mandsaur,Acute Diarrhoeal Disease,0.01,39.66,45.61,24.0
2013-03-14,Sikkim,West Sikkim,Acute Diarrhoeal Disease,74.47,16.41,86.78,22.0
2013-03-15,Andhra Pradesh,Chittoor,Chikungunya,0.02,35.11,46.99,12.0
2013-03-15,Maharashtra,Pune,Acute Diarrhoeal Disease,0.01,42.02,44.9,75.0
2013-03-16,Kerala,Idukki,Dengue,35.93,30.43,76.1,22.0
2013-03-16,Maharashtra,Raigad,Dengue,0.07,38.6,45.99,22.0
2013-03-18,Karnataka,Chamarajanagar,Dengue,6.28,41.07,51.7,23.0
2013-03-18,Karnataka,Haveri,Cholera,5.22,34.35,52.63,72.0
2013-03-20,Madhya Pradesh,Mandla,Malaria,17.97,31.75,65.21,14.0
2013-03-21,Andhra Pradesh,Chittoor,Acute Diarrhoeal Disease,0.09,34.73,47.18,21.0
2013-03-22,Karnataka,Gulbarga,Acute Diarrhoeal Disease,0.01,45.55,43.84,27.0
2013-03-23,Kerala,Palakkad,Dengue,39.56,34.4,76.22,64.0
2013-03-24,Odisha,Ganjam,Acute Diarrhoeal Disease,5.0,31.87,58.13,12.0
2013-03-25,Karnataka,Gadag,Chikungunya,0.0,45.82,43.76,17.0
2013-03-25,Maharashtra,Beed,Dengue,0.0,47.95,43.12,23.0
2013-03-25,Tamil Nadu,Ramanathapuram,Chikungunya,5.0,36.93,56.62,10.0
2013-03-25,Telangana,Mahabubnagar,Dengue,0.0,42.48,44.76,13.0
2013-03-26,Assam,Morigaon,Acute Diarrhoeal Disease,21.69,25.91,69.75,48.0
2013-03-26,Karnataka,Yadgir,Acute Diarrhoeal Disease,0.0,43.59,44.43,16.0
2013-03-28,Gujarat,Amreli,Acute Diarrhoeal Disease,0.02,43.5,44.47,22.0
2013-03-28,Karnataka,Chitradurga,Acute Diarrhoeal Disease,0.04,41.97,44.95,10.0
2013-03-28,Maharashtra,Beed,Dengue,0.0,48.0,43.1,16.0
2013-03-28,Maharashtra,Sangli,Dengue,0.04,40.75,45.32,20.0
2013-03-28,Tamil Nadu,Tiruchirappalli,Chikungunya,2.76,41.04,48.08,16.0
2013-03-28,Tamil Nadu,Tiruchirappalli,Chikungunya,1.75,42.48,46.6,11.0
2013-04-01,Telangana,Mahabubnagar,Chikungunya,0.14,45.15,44.1,23.0
2013-04-02,Telangana,Nizamabad,Dengue,2.78,40.44,48.28,17.0
2013-04-03,Gujarat,Kheda,Chikungunya,0.01,40.65,45.31,61.0
2013-04-03,Gujarat,Mehsana,Chikungunya,0.01,40.28,45.42,73.0
2013-04-04,Kerala,Alappuzha,Dengue,8.35,30.7,56.88,16.0
2013-04-04,Maharashtra,Gadchiroli,Dengue,0.96,40.81,46.26,12.0
2013-04-04,Maharashtra,Gadchiroli,Malaria,0.96,40.81,46.26,42.0
2013-04-04,Tamil Nadu,Tiruchirapalli,Acute Diarrhoeal Disease,1.38,42.04,46.34,15.0
2013-04-06,Bihar,Muzaffarpur,Acute Encephalitis Syndrome,0.16,35.81,46.92,124.0
2013-04-06,Kerala,Idukki,Dengue,16.09,29.34,64.39,15.0
2013-04-06,Odisha,Cuttack,Acute Diarrhoeal Disease,1.91,37.58,48.23,143.0
2013-04-07,Maharashtra,Chandrapur,Dengue,4.77,40.94,50.19,110.0
2013-04-08,Gujarat,Ahmedabad,Acute Diarrhoeal Disease,0.0,42.95,44.62,67.0
2013-04-08,Madhya Pradesh,Chhindwara,Acute Diarrhoeal Disease,7.3,42.1,52.41,16.0
2013-04-08,Maharashtra,Gondia,Dengue,1.98,42.36,46.87,22.0
2013-04-08,Telangana,Mahabubnagar,Chikungunya,0.11,44.83,44.17,18.0
2013-04-09,Karnataka,Yadgir,Acute Diarrhoeal Disease,0.02,47.08,43.4,109.0
2013-04-10,Odisha,Jajpur,Acute Diarrhoeal Disease,0.03,42.49,44.78,48.0
2013-04-11,Uttar Pradesh,Lucknow,Acute Diarrhoeal Disease,0.14,36.79,46.61,12.0
2013-04-12,Gujarat,Gandhinagar,Acute Diarrhoeal Disease,0.34,41.23,45.49,13.0
2013-04-12,Karnataka,Chamarajanagar,Acute Diarrhoeal Disease,2.89,37.97,49.14,10.0
2013-04-12,Odisha,Dhenkanal,Acute Diarrhoeal Disease,0.55,40.59,45.9,27.0
2013-04-13,Karnataka,Mysore,Cholera,2.8,40.28,48.35,129.0
2013-04-13,Telangana,Mahbubnagar,Dengue,0.01,46.36,43.61,32.0
2013-04-14,Karnataka,Chitradurga,Acute Diarrhoeal Disease,0.12,44.45,44.29,22.0
2013-04-15,Karnataka,Gulbarga,Chikungunya,2.06,47.75,45.34,15.0
2013-04-15,Karnataka,Tumkur,Chikungunya,0.2,42.32,45.01,15.0
2013-04-15,Karnataka,Tumkur,Chikungunya,0.2,42.32,45.01,10.0
2013-04-16,Andhra Pradesh,East Godavari,Acute Diarrhoeal Disease,0.07,34.07,47.35,30.0
2013-04-16,Assam,Dibrugarh,Acute Diarrhoeal Disease,119.14,20.3,86.36,33.0
2013-04-16,Tamil Nadu,Krishnagiri,Acute Diarrhoeal Disease,0.35,39.26,46.09,26.0
2013-04-17,Assam,Sonitpur,Acute Diarrhoeal Disease,105.37,25.73,84.66,10.0
2013-04-17,Maharashtra,Sangli,Dengue,0.3,45.79,44.08,14.0
2013-04-17,Telangana,Nalgonda,Dengue,0.14,41.15,45.3,39.0
2013-04-18,Bihar,Gaya,Acute Diarrhoeal Disease,3.73,41.37,48.98,24.0
2013-04-18,Karnataka,Hassan,Acute Diarrhoeal Disease,0.08,42.71,44.77,51.0
2013-04-18,Odisha,Sambalpur,Acute Diarrhoeal Disease,5.53,34.94,52.78,19.0
2013-04-18,Uttarakhand,Dehradun,Acute Diarrhoeal Disease,15.73,29.39,64.08,29.0
2013-04-19,Jammu and Kashmir,Pulwama,Acute Diarrhoeal Disease,50.88,13.7,85.23,60.0
2013-04-19,Karnataka,Davangere,Cholera,0.01,43.53,44.45,36.0
2013-04-19,Karnataka,Raichur,Acute Diarrhoeal Disease,0.0,47.57,43.23,95.0
2013-04-19,Karnataka,Tumkur,Cholera,0.02,42.83,44.67,44.0
2013-04-19,Kerala,Wayanad,Cholera,45.62,36.5,77.29,18.0
2013-04-19,Maharashtra,Sangli,Acute Diarrhoeal Disease,0.26,46.43,43.85,95.0
2013-04-20,Andhra Pradesh,Chittoor,Acute Diarrhoeal Disease,0.71,39.92,46.27,16.0
2013-04-20,Gujarat,Panchmahal,Malaria,1.13,45.14,45.14,14.0
2013-04-20,Karnataka,Chamarajanagar,Acute Diarrhoeal Disease,19.8,41.05,63.83,11.0
2013-04-21,Andhra Pradesh,Krishna,Acute Diarrhoeal Disease,0.9,37.22,47.28,102.0
2013-04-21,Madhya Pradesh,Bhopal,Acute Diarrhoeal Disease,5.02,43.81,49.59,24.0
2013-04-22,Karnataka,Kolar,Acute Diarrhoeal Disease,0.66,37.8,46.85,23.0
2013-04-23,Maharashtra,Ahmednagar,Dengue,0.06,47.65,43.27,13.0
2013-04-24,Karnataka,Davangere,Acute Diarrhoeal Disease,0.02,45.39,43.91,30.0
2013-04-25,Karnataka,Chitradurga,Cholera,0.13,46.12,43.8,40.0
2013-04-25,Odisha,Rayagada,Acute Diarrhoeal Disease,86.03,31.89,82.54,20.0
2013-04-27,Gujarat,Gandhinagar,Acute Diarrhoeal Disease,2.47,41.79,47.56,12.0
2013-04-27,Karnataka,Tumkur,Chikungunya,10.27,42.44,55.22,25.0
2013-04-27,Maharashtra,Sangli,Acute Diarrhoeal Disease,1.16,44.83,45.27,121.0
2013-04-28,Bihar,Munger,Malaria,4.12,32.49,52.05,53.0
2013-04-28,Chhattisgarh,Raipur,Acute Diarrhoeal Disease,9.95,39.92,55.67,26.0
2013-04-28,Karnataka,Chitradurga,Acute Diarrhoeal Disease,9.41,43.37,54.12,56.0
2013-04-28,Madhya Pradesh,Sehore,Acute Diarrhoeal Disease,0.58,47.32,43.91,11.0
2013-04-28,Telangana,Warangal,Dengue,3.66,40.72,49.11,43.0
2013-04-28,West Bengal,South 24 Parganas,Cholera,6.51,31.62,54.76,70.0
2013-05-01,Chhattisgarh,Durg,Dengue,3.64,42.35,48.61,67.0
2013-05-01,Karnataka,Davangere,Acute Diarrhoeal Disease,21.34,39.01,65.58,23.0
2013-05-01,Karnataka,Mandya,Acute Diarrhoeal Disease,20.12,36.83,65.34,52.0
2013-05-01,Telangana,Mahabubnagar,Chikungunya,11.26,44.51,55.54,37.0
2013-05-01,West Bengal,Burdwan,Acute Diarrhoeal Disease,2.01,35.9,48.83,43.0
2013-05-01,West Bengal,Purulia,Cholera,0.11,41.44,45.18,60.0
2013-05-02,Jharkhand,Jamtara,Malaria,0.06,42.43,44.84,10.0
2013-05-02,Karnataka,Ballari,Acute Diarrhoeal Disease,2.31,42.78,47.09,55.0
2013-05-02,Kerala,Kollam,Acute Diarrhoeal Disease,34.76,31.58,75.29,15.0
2013-05-03,Andhra Pradesh,Chittoor,Acute Diarrhoeal Disease,0.25,38.81,46.13,44.0
2013-05-03,Assam,Sivasagar,Acute Diarrhoeal Disease,136.21,31.07,83.16,19.0
2013-05-03,Karnataka,Chamarajanagar,Acute Diarrhoeal Disease,7.3,35.52,54.39,17.0
2013-05-03,West Bengal,North 24 Parganas,Acute Diarrhoeal Disease,5.33,31.2,53.68,35.0
2013-05-05,Karnataka,Davangere,Acute Diarrhoeal Disease,0.94,37.92,47.11,17.0
2013-05-05,Maharashtra,Nanded,Acute Diarrhoeal Disease,0.4,48.0,43.52,23.0
2013-05-05,Maharashtra,Sangli,Cholera,3.11,43.65,47.66,88.0
2013-05-05,West Bengal,Purba Medinipur,Acute Diarrhoeal Disease,27.44,32.87,71.33,15.0
2013-05-06,Karnataka,Gulbarga,Acute Diarrhoeal Disease,0.82,48.0,43.96,23.0
2013-05-06,Kerala,Wayanad,Acute Diarrhoeal Disease,75.11,32.04,82.12,13.0
2013-05-07,West Bengal,Bankura,Cholera,35.84,36.23,74.33,70.0
2013-05-08,Karnataka,Davangere,Acute Diarrhoeal Disease,0.64,37.39,46.96,27.0
2013-05-10,Karnataka,Gulbarga,Acute Diarrhoeal Disease,0.89,48.0,44.04,48.0
2013-05-10,Karnataka,Mysore,Dengue,23.0,34.2,68.17,24.0
2013-05-10,Kerala,Alappuzha,Acute Diarrhoeal Disease,46.16,28.01,79.97,10.0
2013-05-10,Madhya Pradesh,Barwani,Acute Diarrhoeal Disease,0.0,48.0,43.1,165.0
2013-05-10,Maharashtra,Nandurbar,Acute Diarrhoeal Disease,0.0,48.0,43.1,115.0
2013-05-11,Karnataka,Kolar,Dengue,1.48,35.9,48.29,21.0
2013-05-12,Karnataka,Kolar,Dengue,3.4,35.97,50.27,16.0
2013-05-12,Karnataka,Shimoga,Acute Diarrhoeal Disease,5.53,35.09,52.73,19.0
2013-05-13,Karnataka,Mysore,Dengue,13.19,34.8,60.23,46.0
2013-05-13,Sikkim,East Sikkim,Acute Diarrhoeal Disease,37.18,13.76,81.58,42.0
2013-05-14,Gujarat,Bhavnagar,Acute Diarrhoeal Disease,0.01,48.0,43.11,22.0
2013-05-14,Gujarat,Gandhinagar,Cholera,0.01,44.09,44.28,87.0
2013-05-14,Karnataka,Davangere,Cholera,5.57,37.97,51.91,32.0
2013-05-14,Karnataka,Shimoga,Acute Diarrhoeal Disease,7.02,35.41,54.14,32.0
2013-05-14,Maharashtra,Raigad,Malaria,0.55,39.55,46.21,30.0
2013-05-14,West Bengal,Bankura,Acute Diarrhoeal Disease,35.9,34.19,74.96,37.0
2013-05-15,Karnataka,Chamarajanagar,Acute Diarrhoeal Disease,28.99,33.35,72.04,17.0
2013-05-15,West Bengal,Hooghly,Acute Diarrhoeal Disease,5.63,29.93,54.38,39.0
2013-05-15,West Bengal,Malda,Acute Diarrhoeal Disease,19.01,33.28,65.56,24.0
2013-05-16,Assam,Udalguri,Acute Diarrhoeal Disease,56.73,22.62,83.46,27.0
2013-05-16,Karnataka,Gulbarga,Acute Diarrhoeal Disease,0.05,46.31,43.66,29.0
2013-05-16,Karnataka,Yadgir,Acute Diarrhoeal Disease,0.04,41.71,45.03,18.0
2013-05-16,Madhya Pradesh,Seoni,Acute Diarrhoeal Disease,0.01,48.0,43.11,83.0
2013-05-16,Maharashtra,Jalgaon,Acute Diarrhoeal Disease,0.02,48.0,43.12,32.0
2013-05-17,Andhra Pradesh,Prakasam,Acute Diarrhoeal Disease,4.07,43.94,48.57,22.0
2013-05-17,Chhattisgarh,Korba,Malaria,0.51,40.93,45.76,79.0
2013-05-18,Uttar Pradesh,Azamgarh,Acute Diarrhoeal Disease,2.2,38.81,48.16,33.0
2013-05-19,Goa,North Goa,Acute Diarrhoeal Disease,3.0,36.33,49.74,74.0
2013-05-19,Maharashtra,Kolhapur,Dengue,1.05,39.11,46.87,11.0
2013-05-20,Karnataka,Kolar,Dengue,18.39,40.91,62.79,14.0
2013-05-20,Odisha,Koraput,Acute Diarrhoeal Disease,2.5,35.41,49.5,23.0
2013-05-21,Karnataka,Bangalore Urban,Acute Diarrhoeal Disease,71.38,34.72,81.13,25.0
2013-05-21,Karnataka,Shimoga,Chikungunya,13.44,33.55,60.83,22.0
2013-05-21,Maharashtra,Sindhudurg,Cholera,1.98,35.25,49.0,74.0
2013-05-21,Rajasthan,Bhilwara,Acute Diarrhoeal Disease,0.0,48.0,43.1,70.0
2013-05-22,Karnataka,Shimoga,Dengue,14.5,32.41,62.11,22.0
2013-05-22,Maharashtra,Jalgaon,Acute Diarrhoeal Disease,0.1,48.0,43.21,23.0
2013-05-23,Karnataka,Kolar,Acute Diarrhoeal Disease,55.24,36.26,79.17,14.0
2013-05-23,Telangana,Nizamabad,Acute Diarrhoeal Disease,0.26,43.19,44.82,97.0
2013-05-24,Assam,Darrang,Acute Diarrhoeal Disease,82.64,29.25,83.24,46.0
2013-05-24,Assam,Udalguri,Acute Diarrhoeal Disease,72.65,25.25,84.04,13.0
2013-05-24,Bihar,Madhubani,Acute Diarrhoeal Disease,25.86,29.63,71.37,17.0
2013-05-25,Rajasthan,Rajsamand,Acute Diarrhoeal Disease,0.0,48.0,43.1,76.0
2013-05-25,West Bengal,North 24 Parganas,Cholera,92.77,23.21,85.27,144.0
2013-05-27,Karnataka,Mysore,Dengue,11.84,32.4,59.71,36.0
2013-05-27,Karnataka,Mysore,Dengue,11.84,32.4,59.71,11.0
2013-05-28,Assam,Goalpara,Acute Diarrhoeal Disease,40.11,27.47,78.47,44.0
2013-05-28,Goa,North Goa,Cholera,34.75,32.99,74.87,97.0
2013-05-28,Gujarat,Banaskantha,Acute Diarrhoeal Disease,0.83,39.43,46.54,141.0
2013-05-28,Gujarat,Tapi,Acute Diarrhoeal Disease,1.39,35.05,48.44,32.0
2013-05-28,Jammu and Kashmir,Kulgam,Acute Diarrhoeal Disease,90.5,20.16,86.15,103.0
2013-05-28,Jammu and Kashmir,Shopian,Acute Diarrhoeal Disease,95.61,21.98,85.68,194.0
2013-05-28,Karnataka,Belgaum,Chikungunya,26.91,38.31,69.39,70.0
2013-05-28,Karnataka,Hassan,Acute Diarrhoeal Disease,54.41,32.1,80.3,126.0
2013-05-28,Karnataka,Mysore,Dengue,41.32,32.8,77.25,21.0
2013-05-28,Madhya Pradesh,Tikamgarh,Acute Diarrhoeal Disease,0.01,44.97,44.01,29.0
2013-05-28,Odisha,Kendrapara,Acute Diarrhoeal Disease,61.37,34.44,80.45,15.0
2013-05-28,Uttarakhand,Nainital,Acute Diarrhoeal Disease,0.52,31.98,48.46,11.0
2013-05-28,West Bengal,Hooghly,Acute Diarrhoeal Disease,39.58,37.14,75.4,28.0
2013-05-28,West Bengal,Malda,Acute Diarrhoeal Disease,63.85,35.58,80.34,31.0
2013-05-28,West Bengal,Purulia,Acute Diarrhoeal Disease,8.22,34.54,55.6,22.0
2013-06-01,Gujarat,Mehsana,Acute Diarrhoeal Disease,0.51,42.47,45.29,27.0
2013-06-01,Karnataka,Chitradurga,Cholera,26.56,38.37,69.17,33.0
2013-06-01,Karnataka,Mysore,Dengue,77.61,33.33,81.84,23.0
2013-06-02,West Bengal,Darjeeling,Acute Diarrhoeal Disease,287.61,29.47,83.66,179.0
2013-06-03,Bihar,Banka,Acute Diarrhoeal Disease,137.94,35.04,81.97,37.0
2013-06-03,Gujarat,Ahmedabad,Cholera,0.52,42.72,45.23,51.0
2013-06-03,Karnataka,Ballari,Acute Diarrhoeal Disease,24.19,33.55,69.15,33.0
2013-06-03,Rajasthan,Bundi,Acute Diarrhoeal Disease,0.1,46.55,43.64,80.0
2013-06-04,Andhra Pradesh,Anantapur,Acute Diarrhoeal Disease,19.61,35.04,65.49,59.0
2013-06-04,Andhra Pradesh,Visakhapatnam,Acute Diarrhoeal Disease,3.34,36.26,50.12,15.0
2013-06-04,Karnataka,Mysore,Dengue,164.08,35.04,81.99,10.0
2013-06-04,West Bengal,Hooghly,Acute Diarrhoeal Disease,57.03,28.02,81.88,35.0
2013-06-04,West Bengal,Paschim Medinipur,Acute Diarrhoeal Disease,65.05,29.79,82.18,296.0
2013-06-04,West Bengal,Paschim Medinipur,Acute Diarrhoeal Disease,65.05,29.79,82.18,350.0
2013-06-05,Bihar,Gaya,Acute Diarrhoeal Disease,114.73,35.15,81.88,72.0
2013-06-05,Gujarat,Jamnagar,Dengue,12.57,42.82,57.26,10.0
2013-06-05,Karnataka,Chitradurga,Cholera,44.46,35.04,77.44,17.0
2013-06-05,West Bengal,South 24 Parganas,Acute Diarrhoeal Disease,33.53,27.77,75.91,23.0
2013-06-06,Bihar,Rohtas,Acute Diarrhoeal Disease,6.59,42.46,51.59,35.0
2013-06-06,Karnataka,Gulbarga,Acute Diarrhoeal Disease,33.36,39.8,72.23,15.0
2013-06-06,Karnataka,Gulbarga,Acute Diarrhoeal Disease,33.36,39.8,72.23,25.0
2013-06-06,Karnataka,Tumkur,Acute Diarrhoeal Disease,44.89,35.04,77.55,25.0
2013-06-06,Telangana,Nizamabad,Acute Diarrhoeal Disease,22.21,38.51,66.34,85.0
2013-06-08,Maharashtra,Sangli,Dengue,96.95,37.28,81.11,38.0
2013-06-08,Telangana,Nizamabad,Acute Diarrhoeal Disease,49.24,38.51,77.48,17.0
2013-06-10,Karnataka,Gadag,Acute Diarrhoeal Disease,67.61,37.99,79.91,27.0
2013-06-10,Karnataka,Tumkur,Chikungunya,40.24,35.04,76.24,31.0
2013-06-10,Tamil Nadu,Theni,Dengue,11.66,45.16,55.72,63.0
2013-06-10,Uttar Pradesh,Firozabad,Acute Diarrhoeal Disease,0.87,40.85,46.16,20.0
2013-06-10,West Bengal,Hooghly,Acute Diarrhoeal Disease,36.44,29.23,76.66,56.0
2013-06-11,Kerala,Kollam,Dengue,147.37,35.04,81.98,15.0
2013-06-11,Madhya Pradesh,Mandla,Dengue,70.04,40.86,79.21,195.0
2013-06-12,Madhya Pradesh,Sehore,Acute Diarrhoeal Disease,53.27,39.3,77.96,19.0
2013-06-12,Uttarakhand,Dehradun,Acute Diarrhoeal Disease,62.32,26.81,82.83,15.0
2013-06-13,Maharashtra,Dhule,Dengue,52.64,36.08,78.82,35.0
2013-06-14,Assam,Baksa,Malaria,28.58,27.71,73.51,81.0
2013-06-14,Madhya Pradesh,Bhind,Acute Diarrhoeal Disease,14.54,38.99,60.17,10.0
2013-06-14,Maharashtra,Nashik,Malaria,62.87,35.94,80.14,25.0
2013-06-14,West Bengal,Purba Medinipur,Acute Diarrhoeal Disease,101.37,30.82,83.1,28.0
2013-06-15,Maharashtra,Yavatmal,Acute Diarrhoeal Disease,234.9,40.07,80.48,13.0
2013-06-16,Assam,Dibrugarh,Acute Encephalitis Syndrome,2.57,30.62,51.01,183.0
2013-06-16,Karnataka,Ballari,Chikungunya,25.51,35.04,69.53,36.0
2013-06-16,West Bengal,Burdwan,Acute Diarrhoeal Disease,76.08,32.91,81.91,57.0
2013-06-16,West Bengal,Hooghly,Acute Diarrhoeal Disease,80.07,27.52,83.67,18.0
2013-06-17,Assam,Tinsukia,Acute Encephalitis Syndrome,15.51,33.31,62.71,41.0
2013-06-17,Bihar,Madhubani,Acute Diarrhoeal Disease,34.94,32.89,74.97,16.0
2013-06-17,Karnataka,Mysore,Dengue,44.35,35.04,77.42,11.0
2013-06-17,Karnataka,Shimoga,Cholera,48.6,35.04,78.39,42.0
2013-06-17,Tamil Nadu,Cuddalore,Acute Diarrhoeal Disease,4.16,12.33,58.14,33.0
2013-06-18,Karnataka,Ballari,Acute Diarrhoeal Disease,15.98,36.21,62.24,55.0
2013-06-18,Karnataka,Gulbarga,Acute Diarrhoeal Disease,59.31,35.04,80.05,15.0
2013-06-18,West Bengal,Hooghly,Acute Diarrhoeal Disease,52.31,28.34,81.09,29.0
2013-06-19,Odisha,Balangir,Acute Diarrhoeal Disease,41.92,34.95,76.78,20.0
2013-06-19,Tamil Nadu,Vellore,Cholera,3.73,34.35,51.1,27.0
2013-06-20,Gujarat,Gandhinagar,Cholera,64.26,30.33,81.95,17.0
2013-06-20,Gujarat,Gandhinagar,Cholera,64.26,30.33,81.95,7.0
2013-06-20,Tamil Nadu,Vellore,Chikungunya,4.33,34.57,51.65,82.0
2013-06-20,Uttarakhand,Haridwar,Acute Diarrhoeal Disease,250.11,27.13,84.36,51.0
2013-06-20,West Bengal,South 24 Parganas,Acute Diarrhoeal Disease,41.24,28.75,78.44,36.0
2013-06-22,Jharkhand,Dhanbad,Acute Diarrhoeal Disease,52.43,32.53,79.85,13.0
2013-06-22,Karnataka,Bijapur,Acute Diarrhoeal Disease,43.76,37.17,76.62,13.0
2013-06-22,Karnataka,Udupi,Malaria,300.0,35.04,81.99,11.0
2013-06-22,Rajasthan,Chittorgarh,Acute Diarrhoeal Disease,127.81,34.88,82.0,17.0
2013-06-22,West Bengal,Hooghly,Acute Diarrhoeal Disease,97.64,28.98,83.61,30.0
2013-06-22,West Bengal,Medinipur West,Acute Diarrhoeal Disease,54.79,31.58,80.51,87.0
2013-06-22,West Bengal,Paschim Medinipur,Acute Diarrhoeal Disease,71.43,30.62,82.36,83.0
2013-06-23,Delhi,South District,Acute Diarrhoeal Disease,3.17,34.13,50.58,190.0
2013-06-23,Karnataka,Koppal,Acute Diarrhoeal Disease,13.84,32.74,61.43,32.0
2013-06-23,Karnataka,Tumkur,Acute Diarrhoeal Disease,60.61,32.6,80.92,45.0
2013-06-24,Chhattisgarh,Balod,Acute Diarrhoeal Disease,157.24,33.79,82.36,29.0
2013-06-24,Chhattisgarh,Rajnandgaon,Acute Diarrhoeal Disease,131.93,28.66,83.88,49.0
2013-06-24,Kerala,Palakkad,Dengue,250.09,35.04,81.99,16.0
2013-06-24,Maharashtra,Jalna,Acute Diarrhoeal Disease,29.64,35.56,71.72,39.0
2013-06-24,Uttar Pradesh,Firozabad,Acute Diarrhoeal Disease,3.07,33.78,50.58,15.0
2013-06-24,West Bengal,Burdwan,Acute Diarrhoeal Disease,85.02,33.48,82.03,37.0
2013-06-25,Uttarakhand,Uttarkashi,Acute Diarrhoeal Disease,37.19,25.61,78.03,17.0
2013-06-25,West Bengal,Birbhum,Cholera,78.94,32.06,82.27,126.0
2013-06-25,West Bengal,Hooghly,Acute Diarrhoeal Disease,114.37,29.6,83.55,13.0
2013-06-26,Arunachal Pradesh,East Kameng,Malaria,272.07,17.76,87.17,52.0
2013-06-26,Bihar,Saharsa,Acute Diarrhoeal Disease,60.91,29.42,81.91,28.0
2013-06-26,Karnataka,Bidar,Acute Diarrhoeal Disease,61.74,35.04,80.31,17.0
2013-06-26,Karnataka,Mandya,Acute Diarrhoeal Disease,46.09,32.35,78.65,80.0
2013-06-26,Maharashtra,Sangli,Cholera,32.42,31.87,74.18,9.0
2013-06-26,Maharashtra,Thane,Malaria,81.31,35.04,81.46,11.0
2013-06-27,Arunachal Pradesh,West Siang,Acute Diarrhoeal Disease,254.42,17.53,87.24,200.0
2013-06-27,Gujarat,Rajkot,Acute Diarrhoeal Disease,10.16,36.89,56.79,21.0
2013-06-27,Kerala,Wayanad,Acute Diarrhoeal Disease,135.39,24.55,85.11,118.0
2013-06-27,Tamil Nadu,Kancheepuram,Acute Diarrhoeal Disease,5.04,38.97,51.06,11.0
2013-06-27,West Bengal,Burdwan,Dengue,55.61,36.77,79.07,173.0
2013-06-27,West Bengal,Burdwan,Dengue,55.61,36.77,79.07,305.0
2013-06-27,West Bengal,Burdwan,Dengue,55.61,36.77,79.07,372.0
2013-06-28,Andhra Pradesh,Kadapa,Acute Diarrhoeal Disease,8.26,36.45,55.06,48.0
2013-06-28,Gujarat,Navsari,Cholera,55.45,28.49,81.53,32.0
2013-06-28,Haryana,Gurgaon,Acute Diarrhoeal Disease,11.94,38.02,58.12,20.0
2013-06-28,Jharkhand,West Singhbhum,Acute Diarrhoeal Disease,32.09,35.04,73.08,18.0
2013-06-28,Karnataka,Davanagere,Acute Diarrhoeal Disease,31.18,24.61,75.78,13.0
2013-06-28,Karnataka,Kolar,Dengue,10.06,33.01,57.85,42.0
2013-06-28,Karnataka,Mandya,Acute Diarrhoeal Disease,60.56,27.73,82.38,38.0
2013-06-28,Kerala,Palakkad,Dengue,162.96,35.04,81.99,18.0
2013-06-28,Maharashtra,Aurangabad,Dengue,83.37,35.04,81.52,21.0
2013-06-28,Maharashtra,Solapur,Acute Diarrhoeal Disease,31.97,34.51,73.18,180.0
2013-06-28,Odisha,Dhenkanal,Acute Diarrhoeal Disease,106.79,23.26,85.41,13.0
2013-06-28,Odisha,Dhenkanal,Acute Diarrhoeal Disease,106.79,23.26,85.41,15.0
2013-06-28,Telangana,Nizamabad,Chikungunya,102.66,35.04,81.84,45.0
2013-06-28,Uttar Pradesh,Auraiya,Acute Diarrhoeal Disease,142.11,35.04,81.98,16.0
2013-06-28,Uttar Pradesh,Hardoi,Acute Diarrhoeal Disease,67.28,35.04,80.78,12.0
2013-07-01,Bihar,Lakhisarai,Acute Diarrhoeal Disease,58.14,24.31,83.13,16.0
2013-07-01,Bihar,Madhubani,Acute Diarrhoeal Disease,213.36,30.03,83.49,15.0
2013-07-01,Madhya Pradesh,Ujjain,Acute Diarrhoeal Disease,80.65,29.29,83.16,22.0
2013-07-01,Maharashtra,Yavatmal,Acute Diarrhoeal Disease,207.42,30.03,83.49,26.0
2013-07-01,Rajasthan,Udaipur,Malaria,8.77,33.99,56.3,40.0
2013-07-02,Karnataka,Belgaum,Acute Diarrhoeal Disease,61.69,28.78,82.18,13.0
2013-07-02,Rajasthan,Bhilwara,Acute Diarrhoeal Disease,2.73,37.76,49.03,36.0
2013-07-02,West Bengal,North 24 Parganas,Acute Diarrhoeal Disease,87.0,30.03,83.11,42.0
2013-07-02,West Bengal,Purulia,Acute Diarrhoeal Disease,49.15,27.07,80.89,15.0
2013-07-03,Gujarat,Gandhi Nagar,Acute Diarrhoeal Disease,9.55,37.05,56.14,6.0
2013-07-03,Gujarat,Sabarkantha,Acute Diarrhoeal Disease,17.12,33.8,63.91,7.0
2013-07-03,Karnataka,Yadgiri,Acute Diarrhoeal Disease,13.37,33.95,60.65,15.0
2013-07-03,Madhya Pradesh,Datia,Acute Diarrhoeal Disease,94.16,28.45,83.72,15.0
2013-07-03,West Bengal,Purba Medinipur,Acute Diarrhoeal Disease,83.92,30.03,83.04,133.0
2013-07-04,Madhya Pradesh,Morena,Acute Diarrhoeal Disease,33.63,29.42,75.46,35.0
2013-07-04,Maharashtra,Wardha,Malaria,90.51,30.03,83.19,70.0
2013-07-05,Bihar,Sheikhpura,Acute Diarrhoeal Disease,79.79,30.03,82.91,12.0
2013-07-05,Jharkhand,West Singhbhum,Malaria,84.26,25.16,84.51,36.0
2013-07-05,Madhya Pradesh,Shahdol,Acute Diarrhoeal Disease,158.66,29.45,83.66,8.0
2013-07-05,West Bengal,Birbhum,Acute Diarrhoeal Disease,68.56,30.57,82.2,37.0
2013-07-05,West Bengal,North 24 Parganas,Dengue,95.95,27.17,84.13,42.0
2013-07-06,Karnataka,Uttara Kannada,Acute Diarrhoeal Disease,179.65,30.03,83.49,14.0
2013-07-06,West Bengal,Burdwan,Acute Diarrhoeal Disease,49.21,30.03,80.02,140.0
2013-07-07,Gujarat,Anand,Acute Diarrhoeal Disease,229.39,30.03,83.49,20.0
2013-07-07,Punjab,Patiala,Acute Diarrhoeal Disease,28.96,32.45,72.29,12.0
2013-07-07,Telangana,Nizamabad,Acute Diarrhoeal Disease,47.36,30.45,79.51,12.0
2013-07-07,Uttarakhand,Dehradun,Acute Diarrhoeal Disease,97.72,22.84,85.45,45.0
2013-07-07,Uttarakhand,Uttarkashi,Acute Diarrhoeal Disease,97.72,22.84,85.45,11.0
2013-07-08,Maharashtra,Parbhani,Acute Diarrhoeal Disease,21.34,30.03,68.27,59.0
2013-07-08,Maharashtra,Raigad,Malaria,119.63,30.03,83.44,34.0
2013-07-08,Uttarakhand,Rudraprayag,Acute Diarrhoeal Disease,149.21,10.0,89.49,41.0
2013-07-09,Maharashtra,Beed,Dengue,23.97,17.73,73.75,24.0
2013-07-09,Maharashtra,Jalna,Acute Diarrhoeal Disease,41.27,26.95,78.99,59.0
2013-07-09,Rajasthan,Udaipur,Acute Diarrhoeal Disease,40.32,30.03,77.77,27.0
2013-07-09,Tamil Nadu,Vellore,Acute Diarrhoeal Disease,13.57,30.03,62.0,15.0
2013-07-09,West Bengal,Birbhum,Acute Diarrhoeal Disease,21.46,30.57,68.19,280.0
2013-07-09,West Bengal,Burdwan,Acute Diarrhoeal Disease,17.84,30.03,65.62,64.0
2013-07-09,West Bengal,Howrah,Acute Diarrhoeal Disease,32.36,29.36,74.91,32.0
2013-07-10,Bihar,Rohtas,Acute Diarrhoeal Disease,59.18,38.11,79.11,37.0
2013-07-10,Delhi,South west District,Cholera,51.98,39.12,77.8,50.0
2013-07-10,Karnataka,Yadgir,Acute Diarrhoeal Disease,38.53,34.25,75.91,16.0
2013-07-10,Madhya Pradesh,Rajgarh,Acute Diarrhoeal Disease,75.78,34.59,81.39,69.0
2013-07-10,Maharashtra,Jalgaon,Cholera,49.67,30.03,80.11,67.0
2013-07-10,West Bengal,Birbhum,Acute Diarrhoeal Disease,14.8,30.03,63.09,34.0
2013-07-11,Chhattisgarh,Bastar,Acute Diarrhoeal Disease,117.56,32.23,82.77,46.0
2013-07-11,Delhi,New Delhi,Dengue,51.65,35.66,78.78,1345.0
2013-07-11,Delhi,New Delhi,Dengue,51.65,35.66,78.78,2115.0
2013-07-11,Delhi,New Delhi,Dengue,51.65,35.66,78.78,3519.0
2013-07-11,Madhya Pradesh,Bhopal,Acute Diarrhoeal Disease,79.36,30.03,82.9,15.0
2013-07-11,West Bengal,Bankura,Acute Diarrhoeal Disease,17.53,28.54,65.82,23.0
2013-07-11,West Bengal,Bankura,Acute Diarrhoeal Disease,17.53,28.54,65.82,82.0
2013-07-11,West Bengal,Birbhum,Acute Diarrhoeal Disease,12.16,30.03,60.72,34.0
2013-07-12,Karnataka,Chamarajanagar,Dengue,74.09,25.87,83.93,30.0
2013-07-12,Madhya Pradesh,Shahdol,Malaria,57.49,30.03,81.34,34.0
2013-07-12,West Bengal,North 24 Parganas,Acute Diarrhoeal Disease,21.23,27.57,68.93,39.0
2013-07-13,Chhattisgarh,Korba,Malaria,96.85,26.74,84.27,49.0
2013-07-13,Rajasthan,Jhunjhunu,Acute Diarrhoeal Disease,39.15,37.48,75.16,25.0
2013-07-13,Tamil Nadu,Thanjavur,Acute Diarrhoeal Disease,8.41,30.03,57.14,45.0
2013-07-13,Uttarakhand,Chamoli,Acute Diarrhoeal Disease,95.32,10.0,89.27,58.0
2013-07-14,Chhattisgarh,Balod,Acute Diarrhoeal Disease,90.63,30.03,83.19,99.0
2013-07-14,Dadra and Nagar Haveli,Dadra and Nagar Haveli,Cholera,204.45,30.03,83.49,12.0
2013-07-14,Maharashtra,Raigad,Dengue And Chikungunya,296.64,26.85,84.44,20.0
2013-07-15,Chhattisgarh,Dhamtari,Acute Diarrhoeal Disease,124.28,30.03,83.45,48.0
2013-07-15,Gujarat,Ahmedabad,Acute Diarrhoeal Disease,152.53,30.03,83.48,25.0
2013-07-15,Karnataka,Tumkur,Chikungunya,49.11,32.01,79.4,15.0
2013-07-15,Maharashtra,Dhule,Cholera,76.67,30.97,82.51,38.0
2013-07-15,Maharashtra,Osmanabad,Chikungunya,104.73,29.39,83.55,30.0
2013-07-15,West Bengal,Birbhum,Acute Diarrhoeal Disease,23.98,30.29,69.99,51.0
2013-07-15,West Bengal,Paschim Medinipur,Acute Diarrhoeal Disease,47.95,30.63,79.58,92.0
2013-07-16,Chhattisgarh,Mahasamund,Acute Diarrhoeal Disease,66.09,28.91,82.52,16.0
2013-07-16,Karnataka,Bangalore Urban,Acute Diarrhoeal Disease,33.47,30.03,75.21,56.0
2013-07-16,Madhya Pradesh,Shivpuri,Acute Diarrhoeal Disease,83.15,26.4,84.11,12.0
2013-07-16,Meghalaya,Ri Bhoi,Malaria,126.81,23.7,85.36,16.0
2013-07-17,Gujarat,Anand,Cholera,108.2,30.03,83.39,23.0
2013-07-17,Gujarat,Kheda,Acute Diarrhoeal Disease,154.02,30.03,83.48,14.0
2013-07-17,Maharashtra,Nagpur,Dengue,185.39,30.03,83.49,12.0
2013-07-17,Maharashtra,Thane,Malaria,216.9,30.03,83.49,37.0
2013-07-17,Tamil Nadu,Tiruchirappalli,Cholera,3.54,42.87,48.34,13.0
2013-07-18,Karnataka,Bijapur,Acute Diarrhoeal Disease,53.87,18.72,84.23,10.0
2013-07-18,Madhya Pradesh,Mandsaur,Malaria,71.8,29.19,82.81,20.0
2013-07-18,Madhya Pradesh,Seoni,Acute Diarrhoeal Disease,138.73,30.03,83.47,53.0
2013-07-19,Andhra Pradesh,Kurnool,Acute Diarrhoeal Disease,51.53,30.03,80.45,50.0
2013-07-19,Karnataka,Bidar,Acute Diarrhoeal Disease,93.77,31.17,82.9,18.0
2013-07-19,Karnataka,Davangere,Cholera,42.12,26.97,79.23,36.0
2013-07-19,Karnataka,Yadgir,Acute Diarrhoeal Disease,72.43,30.79,82.37,30.0
2013-07-19,Maharashtra,Raigad,Dengue,250.6,28.61,83.92,50.0
2013-07-20,Maharashtra,Nashik,Acute Diarrhoeal Disease,140.21,30.03,83.48,62.0
2013-07-20,Uttar Pradesh,Auraiya,Acute Diarrhoeal Disease,68.96,29.29,82.61,20.0
2013-07-20,West Bengal,Hooghly,Acute Diarrhoeal Disease,19.43,27.35,67.66,24.0
2013-07-21,Karnataka,Bidar,Acute Diarrhoeal Disease,127.46,31.17,83.12,18.0
2013-07-21,Madhya Pradesh,Gwalior,Acute Diarrhoeal Disease,93.43,33.51,82.19,49.0
2013-07-21,Madhya Pradesh,Jabalpur,Acute Diarrhoeal Disease,108.67,29.99,83.4,23.0
2013-07-22,Andhra Pradesh,Kurnool,Acute Diarrhoeal Disease,75.01,30.03,82.72,99.0
2013-07-22,Jammu and Kashmir,Shopian,Acute Diarrhoeal Disease,125.84,21.78,85.93,128.0
2013-07-22,Jharkhand,Lohardaga,Acute Diarrhoeal Disease,38.26,29.51,77.24,51.0
2013-07-22,Karnataka,Gulbarga,Acute Diarrhoeal Disease,138.77,30.03,83.47,10.0
2013-07-22,Maharashtra,Dhule,Acute Diarrhoeal Disease,81.9,30.03,82.98,18.0
2013-07-23,Bihar,Munger,Acute Diarrhoeal Disease,32.01,26.99,75.46,19.0
2013-07-23,Karnataka,Yadgir,Acute Diarrhoeal Disease,140.02,30.03,83.48,19.0
2013-07-23,Madhya Pradesh,Sidhi,Malaria,70.38,32.09,81.86,627.0
2013-07-23,Tamil Nadu,Tiruvarur,Chikungunya,9.66,24.69,59.96,53.0
2013-07-23,Uttar Pradesh,Auraiya,Acute Diarrhoeal Disease,100.81,29.29,83.55,47.0
2013-07-24,Karnataka,Shimoga,Acute Diarrhoeal Disease,121.84,30.03,83.44,16.0
2013-07-24,Karnataka,Yadgir,Acute Diarrhoeal Disease,144.43,30.03,83.48,20.0
2013-07-24,Madhya Pradesh,Narsinghpur,Acute Diarrhoeal Disease,156.17,30.03,83.49,92.0
2013-07-24,Uttarakhand,Tehri,Acute Diarrhoeal Disease,111.93,21.6,85.94,12.0
2013-07-25,Gujarat,Narmada,Acute Diarrhoeal Disease,68.17,30.03,82.34,20.0
2013-07-25,Jammu and Kashmir,Bandipora,Acute Diarrhoeal Disease,56.72,22.58,83.47,62.0
2013-07-25,Madhya Pradesh,Raisen,Acute Diarrhoeal Disease,239.08,26.25,84.62,12.0
2013-07-25,Tamil Nadu,Vellore,Chikungunya,20.1,35.39,65.76,45.0
2013-07-26,Assam,Kamrup,Dengue,179.97,28.01,84.1,130.0
2013-07-26,Karnataka,Ballari,Acute Diarrhoeal Disease,88.08,30.03,83.14,16.0
2013-07-26,Madhya Pradesh,Khandwa,Dengue,122.69,30.03,83.45,24.0
2013-07-26,West Bengal,Purulia,Cholera,56.97,27.78,81.95,21.0
2013-07-26,West Bengal,Purulia,Acute Diarrhoeal Disease,56.97,27.78,81.95,22.0
2013-07-27,Chhattisgarh,Janjgir,Malaria,123.39,28.47,83.92,97.0
2013-07-27,Karnataka,Davangere,Cholera,105.54,30.03,83.37,21.0
2013-07-27,Madhya Pradesh,Shahdol,Acute Diarrhoeal Disease,92.78,27.75,83.91,25.0
2013-07-27,Odisha,Rayagada,Cholera,269.93,30.03,83.49,22.0
2013-07-27,Tamil Nadu,Sivaganga,Acute Diarrhoeal Disease,15.9,40.77,60.8,17.0
2013-07-27,Uttar Pradesh,Jalaun,Acute Diarrhoeal Disease,90.82,30.24,83.13,30.0
2013-07-28,Bihar,Bhabua,Dengue,48.14,10.0,85.81,346.0
2013-07-28,Bihar,Bhabua,Dengue,48.14,10.0,85.81,971.0
2013-07-28,Chhattisgarh,Janjgir,Acute Diarrhoeal Disease,164.46,26.91,84.42,18.0
2013-07-28,Chhattisgarh,Raigarh,Acute Diarrhoeal Disease,101.83,30.03,83.34,25.0
2013-07-28,Karnataka,Bidar,Cholera,79.1,30.03,82.89,17.0
2013-07-28,Karnataka,Gulbarga,Acute Diarrhoeal Disease,23.26,30.03,69.59,22.0
2013-07-28,Karnataka,Gulbarga,Acute Diarrhoeal Disease,86.94,30.03,83.11,39.0
2013-07-28,Karnataka,Haveri,Acute Diarrhoeal Disease,181.85,30.03,83.49,15.0
2013-07-28,Karnataka,Mandya,Acute Diarrhoeal Disease,26.19,24.71,73.05,15.0
2013-07-28,Karnataka,Tumkur,Cholera,24.92,30.03,70.67,34.0
2013-07-28,Madhya Pradesh,Jhabua,Acute Diarrhoeal Disease,101.65,30.03,83.33,76.0
2013-07-28,Maharashtra,Jalgaon,Cholera,157.55,30.03,83.49,40.0
2013-07-28,Maharashtra,Jalgaon,Dengue,105.04,30.03,83.36,31.0
2013-07-28,Maharashtra,Thane,Acute Diarrhoeal Disease,274.61,30.03,83.49,20.0
2013-07-28,West Bengal,Burdwan,Acute Diarrhoeal Disease,93.68,30.03,83.24,65.0
2013-07-28,West Bengal,Hooghly,Acute Diarrhoeal Disease,123.11,27.99,84.06,34.0
2013-07-28,West Bengal,Purulia,Acute Diarrhoeal Disease,129.65,27.66,84.17,34.0
2013-07-28,West Bengal,Purulia,Cholera,128.82,27.24,84.3,13.0
2013-07-28,West Bengal,Purulia,Cholera,129.65,27.66,84.17,67.0
2013-07-28,West Bengal,West Medinipur,Acute Diarrhoeal Disease,250.31,30.03,83.49,59.0
2013-08-01,Andhra Pradesh,Nellore,Acute Diarrhoeal Disease,10.91,33.53,58.51,27.0
2013-08-01,Assam,Kamrup,Cholera,247.02,26.39,84.58,14.0
2013-08-01,West Bengal,Bankura,Acute Diarrhoeal Disease,142.82,26.93,84.41,57.0
2013-08-01,West Bengal,Jalpaiguri,Dengue,119.12,23.89,85.28,189.0
2013-08-02,Chhattisgarh,Bastar,Acute Diarrhoeal Disease,172.9,28.11,84.06,12.0
2013-08-02,Chhattisgarh,Raigarh,Acute Diarrhoeal Disease,91.69,28.11,83.78,80.0
2013-08-02,Jammu and Kashmir,Reasi,Acute Diarrhoeal Disease,112.29,24.8,84.98,201.0
2013-08-02,Karnataka,Davangere,Acute Diarrhoeal Disease,34.66,28.11,76.29,22.0
2013-08-02,Tamil Nadu,Dindigul,Dengue,5.48,38.73,51.58,28.0
2013-08-02,Telangana,RangaReddy,Acute Diarrhoeal Disease,110.4,28.11,83.97,91.0
2013-08-02,Telangana,RangaReddy,Acute Diarrhoeal Disease,110.4,28.11,83.97,56.0
2013-08-02,West Bengal,North 24 Parganas,Acute Diarrhoeal Disease,121.41,28.29,83.97,131.0
2013-08-03,Chhattisgarh,Balod,Acute Diarrhoeal Disease,167.81,28.11,84.06,34.0
2013-08-03,Jammu and Kashmir,Kulgam,Acute Diarrhoeal Disease,208.99,26.58,84.53,81.0
2013-08-03,Karnataka,Chitradurga,Dengue,17.78,28.95,65.89,14.0
2013-08-03,Madhya Pradesh,Bhopal,Acute Diarrhoeal Disease,184.48,29.01,83.8,70.0
2013-08-03,Maharashtra,Osmanabad,Acute Diarrhoeal Disease,110.26,28.11,83.97,16.0
2013-08-03,Punjab,Amritsar,Acute Diarrhoeal Disease,82.44,28.84,83.35,15.0
2013-08-05,Andhra Pradesh,Anantapur,Acute Diarrhoeal Disease,3.42,35.47,50.44,34.0
2013-08-05,Karnataka,Gulbarga,Acute Diarrhoeal Disease,106.18,36.29,81.49,21.0
2013-08-05,Karnataka,Koppal,Acute Diarrhoeal Disease,15.64,32.41,63.09,27.0
2013-08-05,Maharashtra,Dhule,Cholera,180.91,25.17,84.95,69.0
2013-08-05,Tamil Nadu,Tiruvannamalai,Chikungunya,6.11,37.93,52.46,13.0
2013-08-06,Chhattisgarh,Dhamtari,Acute Diarrhoeal Disease,133.72,26.97,84.39,21.0
2013-08-06,Karnataka,Chikkaballapur,Cholera,16.36,30.66,64.22,24.0
2013-08-06,Karnataka,Kolar,Dengue,10.6,33.86,58.11,44.0
2013-08-06,Karnataka,Koppal,Acute Diarrhoeal Disease,22.58,32.41,68.42,36.0
2013-08-06,Karnataka,Koppal,Cholera,22.58,32.41,68.42,75.0
2013-08-07,Chhattisgarh,Bilaspur,Acute Diarrhoeal Disease,40.17,28.11,78.3,43.0
2013-08-07,Madhya Pradesh,Panna,Acute Diarrhoeal Disease,33.44,27.38,75.99,37.0
2013-08-08,Jammu and Kashmir,Badgam,Acute Diarrhoeal Disease,92.63,24.65,84.84,137.0
2013-08-08,Uttar Pradesh,Unnao,Acute Diarrhoeal Disease,43.52,32.87,77.85,34.0
2013-08-08,West Bengal,Birbhum,Acute Diarrhoeal Disease,40.98,25.72,79.27,104.0
2013-08-08,West Bengal,Purulia,Acute Diarrhoeal Disease,38.06,28.13,77.59,47.0
2013-08-08,West Bengal,Purulia,Cholera,38.06,28.13,77.59,30.0
2013-08-09,Chhattisgarh,Balod,Acute Diarrhoeal Disease,73.2,26.97,83.55,35.0
2013-08-09,Chhattisgarh,Balod,Acute Diarrhoeal Disease,73.2,26.97,83.55,55.0
2013-08-09,Jammu and Kashmir,Kupwara,Acute Diarrhoeal Disease,47.85,19.37,82.93,54.0
2013-08-09,Karnataka,Bagalkot,Acute Diarrhoeal Disease,25.6,29.7,71.19,19.0
2013-08-09,Mizoram,Lunglei,Acute Diarrhoeal Disease,88.3,24.2,84.89,35.0
2013-08-09,Odisha,Ganjam,Acute Diarrhoeal Disease,5.0,30.75,58.47,67.0
2013-08-09,West Bengal,Purulia,Acute Diarrhoeal Disease,59.24,28.89,81.89,23.0
2013-08-10,Bihar,Madhubani,Acute Diarrhoeal Disease,90.95,13.52,88.15,27.0
2013-08-10,Chhattisgarh,Balod,Acute Diarrhoeal Disease,82.42,26.97,83.91,35.0
2013-08-10,Chhattisgarh,Balod,Acute Diarrhoeal Disease,82.42,26.97,83.91,38.0
2013-08-10,Jammu and Kashmir,Anantnag,Acute Diarrhoeal Disease,122.86,23.01,85.55,35.0
2013-08-10,Jammu and Kashmir,Kulgam,Acute Diarrhoeal Disease,122.86,23.01,85.55,46.0
2013-08-10,Madhya Pradesh,Khargone,Acute Diarrhoeal Disease,77.78,28.11,83.41,35.0
2013-08-11,Karnataka,Koppal,Cholera,20.85,23.83,69.77,31.0
2013-08-11,Karnataka,Raichur,Dengue,13.83,28.11,62.81,40.0
2013-08-11,Maharashtra,Gondia,Acute Diarrhoeal Disease,131.89,28.11,84.04,17.0
2013-08-12,Chhattisgarh,Balod,Acute Diarrhoeal Disease,67.45,28.11,82.86,50.0
2013-08-12,Chhattisgarh,Raigarh,Acute Diarrhoeal Disease,104.74,28.11,83.94,35.0
2013-08-12,Himachal Pradesh,Mandi,Acute Diarrhoeal Disease,240.86,15.35,87.89,89.0
2013-08-12,Madhya Pradesh,Shivpuri,Malaria,120.78,28.11,84.02,100.0
2013-08-13,Chhattisgarh,Balod,Acute Diarrhoeal Disease,85.41,28.11,83.65,36.0
2013-08-13,Chhattisgarh,Jashpur,Acute Diarrhoeal Disease,119.83,28.11,84.01,64.0
2013-08-13,Maharashtra,Kolhapur,Dengue,12.71,29.67,61.34,17.0
2013-08-14,West Bengal,Murshidabad,Acute Diarrhoeal Disease,90.93,27.98,83.81,32.0
2013-08-15,Chhattisgarh,Raigarh,Acute Diarrhoeal Disease,48.38,27.85,80.5,15.0
2013-08-15,Jammu and Kashmir,Pulwama,Acute Diarrhoeal Disease,160.7,15.01,87.99,40.0
2013-08-15,Madhya Pradesh,Rewa,Acute Diarrhoeal Disease,30.06,27.96,74.21,24.0
2013-08-15,Odisha,Subarnapur,Acute Diarrhoeal Disease,70.89,25.63,83.83,19.0
2013-08-15,Telangana,Mahabubnagar,Acute Diarrhoeal Disease,22.47,34.17,67.82,16.0
2013-08-15,West Bengal,Burdwan,Dengue,74.35,28.11,83.27,36.0
2013-08-15,West Bengal,Burdwan,Dengue,74.35,28.11,83.27,86.0
2013-08-15,West Bengal,Nadia,Dengue,76.47,26.34,83.89,26.0
2013-08-16,Andhra Pradesh,Srikakulam,Acute Diarrhoeal Disease,52.41,28.57,81.04,16.0
2013-08-16,Maharashtra,Gadchiroli,Dengue,87.74,28.11,83.71,13.0
2013-08-16,Telangana,Medak,Cholera,30.13,28.11,74.2,93.0
2013-08-16,Telangana,Medak,Cholera,30.13,28.11,74.2,201.0
2013-08-16,West Bengal,Burdwan,Acute Diarrhoeal Disease,62.84,31.41,81.5,38.0
2013-08-17,Karnataka,Chikkaballapur,Dengue,68.5,33.35,81.36,15.0
2013-08-17,Karnataka,Gadag,Acute Diarrhoeal Disease,34.39,34.63,74.22,11.0
2013-08-17,Karnataka,Gadag,Acute Diarrhoeal Disease,34.39,34.63,74.22,18.0
2013-08-17,Uttar Pradesh,Azamgarh,Acute Diarrhoeal Disease,63.35,28.75,82.34,369.0
2013-08-18,Bihar,Jamui,Acute Diarrhoeal Disease,54.54,29.56,81.08,20.0
2013-08-18,Odisha,Keonjhar,Acute Diarrhoeal Disease,61.54,27.59,82.52,18.0
2013-08-18,Odisha,Sambalpur,Acute Diarrhoeal Disease,50.17,27.32,81.02,12.0
2013-08-18,Punjab,Shahid Bhagat Singh Nagar,Acute Diarrhoeal Disease,98.29,26.72,84.29,15.0
2013-08-19,Jharkhand,Lohardaga,Malaria,106.08,27.82,84.03,66.0
2013-08-19,Karnataka,Mysore,Dengue,48.85,28.11,80.52,14.0
2013-08-19,West Bengal,Burdwan,Acute Diarrhoeal Disease,70.35,31.41,82.06,17.0
2013-08-20,Himachal Pradesh,Una,Acute Diarrhoeal Disease,194.38,25.48,84.86,196.0
2013-08-20,Karnataka,Gulbarga,Acute Diarrhoeal Disease,57.07,28.11,81.86,27.0
2013-08-20,Karnataka,Hassan,Acute Diarrhoeal Disease,66.56,28.11,82.8,20.0
2013-08-20,Karnataka,Raichur,Dengue,74.03,28.11,83.25,20.0
2013-08-20,Karnataka,Raichur,Dengue,74.03,28.11,83.25,20.0
2013-08-20,Maharashtra,Jalgaon,Dengue,10.97,26.95,60.54,28.0
2013-08-20,West Bengal,Bankura,Cholera,110.65,30.23,83.34,82.0
2013-08-20,West Bengal,Nadia,Dengue,94.21,28.73,83.64,35.0
2013-08-21,Karnataka,Raichur,Dengue,77.54,26.15,83.99,21.0
2013-08-21,West Bengal,Hooghly,Cholera,136.77,27.22,84.31,12.0
2013-08-21,West Bengal,Paschim Medinipur,Acute Diarrhoeal Disease,100.26,28.11,83.9,71.0
2013-08-22,Jharkhand,Ranchi,Acute Diarrhoeal Disease,122.65,24.85,85.0,15.0
2013-08-22,Sikkim,East Sikkim,Dengue,99.41,11.74,88.8,103.0
2013-08-22,Sikkim,East Sikkim,Dengue,99.41,11.74,88.8,154.0
2013-08-22,West Bengal,Hooghly,Cholera,161.36,27.01,84.39,27.0
2013-08-23,Gujarat,Kheda,Acute Diarrhoeal Disease,10.69,28.45,59.82,13.0
2013-08-23,Karnataka,Mysore,Dengue,29.67,27.03,74.29,16.0
2013-08-23,Tamil Nadu,Thoothukudi,Dengue,5.78,42.1,50.88,12.0
2013-08-23,West Bengal,Birbhum,Acute Diarrhoeal Disease,103.28,28.11,83.92,68.0
2013-08-23,West Bengal,Purulia,Acute Diarrhoeal Disease,73.07,26.59,83.66,19.0
2013-08-24,Chhattisgarh,Jashpur,Acute Diarrhoeal Disease,121.43,28.11,84.02,15.0
2013-08-24,Jammu and Kashmir,Ganderbal,Acute Diarrhoeal Disease,71.45,13.43,87.52,60.0
2013-08-24,Jharkhand,Godda,Acute Diarrhoeal Disease,85.86,26.85,84.04,13.0
2013-08-24,Punjab,Jalandhar,Acute Diarrhoeal Disease,32.62,28.92,75.16,99.0
2013-08-26,Gujarat,Surat,Acute Diarrhoeal Disease,130.71,19.99,86.48,32.0
2013-08-26,Jharkhand,West Singhbhum,Acute Diarrhoeal Disease,58.69,25.83,82.74,16.0
2013-08-26,Tamil Nadu,Villupuram,Acute Diarrhoeal Disease,3.94,33.15,51.67,36.0
2013-08-26,Tamil Nadu,Virudhunagar,Chikungunya,3.25,41.94,48.31,18.0
2013-08-26,West Bengal,Birbhum,Acute Diarrhoeal Disease,81.86,31.47,82.55,42.0
2013-08-26,West Bengal,North 24 Parganas,Acute Diarrhoeal Disease,64.08,28.74,82.41,72.0
2013-08-26,West Bengal,Purulia,Acute Diarrhoeal Disease,45.19,28.78,79.51,20.0
2013-08-27,Madhya Pradesh,Khargone,Acute Diarrhoeal Disease,174.05,28.11,84.06,100.0
2013-08-27,Madhya Pradesh,Morena,Acute Diarrhoeal Disease,82.22,29.98,83.01,11.0
2013-08-27,Maharashtra,Jalgaon,Dengue,169.14,11.71,88.98,104.0
2013-08-27,West Bengal,North 24 Parganas,Acute Diarrhoeal Disease,57.01,28.74,81.66,37.0
2013-08-28,Bihar,Darbhanga,Acute Diarrhoeal Disease,95.08,29.93,83.29,20.0
2013-08-28,Bihar,West Champaran,Acute Diarrhoeal Disease,104.37,25.77,84.64,22.0
2013-08-28,Chhattisgarh,Balod,Acute Diarrhoeal Disease,113.21,28.11,83.99,27.0
2013-08-28,Delhi,New Delhi,Cholera,10.86,30.07,59.5,50.0
2013-08-28,Haryana,Yamuna Nagar,Cholera,16.76,26.8,65.71,133.0
2013-08-28,Madhya Pradesh,Vidisha,Acute Diarrhoeal Disease,117.09,27.53,84.18,18.0
2013-08-28,Punjab,Mohali,Cholera,13.79,27.85,62.85,46.0
2013-08-28,Tamil Nadu,Tiruvarur,Acute Diarrhoeal Disease,5.56,34.02,53.07,19.0
2013-08-28,West Bengal,Bankura,Acute Diarrhoeal Disease,163.92,27.78,84.16,149.0
2013-08-28,West Bengal,Bankura,Acute Diarrhoeal Disease,163.92,27.78,84.16,20.0
2013-08-28,West Bengal,Burdwan,Dengue,134.93,31.27,83.1,17.0
2013-08-28,West Bengal,"Darjeeling, Jalpaiguri",Dengue,178.96,26.94,84.42,530.0
2013-08-28,West Bengal,Hooghly,Acute Diarrhoeal Disease,106.49,27.34,84.18,29.0
2013-08-28,West Bengal,Murshidabad,Acute Diarrhoeal Disease,67.06,26.67,83.27,36.0
2013-08-28,West Bengal,Nadia,Dengue,96.66,28.98,83.59,26.0
2013-08-28,West Bengal,Paschim Medinipur,Acute Diarrhoeal Disease,87.71,30.37,83.03,11.0
2013-09-01,Bihar,Madhubani,Acute Diarrhoeal Disease,133.87,27.21,84.31,22.0
2013-09-01,Karnataka,Haveri,Acute Diarrhoeal Disease,17.98,25.2,67.18,24.0
2013-09-01,Uttarakhand,Uttarkashi,Acute Diarrhoeal Disease,56.05,21.66,83.66,26.0
2013-09-01,West Bengal,Bankura,Acute Diarrhoeal Disease,149.36,28.37,83.98,22.0
2013-09-02,Assam,Nagaon,Acute Diarrhoeal Disease,102.56,28.51,83.8,16.0
2013-09-02,Bihar,Madhubani,Acute Diarrhoeal Disease,119.19,27.21,84.28,43.0
2013-09-02,Madhya Pradesh,Shivpuri,Malaria,73.11,26.79,83.6,178.0
2013-09-02,Maharashtra,Wardha,Dengue,20.41,30.1,67.57,12.0
2013-09-02,West Bengal,Howrah,Cholera,97.59,26.79,84.26,164.0
2013-09-02,West Bengal,Paschim Medinipur,Acute Diarrhoeal Disease,82.94,27.25,83.85,21.0
2013-09-03,Bihar,Araria,Acute Diarrhoeal Disease,103.95,26.77,84.33,19.0
2013-09-03,Karnataka,Kolar,Dengue,48.45,33.46,78.84,22.0
2013-09-03,Madhya Pradesh,Damoh,Malaria,30.3,27.44,74.49,62.0
2013-09-03,West Bengal,Murshidabad,Acute Diarrhoeal Disease,76.56,28.01,83.4,59.0
2013-09-04,Bihar,Purnea,Acute Diarrhoeal Disease,106.3,26.08,84.56,12.0
2013-09-04,Gujarat,Patan,Dengue,4.59,30.48,53.14,49.0
2013-09-04,Madhya Pradesh,Bhopal,Acute Diarrhoeal Disease,8.11,28.09,57.43,12.0
2013-09-04,Maharashtra,Ahmednagar,Dengue,4.02,35.0,51.2,27.0
2013-09-04,Maharashtra,Gondia,Cholera,22.54,28.97,69.42,45.0
2013-09-04,West Bengal,Birbhum,Acute Diarrhoeal Disease,74.54,29.09,82.98,261.0
2013-09-04,West Bengal,North 24 Parganas,Cholera,66.65,26.78,83.21,92.0
2013-09-05,Odisha,Sundargarh,Acute Diarrhoeal Disease,47.33,28.35,80.13,24.0
2013-09-05,Punjab,Ludhiana,Cholera,8.95,27.21,58.51,15.0
2013-09-06,Karnataka,Ballari,Acute Diarrhoeal Disease,31.3,32.29,73.53,12.0
2013-09-06,Odisha,Kendrapara,Acute Diarrhoeal Disease,124.97,29.42,83.63,13.0
2013-09-06,West Bengal,Burdwan,Acute Diarrhoeal Disease,67.57,29.97,82.32,35.0
2013-09-06,West Bengal,Malda,Acute Diarrhoeal Disease,80.16,25.31,84.34,251.0
2013-09-06,West Bengal,Purulia,Cholera,65.26,30.18,82.08,17.0
2013-09-07,Bihar,East Champaran,Acute Diarrhoeal Disease,44.26,24.05,80.69,14.0
2013-09-07,Maharashtra,Gondia,Cholera,8.01,29.6,56.88,10.0
2013-09-08,Chhattisgarh,Bastar,Acute Diarrhoeal Disease,32.77,31.11,74.57,32.0
2013-09-08,Chhattisgarh,Korba,Acute Diarrhoeal Disease,78.83,28.69,83.28,25.0
2013-09-08,Gujarat,Panchmahal,Acute Diarrhoeal Disease,14.04,26.56,63.46,20.0
2013-09-08,Jharkhand,Pakur,Acute Diarrhoeal Disease,57.4,29.24,81.56,21.0
2013-09-08,Madhya Pradesh,Shahdol,Acute Diarrhoeal Disease,12.31,27.54,61.61,19.0
2013-09-08,Madhya Pradesh,Shivpuri,Acute Diarrhoeal Disease,0.46,27.96,49.6,17.0
2013-09-08,Telangana,Medak,Acute Diarrhoeal Disease,5.47,28.69,54.59,40.0
2013-09-09,Assam,Nagaon,Acute Diarrhoeal Disease,78.63,27.45,83.65,39.0
2013-09-09,Bihar,Madhubani,Acute Diarrhoeal Disease,78.71,25.79,84.15,25.0
2013-09-09,Maharashtra,Ahmednagar,Dengue,5.94,35.42,53.04,37.0
2013-09-09,Telangana,Mahabubnagar,Acute Diarrhoeal Disease,22.16,31.62,68.37,40.0
2013-09-09,Uttar Pradesh,Raebareli,Acute Diarrhoeal Disease,2.7,28.6,51.75,39.0
2013-09-09,West Bengal,Birbhum,Acute Diarrhoeal Disease,29.66,28.54,73.83,69.0
2013-09-10,Bihar,Darbhanga,Acute Diarrhoeal Disease,19.34,27.11,67.66,33.0
2013-09-10,Chhattisgarh,Janjgir,Acute Diarrhoeal Disease,43.82,29.47,78.95,13.0
2013-09-10,Chhattisgarh,Narayanpur,Cholera,76.67,28.65,83.21,66.0
2013-09-10,Haryana,Palwal,Malaria,0.24,29.38,48.94,68.0
2013-09-10,West Bengal,North 24 Parganas,Acute Diarrhoeal Disease,35.17,28.89,76.27,40.0
2013-09-11,Andhra Pradesh,Ranga Reddy,Acute Diarrhoeal Disease,67.28,29.05,82.57,13.0
2013-09-11,Andhra Pradesh,Ranga Reddy,Acute Diarrhoeal Disease,67.28,29.05,82.57,51.0
2013-09-11,Andhra Pradesh,Ranga Reddy,Acute Diarrhoeal Disease,67.28,29.05,82.57,16.0
2013-09-11,Madhya Pradesh,Damoh,Acute Diarrhoeal Disease,4.52,29.14,53.47,16.0
2013-09-11,Maharashtra,Jalgaon,Cholera,6.99,31.91,55.16,9.0
2013-09-11,Uttar Pradesh,Shravasti,Acute Diarrhoeal Disease,11.74,27.23,61.17,25.0
2013-09-12,Maharashtra,Raigad,Acute Diarrhoeal Disease,83.4,26.04,84.22,67.0
2013-09-12,Uttarakhand,Haridwar,Dengue,40.38,25.76,79.07,50.0
2013-09-12,West Bengal,Paschim Medinipur,Acute Diarrhoeal Disease,76.12,27.35,83.58,23.0
2013-09-13,Bihar,Munger,Acute Diarrhoeal Disease,10.45,29.35,59.32,38.0
2013-09-13,Bihar,Munger,Acute Diarrhoeal Disease,10.45,29.35,59.32,160.0
2013-09-13,Karnataka,Kolar,Acute Diarrhoeal Disease,91.16,28.35,83.7,14.0
2013-09-13,Odisha,Subarnapur,Acute Diarrhoeal Disease,75.58,28.34,83.26,17.0
2013-09-15,Gujarat,Panchmahal,Acute Diarrhoeal Disease,2.07,31.52,50.21,9.0
2013-09-16,Karnataka,Koppal,Cholera,55.05,30.3,80.93,19.0
2013-09-16,Maharashtra,Satara,Acute Diarrhoeal Disease,92.06,31.9,82.65,25.0
2013-09-17,Gujarat,Banaskantha,Dengue,2.44,34.82,49.61,6.0
2013-09-17,Jharkhand,West Singhbhum,Malaria,33.86,29.53,75.53,23.0
2013-09-17,Karnataka,Koppal,Acute Diarrhoeal Disease,57.34,31.36,80.92,19.0
2013-09-17,Maharashtra,Ahmednagar,Dengue,101.96,29.72,83.43,17.0
2013-09-17,Maharashtra,Beed,Dengue,76.2,28.13,83.34,14.0
2013-09-17,Maharashtra,Gadchiroli,Malaria,70.9,28.97,82.83,12.0
2013-09-17,Punjab,Gurdaspur,Cholera,6.28,26.25,56.14,22.0
2013-09-17,West Bengal,North 24 Parganas,Acute Diarrhoeal Disease,40.34,28.18,78.33,36.0
2013-09-18,Bihar,Madhubani,Acute Diarrhoeal Disease,14.93,29.6,63.33,34.0
2013-09-19,Maharashtra,Gadchiroli,Acute Diarrhoeal Disease,68.1,26.23,83.47,35.0
2013-09-19,West Bengal,Bankura,Cholera,58.79,29.24,81.73,39.0
2013-09-20,Jharkhand,Loharda,Acute Diarrhoeal Disease,45.1,29.75,79.19,10.0
2013-09-22,Bihar,Araria,Acute Diarrhoeal Disease,39.45,29.21,77.74,20.0
2013-09-22,Jharkhand,Ranchi,Acute Diarrhoeal Disease,57.75,28.26,81.9,35.0
2013-09-22,West Bengal,North 24 Parganas,Cholera,47.45,28.4,80.14,190.0
2013-09-22,West Bengal,North 24 Parganas,Cholera,47.45,28.4,80.14,248.0
2013-09-23,Jharkhand,West Singhbhum,Acute Diarrhoeal Disease,85.4,24.56,84.72,15.0
2013-09-23,Maharashtra,Nashik,Dengue,112.91,24.8,84.98,16.0
2013-09-23,West Bengal,Purulia,Acute Diarrhoeal Disease,66.55,27.16,83.08,17.0
2013-09-24,Assam,Sonitpur,Acute Diarrhoeal Disease,19.21,30.33,66.6,225.0
2013-09-24,Odisha,Bargarh,Acute Diarrhoeal Disease,59.87,27.8,82.28,11.0
2013-09-25,Andhra Pradesh,Vizianagaram,Acute Diarrhoeal Disease,62.75,31.04,81.6,17.0
2013-09-25,Maharashtra,Ahmednagar,Acute Diarrhoeal Disease,45.45,28.42,79.68,20.0
2013-09-25,Maharashtra,Pune,Cholera,54.63,28.1,81.53,8.0
2013-09-25,West Bengal,Bankura,Acute Diarrhoeal Disease,51.89,26.11,81.69,80.0
2013-09-25,West Bengal,Bankura,Acute Diarrhoeal Disease,51.89,26.11,81.69,132.0
2013-09-26,Karnataka,Kolar,Acute Diarrhoeal Disease,5.74,29.49,54.62,13.0
2013-09-26,Madhya Pradesh,Sheopur,Malaria,35.34,31.06,75.68,25.0
2013-09-26,Madhya Pradesh,Shivpuri,Acute Diarrhoeal Disease,78.7,26.77,83.85,37.0
2013-09-26,Maharashtra,Gadchiroli,Acute Diarrhoeal Disease,131.08,27.44,84.24,10.0
2013-09-26,Maharashtra,Nashik,Dengue,167.26,24.8,85.06,14.0
2013-09-26,Maharashtra,Nashik,Dengue,167.26,24.8,85.06,10.0
2013-09-26,Odisha,Bargarh,Acute Diarrhoeal Disease,19.41,27.98,67.46,17.0
2013-09-26,Tamil Nadu,Madurai,Dengue And Chikungunya,0.65,41.11,45.84,12.0
2013-09-27,Maharashtra,Nashik,Dengue,166.78,25.62,84.81,14.0
2013-09-28,Assam,Dibrugarh,Cholera,31.45,28.53,74.73,17.0
2013-09-28,Bihar,Madhubani,Acute Diarrhoeal Disease,71.48,27.51,83.3,69.0
2013-09-28,Bihar,Purnia,Acute Diarrhoeal Disease,56.05,29.16,81.41,34.0
2013-09-28,Gujarat,Kheda,Acute Diarrhoeal Disease,253.39,28.35,84.0,41.0
2013-09-28,Haryana,Kurukshetra,Cholera,32.83,27.71,75.62,61.0
2013-09-28,Haryana,Kurukshetra,Cholera,32.83,27.71,75.62,13.0
2013-09-28,Karnataka,Ballari,Cholera,5.53,28.04,54.84,20.0
2013-09-28,Tamil Nadu,Krishnagiri,Acute Diarrhoeal Disease,0.27,32.58,48.01,13.0
2013-09-28,Tamil Nadu,Thoothukudi,Acute Diarrhoeal Disease,0.48,45.63,44.32,20.0
2013-09-28,Tamil Nadu,Tiruvannamalai,Chikungunya,0.85,31.33,48.99,15.0
2013-09-28,Tamil Nadu,Viluppuram,Dengue,1.08,35.13,48.09,12.0
2013-09-28,Telangana,Medak,Acute Diarrhoeal Disease,2.77,28.1,51.97,11.0
2013-09-28,Uttar Pradesh,Chandauli,Acute Diarrhoeal Disease,20.5,28.18,68.21,23.0
2013-09-28,Uttar Pradesh,Chandauli,Acute Diarrhoeal Disease,33.47,28.68,75.61,19.0
2013-09-28,West Bengal,Purulia,Acute Diarrhoeal Disease,39.89,29.06,77.93,40.0
2013-10-01,Bihar,Saharsa,Acute Diarrhoeal Disease,70.17,27.14,83.34,12.0
2013-10-01,Maharashtra,Chandrapur,Dengue,7.74,29.52,56.62,57.0
2013-10-02,Maharashtra,Ahmednagar,Dengue,17.83,30.71,65.41,18.0
2013-10-02,Maharashtra,Ahmednagar,Dengue,17.83,30.71,65.41,22.0
2013-10-02,Maharashtra,Gondia,Acute Diarrhoeal Disease,25.16,27.14,71.68,13.0
2013-10-02,Maharashtra,Satara,Acute Diarrhoeal Disease,13.25,31.1,61.4,16.0
2013-10-02,Odisha,Subarnapur,Acute Diarrhoeal Disease,108.49,29.29,83.61,22.0
2013-10-03,Chhattisgarh,Balod,Acute Diarrhoeal Disease,85.01,27.26,83.9,65.0
2013-10-03,Gujarat,Sabarkantha,Acute Diarrhoeal Disease,99.15,26.06,84.5,35.0
2013-10-04,Bihar,Madhubani,Acute Diarrhoeal Disease,40.15,27.22,78.56,18.0
2013-10-04,Odisha,Subarnapur,Acute Diarrhoeal Disease,108.72,30.9,83.13,20.0
2013-10-05,Jharkhand,West Singhbhum,Acute Diarrhoeal Disease,113.85,27.37,84.21,13.0
2013-10-05,West Bengal,Murshidabad,Dengue,97.34,27.25,84.12,27.0
2013-10-06,Odisha,Dhenkanal,Acute Diarrhoeal Disease,111.4,27.94,84.03,15.0
2013-10-06,West Bengal,Purulia,Acute Diarrhoeal Disease,124.81,27.84,84.11,37.0
2013-10-07,Jharkhand,Ranchi,Acute Diarrhoeal Disease,91.17,28.45,83.67,20.0
2013-10-07,West Bengal,Bankura,Acute Diarrhoeal Disease,99.24,27.96,83.93,46.0
2013-10-07,West Bengal,Bankura,Acute Diarrhoeal Disease,99.24,27.96,83.93,42.0
2013-10-07,West Bengal,Purulia,Acute Diarrhoeal Disease,110.85,27.84,84.06,37.0
2013-10-08,Assam,Dibrugarh,Cholera,154.26,20.74,86.27,11.0
2013-10-08,Gujarat,Navsari,Acute Diarrhoeal Disease,28.64,29.42,73.03,14.0
2013-10-08,Jammu and Kashmir,Bandipora,Acute Diarrhoeal Disease,1.28,22.9,51.97,48.0
2013-10-08,Jharkhand,West Singhbhum,Acute Diarrhoeal Disease,92.21,27.14,84.08,22.0
2013-10-08,Madhya Pradesh,Katni,Malaria,100.66,25.64,84.64,617.0
2013-10-08,Odisha,Dhenkanal,Acute Diarrhoeal Disease,43.85,28.69,79.19,18.0
2013-10-08,Tamil Nadu,Theni,Dengue,1.36,43.69,45.82,36.0
2013-10-08,Uttar Pradesh,Chandauli,Acute Diarrhoeal Disease,124.52,26.4,84.54,20.0
2013-10-09,Haryana,Ambala,Cholera,19.68,26.26,68.18,60.0
2013-10-09,Jharkhand,Pakur,Acute Diarrhoeal Disease,68.74,27.35,83.18,39.0
2013-10-09,Madhya Pradesh,Khandwa,Malaria,37.01,29.29,76.86,26.0
2013-10-09,Maharashtra,Beed,Chikungunya,29.95,28.67,73.94,21.0
2013-10-09,West Bengal,North 24 Parganas,Cholera,122.57,25.61,84.77,698.0
2013-10-09,West Bengal,North 24 Parganas,Acute Diarrhoeal Disease,122.57,25.61,84.77,803.0
2013-10-10,Bihar,Araria,Acute Diarrhoeal Disease,31.9,27.94,75.12,18.0
2013-10-10,Madhya Pradesh,Bhind,Malaria,94.06,26.98,84.16,102.0
2013-10-10,West Bengal,West Medinipur,Acute Diarrhoeal Disease,123.55,29.26,83.68,24.0
2013-10-11,Maharashtra,Kolhapur,Cholera,27.38,32.97,71.26,13.0
2013-10-11,Maharashtra,Satara,Acute Diarrhoeal Disease,5.74,34.83,53.02,34.0
2013-10-11,Uttar Pradesh,Agra,Dengue,9.36,29.36,58.27,14.0
2013-10-12,Chhattisgarh,Janjgir,Acute Diarrhoeal Disease,58.76,26.66,82.5,18.0
2013-10-12,Maharashtra,Thane,Acute Diarrhoeal Disease,23.88,25.3,71.43,18.0
2013-10-12,West Bengal,Bankura,Acute Diarrhoeal Disease,68.13,25.96,83.56,30.0
2013-10-12,West Bengal,Hooghly,Acute Diarrhoeal Disease,84.85,27.91,83.7,57.0
2013-10-13,Chhattisgarh,Korba,Malaria,51.26,26.66,81.41,36.0
2013-10-13,Maharashtra,Nandurbar,Acute Diarrhoeal Disease,58.85,31.84,80.96,31.0
2013-10-14,Maharashtra,Nandurbar,Acute Diarrhoeal Disease,48.42,31.08,79.54,13.0
2013-10-14,West Bengal,Hooghly,Acute Diarrhoeal Disease,66.6,28.48,82.69,60.0
2013-10-14,West Bengal,Purulia,Cholera,56.07,27.06,82.04,70.0
2013-10-14,West Bengal,West Medinipur,Acute Diarrhoeal Disease,110.4,27.25,84.23,145.0
2013-10-14,West Bengal,West Medinipur,Acute Diarrhoeal Disease,110.4,27.25,84.23,95.0
2013-10-15,Karnataka,Gulbarga,Cholera,21.26,31.36,67.81,20.0
2013-10-15,Maharashtra,Pune,Acute Diarrhoeal Disease,12.0,29.42,60.76,50.0
2013-10-15,Maharashtra,Satara,Acute Diarrhoeal Disease,3.98,34.72,51.24,60.0
2013-10-15,Tamil Nadu,Namakkal,Chikungunya,4.76,36.11,51.63,34.0
2013-10-16,Maharashtra,Beed,Dengue,25.64,28.21,71.66,10.0
2013-10-16,Tamil Nadu,Tiruvannamalai,Chikungunya,16.22,29.22,64.53,13.0
2013-10-16,West Bengal,Bankura,Acute Diarrhoeal Disease,65.73,25.5,83.52,40.0
2013-10-16,West Bengal,Jalpaiguri,Dengue,47.12,28.67,79.99,76.0
2013-10-17,Maharashtra,Thane,Acute Diarrhoeal Disease,38.86,26.13,78.46,24.0
2013-10-17,Maharashtra,Thane,Cholera,38.86,26.13,78.46,59.0
2013-10-17,West Bengal,Bankura,Acute Diarrhoeal Disease,61.93,26.72,82.82,50.0
2013-10-17,West Bengal,Purulia,Acute Diarrhoeal Disease,73.3,26.41,83.73,43.0
2013-10-18,Assam,Tinsukia,Acute Diarrhoeal Disease,2.08,27.82,51.34,10.0
2013-10-18,Maharashtra,Beed,Dengue,12.87,28.73,61.76,13.0
2013-10-18,Odisha,Dhenkanal,Acute Diarrhoeal Disease,141.07,25.98,84.69,10.0
2013-10-18,Tamil Nadu,Cuddalore,Acute Diarrhoeal Disease,12.39,32.98,60.04,11.0
2013-10-19,Karnataka,Bidar,Acute Diarrhoeal Disease,7.44,30.95,55.91,20.0
2013-10-19,Karnataka,Mandya,Cholera,32.11,28.01,75.2,226.0
2013-10-19,Maharashtra,Nandurbar,Acute Diarrhoeal Disease,3.37,31.58,51.55,16.0
2013-10-19,West Bengal,Bankura,Acute Diarrhoeal Disease,53.29,26.68,81.75,34.0
2013-10-19,West Bengal,Dakshin Dinajpur,Cholera,69.55,26.0,83.64,118.0
2013-10-19,West Bengal,Purulia,Acute Diarrhoeal Disease,65.64,26.28,83.28,60.0
2013-10-20,Karnataka,Raichur,Chikungunya,7.06,32.2,55.15,16.0
2013-10-20,West Bengal,Burdwan,Acute Diarrhoeal Disease,21.19,25.71,69.45,105.0
2013-10-20,West Bengal,Dakshin Dinajpur,Acute Diarrhoeal Disease,64.38,26.25,83.18,48.0
2013-10-21,Madhya Pradesh,Hoshangabad,Malaria,1.4,31.57,49.5,130.0
2013-10-21,Tamil Nadu,Perambalur,Dengue,38.6,33.19,76.26,12.0
2013-10-22,Karnataka,Raichur,Chikungunya,4.31,32.23,52.33,15.0
2013-10-22,Maharashtra,Thane,Dengue,21.88,28.92,68.98,54.0
2013-10-22,Odisha,Subarnapur,Acute Diarrhoeal Disease,62.88,28.29,82.44,14.0
2013-10-22,West Bengal,Jalpaiguri,Malaria,8.05,23.51,58.74,15.0
2013-10-23,Himachal Pradesh,Solan,Dengue,0.45,23.22,51.01,30.0
2013-10-23,Odisha,Dhenkanal,Acute Diarrhoeal Disease,83.89,27.33,83.85,23.0
2013-10-23,West Bengal,Nadia,Dengue,24.89,28.13,71.22,51.0
2013-10-23,West Bengal,Purulia,Cholera,25.95,28.95,71.63,23.0
2013-10-24,Bihar,Katihar,Acute Diarrhoeal Disease,5.04,28.06,54.34,13.0
2013-10-24,Maharashtra,Ahmednagar,Dengue,2.86,32.38,50.78,42.0
2013-10-24,Manipur,Churachandpur,Dengue,38.01,24.62,78.62,11.0
2013-10-24,West Bengal,Bankura,Acute Diarrhoeal Disease,22.0,27.66,69.44,22.0
2013-10-24,West Bengal,Bankura,Cholera,22.0,27.66,69.44,86.0
2013-10-25,Karnataka,Kolar,Chikungunya,46.46,28.87,79.78,23.0
2013-10-25,Maharashtra,Raigad,Dengue,1.46,29.55,50.16,60.0
2013-10-25,Tamil Nadu,Villupuram,Dengue,35.95,30.77,76.01,11.0
2013-10-25,Uttar Pradesh,Agra,Malaria,0.01,34.62,47.12,39.0
2013-10-25,West Bengal,Bankura,Cholera,21.88,27.27,69.48,50.0
2013-10-25,West Bengal,Bankura,Cholera,21.88,27.27,69.48,86.0
2013-10-25,West Bengal,Bankura,Cholera,21.88,27.27,69.48,110.0
2013-10-25,West Bengal,Purulia,Acute Diarrhoeal Disease,26.55,29.02,71.96,11.0
2013-10-26,Andhra Pradesh,Visakhapatnam,Acute Diarrhoeal Disease,253.95,29.26,83.72,11.0
2013-10-26,Gujarat,Surendranagar,Acute Diarrhoeal Disease,0.01,36.47,46.57,38.0
2013-10-26,Karnataka,Haveri,Acute Diarrhoeal Disease,85.17,25.25,84.51,14.0
2013-10-27,Bihar,Madhubani,Acute Diarrhoeal Disease,4.83,27.02,54.43,40.0
2013-10-27,Bihar,Saharsa,Acute Diarrhoeal Disease,4.83,27.02,54.43,25.0
2013-10-27,Maharashtra,Satara,Acute Diarrhoeal Disease,26.15,33.06,70.51,27.0
2013-10-27,Odisha,Cuttack,Cholera,204.43,26.51,84.55,23.0
2013-10-27,West Bengal,Hooghly,Cholera,300.0,26.25,84.62,52.0
2013-10-28,Andhra Pradesh,Visakhapatnam,Chikungunya,258.45,29.26,83.72,10.0
2013-10-28,Arunachal Pradesh,East Siang,Dengue,51.28,19.72,83.5,8.0
2013-10-28,Assam,Dibrugarh,Cholera,56.55,25.2,82.66,18.0
2013-10-28,Bihar,Madhubani,Acute Diarrhoeal Disease,3.88,26.96,53.47,30.0
2013-10-28,Jharkhand,Gumla,Acute Diarrhoeal Disease,35.47,25.86,77.29,15.0
2013-10-28,Jharkhand,West Singhbhum,Acute Diarrhoeal Disease,156.16,26.47,84.55,24.0
2013-10-28,Karnataka,Chitradurga,Acute Diarrhoeal Disease,63.6,28.53,82.43,15.0
2013-10-28,Karnataka,Gadag,Dengue,107.09,29.26,83.61,37.0
2013-10-28,Maharashtra,Nandurbar,Malaria,1.29,33.45,48.82,22.0
2013-10-28,Maharashtra,Nashik,Chikungunya,1.86,28.75,50.83,22.0
2013-10-28,Maharashtra,Satara,Acute Diarrhoeal Disease,27.97,31.61,72.0,30.0
2013-10-28,West Bengal,Bankura,Acute Diarrhoeal Disease,137.84,25.03,84.97,15.0
2013-10-28,West Bengal,Birbhum,Acute Diarrhoeal Disease,20.95,27.44,68.76,26.0
2013-10-28,West Bengal,Birbhum,Acute Diarrhoeal Disease,38.57,25.46,78.56,24.0
2013-11-01,West Bengal,Birbhum,Acute Diarrhoeal Disease,5.94,27.51,55.42,17.0
2013-11-02,Andhra Pradesh,Vizianagaram,Acute Diarrhoeal Disease,26.09,27.69,72.09,41.0
2013-11-02,Madhya Pradesh,Khargone,Chikungunya,0.13,32.77,47.8,90.0
2013-11-04,Assam,Tinsukia,Cholera,35.15,21.18,78.57,11.0
2013-11-04,Odisha,Puri,Acute Diarrhoeal Disease,0.2,27.95,49.32,22.0
2013-11-05,Karnataka,Mandya,Acute Diarrhoeal Disease,17.67,27.25,66.32,39.0
2013-11-05,Telangana,Mahabubnagar,Cholera,4.31,30.88,52.74,62.0
2013-11-07,Gujarat,Panchmahal,Chikungunya,0.0,33.44,47.47,10.0
2013-11-07,Haryana,Sirsa,Acute Diarrhoeal Disease,0.82,28.91,49.68,100.0
2013-11-07,Karnataka,Chamarajanagar,Dengue,27.47,29.35,72.4,16.0
2013-11-08,Chhattisgarh,Rajnandgaon,Acute Diarrhoeal Disease,0.0,26.93,49.43,19.0
2013-11-09,Andhra Pradesh,Vizianagaram,Acute Diarrhoeal Disease,0.43,29.49,49.11,14.0
2013-11-09,Telangana,Mahbubnagar,Chikungunya,3.35,30.11,51.98,39.0
2013-11-10,West Bengal,Bankura,Acute Diarrhoeal Disease,0.63,26.99,50.06,46.0
2013-11-10,West Bengal,Bankura,Acute Diarrhoeal Disease,0.63,26.99,50.06,34.0
2013-11-10,West Bengal,Malda,Acute Diarrhoeal Disease,0.86,27.4,50.19,22.0
2013-11-10,West Bengal,Purulia,Acute Diarrhoeal Disease,0.44,27.75,49.63,52.0
2013-11-11,Andhra Pradesh,West Godavari,Acute Diarrhoeal Disease,2.71,27.74,52.02,15.0
2013-11-11,Jharkhand,West Singhbhum,Malaria,0.08,26.86,49.53,50.0
2013-11-11,Karnataka,Tumkur,Acute Diarrhoeal Disease,0.13,31.22,48.27,11.0
2013-11-11,Maharashtra,Nanded,Acute Diarrhoeal Disease,0.01,29.8,48.57,18.0
2013-11-11,Maharashtra,Thane,Acute Diarrhoeal Disease,0.03,29.71,48.62,14.0
2013-11-11,Tamil Nadu,Ramanathapuram,Dengue,5.0,29.27,58.91,12.0
2013-11-11,Telangana,Khammam,Acute Diarrhoeal Disease,0.17,28.51,49.13,10.0
2013-11-12,Andhra Pradesh,Kurnool,Acute Diarrhoeal Disease,0.02,30.84,48.27,24.0
2013-11-13,Bihar,Darbhanga,Acute Diarrhoeal Disease,0.0,27.65,49.21,72.0
2013-11-14,Maharashtra,Latur,Chikungunya,0.0,31.55,48.04,16.0
2013-11-14,Tamil Nadu,Thanjavur,Dengue,0.22,31.8,48.2,18.0
2013-11-16,Andhra Pradesh,Visakhapatnam,Acute Diarrhoeal Disease,0.06,29.11,48.82,30.0
2013-11-16,Chhattisgarh,Dhamtari,Acute Diarrhoeal Disease,0.01,25.93,49.73,34.0
2013-11-16,Odisha,Ganjam,Acute Diarrhoeal Disease,5.0,26.7,59.69,56.0
2013-11-17,West Bengal,Birbhum,Acute Diarrhoeal Disease,0.0,27.31,49.31,30.0
2013-11-18,Andhra Pradesh,Kurnool,Acute Diarrhoeal Disease,10.97,28.56,60.06,19.0
2013-11-19,Maharashtra,Thane,Dengue,0.01,31.14,48.16,52.0
2013-11-20,Odisha,Kandhamal,Acute Diarrhoeal Disease,1.19,25.4,51.13,24.0
2013-11-20,Tamil Nadu,Tiruvannamalai,Acute Diarrhoeal Disease,44.49,25.24,80.39,13.0
2013-11-21,Karnataka,Ballari,Cholera,4.97,30.73,53.46,18.0
2013-11-21,Maharashtra,Ahmednagar,Dengue,0.01,32.85,47.65,15.0
2013-11-21,Maharashtra,Satara,Acute Diarrhoeal Disease,0.02,34.35,47.22,35.0
2013-11-22,Andhra Pradesh,Chittoor,Acute Diarrhoeal Disease,29.42,27.47,74.03,15.0
2013-11-23,West Bengal,Bankura,Acute Diarrhoeal Disease,0.0,25.49,49.86,28.0
2013-11-25,Gujarat,Navsari,Malaria,0.01,32.55,47.74,102.0
2013-11-25,Karnataka,Haveri,Acute Diarrhoeal Disease,0.92,27.91,50.1,50.0
2013-11-25,Maharashtra,Bhandara,Acute Diarrhoeal Disease,1.55,29.63,50.24,34.0
2013-11-26,Himachal Pradesh,Bilaspur,Acute Diarrhoeal Disease,0.01,19.44,51.67,573.0
2013-11-26,West Bengal,Purulia,Cholera,0.01,25.72,49.79,43.0
2013-11-27,Telangana,Mahabubnagar,Acute Diarrhoeal Disease,4.22,31.02,52.61,26.0
2013-11-27,West Bengal,Hooghly,Cholera,0.01,25.66,49.81,13.0
2013-11-28,Odisha,Nayagarh,Acute Diarrhoeal Disease,3.47,27.39,52.91,13.0
2013-11-28,Tamil Nadu,Sivaganga,Acute Diarrhoeal Disease,7.24,35.47,54.35,15.0
2013-11-28,West Bengal,Purulia,Acute Diarrhoeal Disease,0.01,25.51,49.86,33.0
2013-12-03,Karnataka,Chamrajnagar,Chikungunya,21.65,30.59,68.32,30.0
2013-12-06,Karnataka,Chikkaballapur,Acute Diarrhoeal Disease,4.07,28.61,53.16,24.0
2013-12-07,Maharashtra,Sangli,Cholera,5.59,30.67,54.12,99.0
2013-12-08,Gujarat,Valsad,Acute Diarrhoeal Disease,1.66,30.28,50.16,18.0
2013-12-09,Telangana,Medak,Chikungunya,0.78,27.54,50.05,20.0
2013-12-10,Rajasthan,Alwar,Acute Diarrhoeal Disease,0.01,26.4,49.59,46.0
2013-12-12,West Bengal,Birbhum,Acute Diarrhoeal Disease,0.01,24.52,50.15,91.0
2013-12-13,Karnataka,Belgaum,Acute Diarrhoeal Disease,0.01,30.18,48.45,29.0
2013-12-13,Odisha,Jagatsinghpur,Acute Diarrhoeal Disease,12.12,22.53,62.94,12.0
2013-12-13,Uttarakhand,Tehri,Acute Diarrhoeal Disease,0.12,16.41,52.7,13.0
2013-12-15,Tamil Nadu,Krishnagiri,Cholera,3.3,25.38,53.35,19.0
2013-12-15,West Bengal,Hooghly,Cholera,0.01,24.54,50.14,69.0
2013-12-16,Andaman and Nicobar Islands,North and Middle Andaman,Acute Diarrhoeal Disease,18.81,25.05,67.88,86.0
2013-12-16,West Bengal,Birbhum,Acute Diarrhoeal Disease,0.01,24.79,50.07,31.0
2013-12-19,Bihar,Araria,Acute Encephalitis Syndrome,1.41,22.01,52.38,12.0
2013-12-19,Tamil Nadu,Kanyakumari,Dengue,5.0,28.01,59.29,17.0
2013-12-20,Tamil Nadu,Salem,Dengue,1.03,28.15,50.14,17.0
2013-12-21,West Bengal,West Medinipur,Acute Diarrhoeal Disease,0.22,23.66,50.63,39.0
2013-12-23,Chhattisgarh,Korba,Acute Diarrhoeal Disease,0.0,23.35,50.5,13.0
2013-12-25,Odisha,Mayurbhanj,Acute Diarrhoeal Disease,0.53,26.14,50.22,19.0
2013-12-27,Karnataka,Bangalore Urban,Acute Diarrhoeal Disease,0.24,27.27,49.57,64.0
2013-12-27,Odisha,Ganjam,Acute Diarrhoeal Disease,5.0,26.94,59.61,21.0
2014-01-01,Odisha,Ganjam,Cholera,5.0,26.77,59.67,42.0
2014-01-01,Odisha,Ganjam,Acute Diarrhoeal Disease,5.0,26.77,59.67,24.0
2014-01-02,Assam,Darrang,Acute Diarrhoeal Disease,0.33,19.88,51.88,9.0
2014-01-02,Odisha,Ganjam,Cholera,5.0,26.72,59.68,41.0
2014-01-03,Maharashtra,Beed,Dengue And Chikungunya,0.01,29.65,48.61,11.0
2014-01-04,Assam,Lakhimpur,Acute Encephalitis Syndrome,8.4,20.16,60.09,41.0
2014-01-04,West Bengal,West Medinipur,Acute Diarrhoeal Disease,0.01,23.02,50.6,145.0
2014-01-07,Andhra Pradesh,Nellore,Acute Diarrhoeal Disease,0.53,30.39,48.94,32.0
2014-01-07,Assam,Jorhat,Acute Diarrhoeal Disease,0.8,20.32,52.24,18.0
2014-01-07,Assam,Karimganj,Acute Diarrhoeal Disease,0.05,21.32,51.16,18.0
2014-01-08,Odisha,Puri,Acute Diarrhoeal Disease,0.6,26.82,50.08,51.0
2014-01-09,Odisha,Puri,Acute Diarrhoeal Disease,0.65,26.3,50.29,27.0
2014-01-10,Chhattisgarh,Bastar,Acute Diarrhoeal Disease,0.05,28.26,49.07,28.0
2014-01-10,Gujarat,Ahmedabad,Acute Diarrhoeal Disease,0.01,26.88,49.44,33.0
2014-01-10,West Bengal,Medinipur West,Acute Diarrhoeal Disease,0.08,23.01,50.68,31.0
2014-01-14,Madhya Pradesh,Burhanpur,Dengue,0.01,26.22,49.65,40.0
2014-01-14,Odisha,Kendrapara,Cholera,0.09,26.49,49.65,94.0
2014-01-16,Kerala,Wayanad,Acute Diarrhoeal Disease,3.4,29.29,52.27,17.0
2014-01-18,Assam,Udalguri,Acute Diarrhoeal Disease,0.11,21.48,51.17,14.0
2014-01-18,Odisha,Jajpur,Acute Diarrhoeal Disease,0.14,25.2,50.08,16.0
2014-01-20,Maharashtra,Nagpur,Acute Diarrhoeal Disease,1.79,28.72,50.76,71.0
2014-01-21,Tamil Nadu,Madurai,Acute Diarrhoeal Disease,1.2,30.41,49.64,17.0
2014-01-22,Maharashtra,Sindhudurg,Acute Diarrhoeal Disease,0.08,29.23,48.82,234.0
2014-01-22,West Bengal,Malda,Acute Diarrhoeal Disease,0.07,22.4,50.85,61.0
2014-01-23,Tamil Nadu,Madurai,Acute Diarrhoeal Disease,1.17,31.7,49.22,28.0
2014-01-26,Madhya Pradesh,Shajapur,Acute Diarrhoeal Disease,38.37,20.92,79.86,22.0
2014-01-27,Madhya Pradesh,Mandla,Malaria,0.51,23.59,50.96,31.0
2014-01-28,Andhra Pradesh,Prakasam,Acute Diarrhoeal Disease,5.61,27.39,55.12,50.0
2014-01-28,Himachal Pradesh,Kangra,Acute Diarrhoeal Disease,3.2,10.0,57.85,390.0
2014-01-28,Tamil Nadu,Tiruchirappalli,Chikungunya,2.19,31.29,50.41,22.0
2014-02-02,Karnataka,Belgaum,Chikungunya,0.01,30.81,48.27,25.0
2014-02-03,Tripura,Unakoti,Acute Diarrhoeal Disease,0.01,21.67,51.01,30.0
2014-02-04,Tamil Nadu,Tirunelveli,Acute Diarrhoeal Disease,4.1,30.66,52.58,32.0
2014-02-06,Karnataka,Belgaum,Acute Diarrhoeal Disease,0.01,33.0,47.61,32.0
2014-02-06,Odisha,Sundargarh,Acute Diarrhoeal Disease,0.01,28.61,48.92,41.0
2014-02-06,Telangana,Nalgonda,Chikungunya,0.01,30.47,48.37,31.0
2014-02-10,Odisha,Puri,Acute Diarrhoeal Disease,0.01,31.82,47.97,22.0
2014-02-14,Tripura,South Tripura,Acute Diarrhoeal Disease,2.57,25.68,52.49,18.0
2014-02-18,Odisha,Kalahandi,Acute Diarrhoeal Disease,15.92,29.03,64.34,34.0
2014-02-20,Tripura,North Tripura,Acute Diarrhoeal Disease,31.12,22.41,76.41,62.0
2014-02-22,Tamil Nadu,Ramanathapuram,Chikungunya,5.0,34.29,57.41,15.0
2014-02-26,Jammu and Kashmir,Shopian,Acute Diarrhoeal Disease,25.04,10.0,76.75,16.0
2014-02-26,Odisha,Keonjhar,Acute Diarrhoeal Disease,0.87,26.01,50.61,16.0
2014-02-26,Tamil Nadu,Dindigul,Chikungunya,6.26,35.8,53.26,17.0
2014-03-02,Maharashtra,Parbhani,Acute Diarrhoeal Disease,11.2,33.85,58.68,47.0
2014-03-03,Karnataka,Raichur,Dengue,0.38,34.46,47.56,30.0
2014-03-03,Lakshadweep,Kavaratti Island,Dengue,5.0,35.08,57.17,6.0
2014-03-03,Tamil Nadu,Ramanathapuram,Dengue,5.0,34.98,57.2,9.0
2014-03-04,Bihar,East Champaran,Acute Diarrhoeal Disease,52.96,19.53,83.84,20.0
2014-03-05,Karnataka,Raichur,Dengue,3.27,32.71,51.11,32.0
2014-03-05,Tamil Nadu,Ramanathapuram,Chikungunya,5.0,33.51,57.64,11.0
2014-03-06,Maharashtra,Beed,Chikungunya,53.37,35.61,79.08,17.0
2014-03-08,Assam,Golaghat,Acute Encephalitis Syndrome,1.78,25.68,51.67,33.0
2014-03-09,Kerala,Palakkad,Dengue,18.37,29.47,66.21,15.0
2014-03-12,Karnataka,Dharwad,Acute Diarrhoeal Disease,2.56,37.94,48.8,25.0
2014-03-14,Odisha,Mayurbhanj,Acute Diarrhoeal Disease,13.09,30.8,61.34,13.0
2014-03-17,Kerala,Kottayam,Dengue,0.42,35.01,47.44,13.0
2014-03-21,Maharashtra,Beed,Chikungunya,0.15,38.45,46.12,15.0
2014-03-22,Karnataka,Haveri,Acute Diarrhoeal Disease,0.1,36.6,46.63,63.0
2014-03-26,Andhra Pradesh,Krishna,Acute Diarrhoeal Disease,0.01,33.0,47.61,31.0
2014-03-26,Karnataka,Raichur,Chikungunya,0.01,42.43,44.78,20.0
2014-03-26,Maharashtra,Bhandara,Dengue,0.1,38.88,45.94,31.0
2014-03-27,West Bengal,Purulia,Acute Diarrhoeal Disease,4.7,33.48,52.36,85.0
2014-03-28,Gujarat,Anand,Acute Diarrhoeal Disease,0.0,38.33,46.01,31.0
2014-03-28,Maharashtra,Thane,Dengue,0.01,42.38,44.79,20.0
2014-04-01,Manipur,Tamenglong,Acute Diarrhoeal Disease,8.11,27.4,57.63,30.0
2014-04-01,Uttar Pradesh,Lucknow,Acute Diarrhoeal Disease,0.05,32.22,47.89,11.0
2014-04-03,West Bengal,Birbhum,Cholera,0.0,36.99,46.4,31.0
2014-04-04,Madhya Pradesh,Shivpuri,Acute Diarrhoeal Disease,0.04,39.78,45.6,14.0
2014-04-07,Karnataka,Mandya,Acute Diarrhoeal Disease,0.02,38.8,45.88,28.0
2014-04-09,Andhra Pradesh,Visakhapatnam,Acute Diarrhoeal Disease,0.35,35.92,47.09,14.0
2014-04-09,Bihar,Nawada,Acute Diarrhoeal Disease,0.06,40.74,45.34,60.0
2014-04-10,Gujarat,Surat,Acute Diarrhoeal Disease,0.02,38.87,45.86,38.0
2014-04-10,Karnataka,Mysore,Acute Diarrhoeal Disease,4.07,40.94,49.47,33.0
2014-04-13,Maharashtra,Dhule,Dengue,0.65,45.5,44.53,94.0
2014-04-16,Maharashtra,Dhule,Dengue,0.03,47.78,43.2,18.0
2014-04-16,West Bengal,Birbhum,Acute Diarrhoeal Disease,3.83,38.5,49.96,30.0
2014-04-17,Maharashtra,Dhule,Dengue,0.04,48.0,43.14,14.0
2014-04-18,Karnataka,Davangere,Acute Diarrhoeal Disease,2.86,41.09,48.16,17.0
2014-04-18,Madhya Pradesh,Narsinghpur,Dengue,0.49,42.31,45.32,63.0
2014-04-19,Karnataka,Bijapur,Chikungunya,11.22,46.57,54.88,10.0
2014-04-19,Maharashtra,Ahmednagar,Chikungunya,2.4,47.12,45.88,29.0
2014-04-20,Maharashtra,Thane,Dengue,1.03,42.34,45.88,14.0
2014-04-21,Assam,Jorhat,Acute Diarrhoeal Disease,2.8,30.23,51.36,21.0
2014-04-22,Kerala,Ernakulam,Acute Diarrhoeal Disease,28.1,30.04,72.55,15.0
2014-04-22,Rajasthan,Jhunjhunu,Acute Diarrhoeal Disease,7.79,41.23,53.16,40.0
2014-04-23,Gujarat,Kheda,Acute Diarrhoeal Disease,2.08,40.42,47.56,12.0
2014-04-25,Madhya Pradesh,Khargone,Chikungunya,1.63,45.66,45.51,35.0
2014-04-25,Maharashtra,Ahmednagar,Dengue,3.49,42.77,48.32,20.0
2014-04-25,Maharashtra,Ahmednagar,Dengue,3.49,42.77,48.32,20.0
2014-04-27,West Bengal,Malda,Acute Diarrhoeal Disease,0.0,40.79,45.27,47.0
2014-04-28,Rajasthan,Tonk,Dengue,0.19,47.23,43.53,24.0
2014-05-01,Assam,Jorhat,Acute Diarrhoeal Disease,11.04,33.27,58.71,21.0
2014-05-01,Karnataka,Belgaum,Acute Diarrhoeal Disease,23.83,40.27,66.9,11.0
2014-05-02,Rajasthan,Dungarpur,Acute Diarrhoeal Disease,0.04,47.68,43.23,20.0
2014-05-03,Maharashtra,Satara,Acute Diarrhoeal Disease,2.22,43.15,46.88,22.0
2014-05-05,Karnataka,Tumkur,Acute Diarrhoeal Disease,6.23,38.94,52.29,26.0
2014-05-05,West Bengal,Purulia,Malaria,8.48,39.05,54.5,21.0
2014-05-06,West Bengal,Burdwan,Acute Diarrhoeal Disease,27.17,34.95,70.55,26.0
2014-05-07,Odisha,Kalahandi,Acute Diarrhoeal Disease,19.57,38.55,64.41,11.0
2014-05-07,Odisha,Keonjhar,Acute Diarrhoeal Disease,7.17,37.73,53.6,10.0
2014-05-08,Gujarat,Mahesana,Acute Diarrhoeal Disease,0.75,44.08,45.07,12.0
2014-05-08,Madhya Pradesh,Katni,Acute Diarrhoeal Disease,0.22,41.6,45.26,48.0
2014-05-10,Odisha,Puri,Acute Diarrhoeal Disease,2.65,38.23,48.81,21.0
2014-05-12,Madhya Pradesh,Mandla,Dengue,2.5,40.28,48.04,50.0
2014-05-12,Madhya Pradesh,Mandla,Dengue,2.5,40.28,48.04,61.0
2014-05-13,Karnataka,Tumkur,Chikungunya,61.74,36.65,79.82,22.0
2014-05-13,Madhya Pradesh,Raisen,Acute Diarrhoeal Disease,0.03,46.46,43.59,92.0
2014-05-14,Maharashtra,Ahmednagar,Dengue,0.3,45.91,44.04,16.0
2014-05-15,Jammu and Kashmir,Kulgam,Acute Diarrhoeal Disease,106.55,10.0,89.38,697.0
2014-05-15,Karnataka,Mysore,Cholera,4.79,34.17,52.25,32.0
2014-05-15,Meghalaya,West Khasi Hills,Acute Diarrhoeal Disease,68.96,28.64,82.81,173.0
2014-05-16,Maharashtra,Amravati,Dengue,0.23,48.0,43.34,17.0
2014-05-17,Andhra Pradesh,Kadapa,Dengue,0.01,42.89,44.65,15.0
2014-05-18,Karnataka,Davangere,Cholera,0.23,36.66,46.74,98.0
2014-05-18,Karnataka,Hassan,Acute Diarrhoeal Disease,1.0,35.74,47.83,39.0
2014-05-18,Karnataka,Shimoga,Acute Diarrhoeal Disease,0.09,33.57,47.52,31.0
2014-05-18,Punjab,Ludhiana,Acute Diarrhoeal Disease,14.94,35.67,61.51,11.0
2014-05-19,Assam,Golaghat,Acute Diarrhoeal Disease,4.12,31.2,52.44,20.0
2014-05-19,Karnataka,Chitradurga,Chikungunya,5.78,39.45,51.67,13.0
2014-05-19,Karnataka,Hassan,Acute Diarrhoeal Disease,5.49,35.62,52.52,32.0
2014-05-20,Maharashtra,Ahmednagar,Chikungunya,1.78,44.71,45.96,14.0
2014-05-21,Maharashtra,Kolhapur,Acute Diarrhoeal Disease,8.57,42.6,53.53,133.0
2014-05-21,Uttar Pradesh,Unnao,Acute Diarrhoeal Disease,0.12,41.08,45.31,119.0
2014-05-22,Madhya Pradesh,Sehore,Chikungunya,0.11,46.02,43.81,60.0
2014-05-22,Odisha,Keonjhar,Acute Diarrhoeal Disease,1.21,39.24,47.0,24.0
2014-05-24,Gujarat,Mahesana,Acute Diarrhoeal Disease,0.11,45.36,44.01,14.0
2014-05-24,Karnataka,Davangere,Chikungunya,18.27,36.2,64.11,30.0
2014-05-25,Tamil Nadu,Krishnagiri,Acute Diarrhoeal Disease,19.68,33.64,65.97,19.0
2014-05-25,Tripura,Dhalai,Malaria,13.39,28.24,62.38,4582.0
2014-05-25,Tripura,Dhalai,Malaria,13.39,28.24,62.38,9117.0
2014-05-25,Tripura,Dhalai,Malaria,13.39,28.24,62.38,8650.0
2014-05-25,Tripura,Dhalai District,Malaria,7.23,27.99,56.58,828.0
2014-05-26,Assam,Golaghat,Acute Diarrhoeal Disease,14.97,32.91,62.37,26.0
2014-05-26,Maharashtra,Beed,Dengue And Chikungunya,0.53,44.39,44.74,22.0
2014-05-26,Maharashtra,Gondia,Malaria,1.19,41.35,46.35,8.0
2014-05-27,Maharashtra,Yavatmal,Acute Diarrhoeal Disease,0.2,46.99,43.62,13.0
2014-05-28,Gujarat,Amreli,Acute Diarrhoeal Disease,0.27,41.79,45.25,62.0
2014-05-28,Karnataka,Chamrajnagar,Chikungunya,36.0,33.21,75.3,14.0
2014-05-28,Karnataka,Kolar,Dengue,24.7,36.11,68.71,15.0
2014-05-28,Maharashtra,Beed,Dengue,0.01,46.3,43.62,12.0
2014-05-28,Maharashtra,Jalna,Dengue,0.06,45.51,43.91,28.0
2014-05-28,Uttar Pradesh,Unnao,Acute Diarrhoeal Disease,2.9,40.86,48.28,14.0
2014-05-28,West Bengal,Bankura,Acute Diarrhoeal Disease,78.71,32.94,82.0,29.0
2014-06-01,Gujarat,Panchmahal,Acute Diarrhoeal Disease,0.03,46.1,43.7,11.0
2014-06-01,Karnataka,Chamarajanagar,Chikungunya,27.95,31.57,72.0,28.0
2014-06-01,Karnataka,Ramanagar,Chikungunya,9.21,38.49,55.39,19.0
2014-06-01,Maharashtra,Nagpur,Acute Diarrhoeal Disease,0.05,47.31,43.36,14.0
2014-06-02,Karnataka,Bangalore urban,Dengue,63.48,32.36,81.27,18.0
2014-06-02,Karnataka,Raichur,Dengue,7.57,38.79,53.68,506.0
2014-06-02,Maharashtra,Nashik,Dengue,15.95,39.25,61.3,24.0
2014-06-02,Telangana,Nizamabad,Acute Diarrhoeal Disease,0.51,40.53,45.88,27.0
2014-06-03,Tamil Nadu,Ramanathapuram,Dengue,5.0,35.83,56.95,12.0
2014-06-04,Bihar,Gaya,Acute Diarrhoeal Disease,2.81,33.72,50.33,55.0
2014-06-04,Madhya Pradesh,Panna,Acute Diarrhoeal Disease,0.43,45.81,44.21,14.0
2014-06-05,Assam,Kamrup,Acute Diarrhoeal Disease,17.3,30.38,65.08,84.0
2014-06-05,Karnataka,Chitradurga,Cholera,13.0,31.36,61.09,25.0
2014-06-05,Madhya Pradesh,Burhanpur,Acute Diarrhoeal Disease,0.06,45.08,44.03,49.0
2014-06-05,West Bengal,Malda,Acute Encephalitis Syndrome,42.97,29.66,78.66,69.0
2014-06-05,West Bengal,Malda,Acute Encephalitis Syndrome,42.97,29.66,78.66,69.0
2014-06-05,West Bengal,Malda,Acute Encephalitis Syndrome,42.97,29.66,78.66,73.0
2014-06-06,Assam,Dibrugarh,Acute Diarrhoeal Disease,21.39,29.88,68.35,68.0
2014-06-06,Assam,Dibrugarh,Acute Diarrhoeal Disease,21.39,29.88,68.35,68.0
2014-06-06,Himachal Pradesh,Solan,Acute Diarrhoeal Disease,6.46,32.96,54.31,10.0
2014-06-06,Karnataka,Bagalkot,Acute Diarrhoeal Disease,33.91,39.38,72.59,163.0
2014-06-06,Madhya Pradesh,Harda,Acute Diarrhoeal Disease,0.06,46.81,43.52,17.0
2014-06-06,Tamil Nadu,Tiruchirappalli,Chikungunya,18.79,36.72,64.36,37.0
2014-06-07,Bihar,Gaya,Acute Diarrhoeal Disease,1.86,37.04,48.34,35.0
2014-06-07,Maharashtra,Satara,Acute Diarrhoeal Disease,34.86,37.9,73.44,11.0
2014-06-07,Odisha,Ganjam,Acute Diarrhoeal Disease,5.0,30.06,58.68,22.0
2014-06-08,Gujarat,Gandhinagar,Acute Diarrhoeal Disease,0.2,42.84,44.85,13.0
2014-06-09,Assam,Jorhat,Acute Diarrhoeal Disease,47.35,29.53,79.78,40.0
2014-06-09,Haryana,Gurgaon,Cholera,0.0,43.0,44.6,60.0
2014-06-10,West Bengal,Jalpaiguri,Acute Diarrhoeal Disease,300.0,14.49,88.15,87.0
2014-06-11,Assam,Golaghat,Malaria,38.85,35.25,75.73,11.0
2014-06-11,Assam,Lakhimpur,Malaria,154.73,35.04,81.98,97.0
2014-06-11,Maharashtra,Sangli,Chikungunya,21.93,34.3,67.41,32.0
2014-06-11,Tamil Nadu,Theni,Chikungunya,7.47,39.0,53.51,66.0
2014-06-12,Karnataka,Bijapur,Dengue,13.2,35.95,59.9,17.0
2014-06-12,Karnataka,Tumkur,Dengue,22.2,30.91,68.61,20.0
2014-06-12,Madhya Pradesh,Agar Malwa,Acute Diarrhoeal Disease,0.29,46.8,43.76,23.0
2014-06-13,Maharashtra,Gadchiroli,Malaria,2.29,40.78,47.66,60.0
2014-06-14,Telangana,Mahabubnagar,Chikungunya,6.57,42.35,51.61,28.0
2014-06-16,Andhra Pradesh,Chittoor,Acute Diarrhoeal Disease,10.35,36.02,57.22,19.0
2014-06-16,Bihar,Lakhisarai,Acute Diarrhoeal Disease,9.82,31.61,58.04,31.0
2014-06-16,Bihar,Lakhisarai,Acute Diarrhoeal Disease,9.82,31.61,58.04,31.0
2014-06-16,Karnataka,Tumkur,Acute Diarrhoeal Disease,18.22,30.6,65.75,31.0
2014-06-16,Karnataka,Tumkur,Chikungunya,18.22,30.6,65.75,25.0
2014-06-16,Maharashtra,Gadchiroli,Malaria,5.54,43.32,50.27,11.0
2014-06-16,Tamil Nadu,Coimbatore,Acute Diarrhoeal Disease,5.16,37.62,51.59,44.0
2014-06-18,Maharashtra,Beed,Dengue,5.01,43.63,49.64,21.0
2014-06-18,Maharashtra,Yavatmal,Acute Diarrhoeal Disease,4.91,44.18,49.36,29.0
2014-06-19,Karnataka,Udupi,Dengue,194.33,28.77,83.87,10.0
2014-06-19,Tamil Nadu,Namakkal,Acute Diarrhoeal Disease,2.59,38.68,48.61,64.0
2014-06-20,Karnataka,Tumkur,Chikungunya,11.9,30.42,60.36,20.0
2014-06-20,Odisha,Ganjam,Acute Diarrhoeal Disease,5.0,37.4,56.48,28.0
2014-06-20,Tamil Nadu,Kancheepuram,Acute Diarrhoeal Disease,3.72,37.8,50.05,30.0
2014-06-22,Maharashtra,Aurangabad,Acute Diarrhoeal Disease,7.33,38.65,53.48,78.0
2014-06-23,Karnataka,Mysore,Chikungunya,17.86,35.04,64.13,15.0
2014-06-23,Lakshadweep,Lakshadweep,Dengue,5.0,35.04,57.19,14.0
2014-06-23,Madhya Pradesh,Mandla,Malaria,58.75,33.72,80.38,15.0
2014-06-23,Odisha,Balasore,Acute Diarrhoeal Disease,176.6,35.67,81.8,17.0
2014-06-23,Uttarakhand,Pithoragarh,Acute Diarrhoeal Disease,176.85,21.34,86.1,45.0
2014-06-23,West Bengal,Balurghat,Acute Encephalitis Syndrome,105.5,20.62,86.19,17.0
2014-06-23,West Bengal,Burdwan,Acute Diarrhoeal Disease,202.17,36.73,81.48,38.0
2014-06-23,West Bengal,Dakshin Dinajpur,Acute Encephalitis Syndrome,101.01,32.83,82.49,16.0
2014-06-23,West Bengal,Dakshin Dinajpur,Acute Encephalitis Syndrome,101.01,32.83,82.49,28.0
2014-06-23,West Bengal,Dakshin Dinajpur,Acute Encephalitis Syndrome,101.01,32.83,82.49,28.0
2014-06-24,Chhattisgarh,Dhamtari,Acute Diarrhoeal Disease,106.92,36.59,81.41,87.0
2014-06-24,Gujarat,Bharuch,Acute Diarrhoeal Disease,9.26,34.17,56.73,101.0
2014-06-24,Tamil Nadu,Coimbatore,Acute Diarrhoeal Disease,9.18,35.92,56.13,17.0
2014-06-26,Gujarat,Vadodara,Acute Diarrhoeal Disease,1.78,36.07,48.55,50.0
2014-06-27,Andhra Pradesh,Anantapur,Acute Diarrhoeal Disease,0.69,34.76,47.79,12.0
2014-06-27,Madhya Pradesh,Betul,Dengue,1.1,33.91,48.48,6.0
2014-06-28,Chhattisgarh,Raigarh,Acute Diarrhoeal Disease,35.67,32.1,75.5,33.0
2014-06-28,Chhattisgarh,Raigarh,Acute Diarrhoeal Disease,52.01,33.14,79.6,23.0
2014-06-28,Himachal Pradesh,Mandi,Acute Diarrhoeal Disease,31.78,26.39,75.53,39.0
2014-06-28,Lakshadweep,Kavaratti Island,Dengue,5.0,35.04,57.19,19.0
2014-06-28,Lakshadweep,Kavaratti Island,Dengue,5.0,35.04,57.19,29.0
2014-06-28,Odisha,Ganjam,Acute Diarrhoeal Disease,5.0,35.04,57.19,15.0
2014-06-28,Telangana,Khammam,Dengue,33.37,38.09,72.74,456.0
2014-06-28,Telangana,Mahabubnagar,Acute Diarrhoeal Disease,13.06,38.82,58.91,21.0
2014-06-28,Uttar Pradesh,Bareilly,Acute Diarrhoeal Disease,10.28,33.49,57.91,11.0
2014-07-01,Chhattisgarh,Janjgir,Acute Diarrhoeal Disease,21.47,32.0,67.77,16.0
2014-07-01,Uttarakhand,Pithoragarh,Acute Diarrhoeal Disease,37.12,22.9,78.82,60.0
2014-07-02,Tamil Nadu,Theni,Acute Diarrhoeal Disease,6.73,41.16,52.12,10.0
2014-07-02,Tamil Nadu,Tiruchirappalli,Chikungunya,16.72,41.25,61.35,19.0
2014-07-02,Telangana,Khammam,Acute Diarrhoeal Disease,33.68,40.97,72.02,17.0
2014-07-02,West Bengal,Nadia,Acute Diarrhoeal Disease,113.75,27.97,84.03,69.0
2014-07-02,West Bengal,Nadia,Acute Diarrhoeal Disease,113.75,27.97,84.03,69.0
2014-07-03,Maharashtra,Aurangabad,Acute Diarrhoeal Disease,1.72,41.76,46.78,78.0
2014-07-03,Tamil Nadu,Virudhunagar,Chikungunya,8.27,44.99,52.51,15.0
2014-07-03,West Bengal,Bankura,Acute Diarrhoeal Disease,191.86,30.03,83.49,23.0
2014-07-03,West Bengal,Bankura,Acute Diarrhoeal Disease,191.86,30.03,83.49,23.0
2014-07-04,Assam,Dibrugarh,Acute Encephalitis Syndrome,77.36,10.0,88.83,43.0
2014-07-04,Karnataka,Tumkur,Dengue,7.42,30.17,56.11,33.0
2014-07-04,Madhya Pradesh,Khargone,Acute Diarrhoeal Disease,1.2,39.34,46.96,36.0
2014-07-05,Gujarat,Mahesana,Acute Diarrhoeal Disease,4.2,38.8,50.25,28.0
2014-07-05,Karnataka,Tumkur,Dengue,11.97,30.17,60.5,18.0
2014-07-05,Rajasthan,Bikaner,Acute Diarrhoeal Disease,0.17,34.91,47.2,17.0
2014-07-06,Karnataka,Chikkaballapur,Dengue,25.84,36.41,69.33,54.0
2014-07-06,West Bengal,Bankura,Acute Diarrhoeal Disease,288.95,30.03,83.49,30.0
2014-07-07,Arunachal Pradesh,Upper Siang,Acute Diarrhoeal Disease,213.97,14.28,88.22,68.0
2014-07-07,Jammu and Kashmir,Jammu and Kashmir,Acute Diarrhoeal Disease,97.8,23.83,85.16,427.0
2014-07-07,Madhya Pradesh,Neemuch,Acute Diarrhoeal Disease,0.17,36.27,46.8,50.0
2014-07-07,West Bengal,Nadia,Acute Diarrhoeal Disease,91.14,24.58,84.83,56.0
2014-07-08,Karnataka,Gadag,Dengue,86.84,39.33,80.32,39.0
2014-07-08,Maharashtra,Dhule,Acute Diarrhoeal Disease,2.14,36.97,48.66,14.0
2014-07-08,Maharashtra,Sangli,Chikungunya,23.46,37.05,67.62,26.0
2014-07-09,Karnataka,Koppal,Chikungunya,78.94,29.01,83.19,24.0
2014-07-09,Karnataka,Tumkur,Chikungunya,69.38,34.63,81.04,40.0
2014-07-10,Arunachal Pradesh,Papum Pare,Acute Encephalitis Syndrome,177.27,18.49,86.95,5.0
2014-07-10,Bihar,Munger,Acute Diarrhoeal Disease,58.64,30.03,81.48,39.0
2014-07-10,Gujarat,Ahmedabad,Acute Diarrhoeal Disease,0.52,35.61,47.36,37.0
2014-07-10,Maharashtra,Beed,Acute Diarrhoeal Disease,46.61,37.13,77.34,67.0
2014-07-10,Odisha,Khordha,Cholera,85.74,30.05,83.08,10.0
2014-07-10,West Bengal,Birbhum,Dengue,90.84,30.03,83.19,28.0
2014-07-11,Assam,Kamrup,Acute Diarrhoeal Disease,111.18,28.22,83.95,104.0
2014-07-11,Assam,Kamrup,Acute Diarrhoeal Disease,111.18,28.22,83.95,104.0
2014-07-11,Himachal Pradesh,Mandi,Acute Diarrhoeal Disease,24.3,24.99,71.79,16.0
2014-07-12,Chhattisgarh,Mahasamund,Cholera,23.33,29.0,69.95,46.0
2014-07-12,Karnataka,Mysore,Chikungunya,122.16,30.03,83.45,66.0
2014-07-12,Maharashtra,Ahmednagar,Dengue,36.51,40.41,73.33,10.0
2014-07-12,Odisha,Mayurbhanj,Acute Diarrhoeal Disease,118.34,27.06,84.33,22.0
2014-07-12,Uttarakhand,Uttarkashi,Acute Encephalitis Syndrome,32.12,28.62,75.02,3.0
2014-07-13,Maharashtra,Yavatmal,Acute Diarrhoeal Disease,62.03,30.03,81.84,13.0
2014-07-13,Odisha,Ganjam,Acute Diarrhoeal Disease,5.0,29.77,58.76,15.0
2014-07-13,Rajasthan,Bikaner,Acute Diarrhoeal Disease,0.07,47.84,43.22,27.0
2014-07-13,Rajasthan,Bikaner,Acute Diarrhoeal Disease,0.07,47.84,43.22,142.0
2014-07-13,Tamil Nadu,Coimbatore,Acute Diarrhoeal Disease,50.03,37.89,77.82,15.0
2014-07-13,Tamil Nadu,Thiruvannamalai,Dengue,4.38,39.36,50.26,12.0
2014-07-14,Assam,Udalguri,Acute Encephalitis Syndrome,66.94,22.19,84.6,14.0
2014-07-14,Bihar,Lakhisarai,Acute Diarrhoeal Disease,45.9,29.08,79.59,22.0
2014-07-14,Chhattisgarh,Dhamtari,Acute Diarrhoeal Disease,112.28,34.05,82.2,84.0
2014-07-14,Chhattisgarh,Dhamtari,Acute Diarrhoeal Disease,112.28,34.05,82.2,84.0
2014-07-14,Maharashtra,Osmanabad,Acute Diarrhoeal Disease,129.6,30.03,83.46,37.0
2014-07-14,Maharashtra,Sangli,Dengue,69.73,28.79,82.81,7.0
2014-07-15,Gujarat,Kheda,Acute Diarrhoeal Disease,7.19,42.79,52.09,31.0
2014-07-15,Karnataka,Ballari,Acute Diarrhoeal Disease,29.2,30.03,73.15,31.0
2014-07-15,Madhya Pradesh,Hoshangabad,Malaria,76.61,37.98,80.41,42.0
2014-07-16,Karnataka,Tumkur,Dengue,50.0,30.03,80.17,22.0
2014-07-16,Maharashtra,Sangli,Malaria,55.61,28.79,81.46,29.0
2014-07-16,Tamil Nadu,Villupuram,Dengue,6.61,31.76,54.82,13.0
2014-07-17,Chhattisgarh,Janjgir,Acute Diarrhoeal Disease,128.74,27.52,84.21,55.0
2014-07-17,Maharashtra,Beed,Dengue,44.64,30.03,78.99,34.0
2014-07-17,Maharashtra,Beed,Dengue,44.64,30.03,78.99,34.0
2014-07-17,Odisha,Puri,Acute Diarrhoeal Disease,105.09,27.75,84.05,12.0
2014-07-17,West Bengal,Birbhum,Acute Diarrhoeal Disease,64.93,31.89,81.54,115.0
2014-07-18,Madhya Pradesh,Khargone,Acute Diarrhoeal Disease,160.32,30.03,83.49,47.0
2014-07-18,Odisha,Ganjam,Acute Diarrhoeal Disease,5.0,30.03,58.69,20.0
2014-07-18,West Bengal,North 24 Parganas,Acute Diarrhoeal Disease,71.4,29.31,82.76,135.0
2014-07-18,West Bengal,North 24 Parganas,Cholera,71.4,29.31,82.76,290.0
2014-07-18,West Bengal,North 24 Parganas,Cholera,71.4,29.31,82.76,445.0
2014-07-18,West Bengal,North 24 Parganas,Cholera,71.4,29.31,82.76,477.0
2014-07-19,Gujarat,Dahod,Acute Encephalitis Syndrome,122.51,30.03,83.45,9.0
2014-07-19,Karnataka,Udupi,Acute Diarrhoeal Disease,300.0,25.95,84.71,15.0
2014-07-20,Punjab,Hoshiarpur,Cholera,51.01,32.7,79.56,86.0
2014-07-21,Arunachal Pradesh,Upper Siang,Malaria,288.37,10.0,89.5,41.0
2014-07-21,Karnataka,Ballari,Dengue,9.44,32.52,57.4,31.0
2014-07-21,Maharashtra,Osmanabad,Acute Diarrhoeal Disease,48.79,35.33,78.34,37.0
2014-07-21,Odisha,Sambalpur,Acute Diarrhoeal Disease,198.92,30.03,83.49,11.0
2014-07-21,Uttar Pradesh,Mirzapur,Acute Diarrhoeal Disease,53.96,30.92,80.58,12.0
2014-07-21,West Bengal,Malda,Malaria,63.59,26.49,83.04,22.0
2014-07-22,Odisha,Deogarh,Acute Diarrhoeal Disease,178.73,30.03,83.49,17.0
2014-07-22,Punjab,Ludhiana,Cholera,22.57,31.42,68.71,63.0
2014-07-22,Tamil Nadu,Salem,Acute Diarrhoeal Disease,7.29,29.56,56.16,20.0
2014-07-22,West Bengal,South 24 Parganas,Acute Diarrhoeal Disease,70.41,30.03,82.48,107.0
2014-07-22,West Bengal,South 24 Parganas,Acute Diarrhoeal Disease,70.41,30.03,82.48,113.0
2014-07-23,Chhattisgarh,Mahasamund,Acute Diarrhoeal Disease,291.49,30.03,83.49,75.0
2014-07-23,Tamil Nadu,Thiruvallur,Acute Diarrhoeal Disease,2.43,35.67,49.34,13.0
2014-07-24,Chhattisgarh,Janjgir,Acute Diarrhoeal Disease,141.78,30.03,83.48,13.0
2014-07-24,Gujarat,Mahesana,Acute Diarrhoeal Disease,116.69,30.03,83.43,44.0
2014-07-24,Madhya Pradesh,Mandla,Malaria,145.97,30.03,83.48,21.0
2014-07-24,Madhya Pradesh,Vidisha,Acute Diarrhoeal Disease,141.11,30.03,83.48,45.0
2014-07-24,West Bengal,West Medinipur,Acute Diarrhoeal Disease,42.36,30.03,78.38,81.0
2014-07-24,West Bengal,West Medinipur,Acute Diarrhoeal Disease,42.36,30.03,78.38,88.0
2014-07-25,Chhattisgarh,Raigarh,Acute Diarrhoeal Disease,123.19,30.03,83.45,24.0
2014-07-25,Odisha,Jharsuguda,Acute Diarrhoeal Disease,171.23,30.03,83.49,20.0
2014-07-25,Odisha,Jharsuguda,Acute Diarrhoeal Disease,171.23,30.03,83.49,20.0
2014-07-26,Andhra Pradesh,Chittoor,Acute Diarrhoeal Disease,3.71,31.83,51.83,14.0
2014-07-26,Maharashtra,Yavatmal,Acute Diarrhoeal Disease,205.85,29.79,83.56,36.0
2014-07-27,Bihar,Katihar,Acute Diarrhoeal Disease,60.0,29.54,81.78,22.0
2014-07-27,Punjab,Patiala,Cholera,15.39,31.14,63.26,28.0
2014-07-27,West Bengal,North 24 Parganas,Acute Diarrhoeal Disease,57.21,27.51,82.06,82.0
2014-07-27,West Bengal,South 24 Parganas,Acute Diarrhoeal Disease,56.43,30.03,81.2,28.0
2014-07-28,Andhra Pradesh,East Godavari,Acute Diarrhoeal Disease,174.15,27.4,84.28,110.0
2014-07-28,Bihar,Banka,Acute Diarrhoeal Disease,64.3,30.89,81.79,101.0
2014-07-28,Bihar,Nalanda,Acute Diarrhoeal Disease,19.43,30.03,66.86,15.0
2014-07-28,Chhattisgarh,Janjgir,Acute Diarrhoeal Disease,53.45,27.71,81.46,25.0
2014-07-28,Chhattisgarh,Raigarh,Acute Diarrhoeal Disease,63.48,28.25,82.51,14.0
2014-07-28,Gujarat,Surat,Acute Diarrhoeal Disease,152.46,28.41,83.97,26.0
2014-07-28,Jammu and Kashmir,Baramulla,Acute Diarrhoeal Disease,22.48,20.0,72.07,120.0
2014-07-28,Jammu and Kashmir,Budgam,Acute Diarrhoeal Disease,88.47,17.8,86.82,155.0
2014-07-28,Jammu and Kashmir,Kulgam,Acute Diarrhoeal Disease,77.49,24.33,84.54,83.0
2014-07-28,Karnataka,Tumkur,Dengue,18.19,32.37,65.19,18.0
2014-07-28,Madhya Pradesh,Khargone,Acute Diarrhoeal Disease,70.67,30.03,82.5,31.0
2014-07-28,Madhya Pradesh,Sehore,Chikungunya,75.42,10.81,88.51,41.0
2014-07-28,Tamil Nadu,Madurai,Acute Diarrhoeal Disease,4.26,43.24,48.98,20.0
2014-07-28,Telangana,Mahbubnagar,Acute Diarrhoeal Disease,59.3,30.03,81.55,51.0
2014-07-28,West Bengal,North 24 Parganas,Acute Diarrhoeal Disease,63.21,27.51,82.7,142.0
2014-07-28,West Bengal,North 24 Parganas,Acute Diarrhoeal Disease,65.64,30.03,82.15,109.0
2014-07-28,West Bengal,South 24 Parganas,Acute Diarrhoeal Disease,83.19,13.93,87.85,70.0
2014-07-28,West Bengal,South 24 Parganas,Acute Diarrhoeal Disease,71.95,13.93,87.4,70.0
2014-07-28,West Bengal,West Medinipur,Acute Diarrhoeal Disease,47.23,30.03,79.61,24.0
2014-08-01,Chhattisgarh,Mahasamund,Acute Diarrhoeal Disease,132.04,28.11,84.04,13.0
2014-08-01,Madhya Pradesh,Burhanpur,Acute Diarrhoeal Disease,57.17,28.11,81.87,14.0
2014-08-03,Jammu and Kashmir,Budgam,Acute Diarrhoeal Disease,70.61,18.49,85.96,160.0
2014-08-03,West Bengal,Hooghly,Cholera,54.69,26.66,81.97,56.0
2014-08-03,West Bengal,Hooghly,Acute Diarrhoeal Disease,54.69,26.66,81.97,60.0
2014-08-05,Karnataka,Chitradurga,Acute Diarrhoeal Disease,27.05,28.39,72.45,14.0
2014-08-07,Maharashtra,Amravati,Dengue,64.78,28.11,82.66,25.0
2014-08-07,Maharashtra,Beed,Dengue And Chikungunya,41.26,35.69,76.36,15.0
2014-08-07,Maharashtra,Osmanabad,Dengue,42.69,33.09,77.56,10.0
2014-08-07,Tamil Nadu,Kancheepuram,Chikungunya,7.12,28.11,56.43,27.0
2014-08-07,West Bengal,Burdwan,Acute Diarrhoeal Disease,57.6,31.05,81.04,51.0
2014-08-08,Bihar,Purnia,Acute Diarrhoeal Disease,103.85,23.75,85.24,20.0
2014-08-08,Gujarat,Navsari,Acute Diarrhoeal Disease,51.52,24.47,82.12,47.0
2014-08-08,Karnataka,Tumkur,Dengue,14.73,31.37,62.62,18.0
2014-08-08,Maharashtra,Nashik,Dengue,101.29,23.27,85.36,10.0
2014-08-09,Gujarat,Bhavnagar,Malaria,22.82,28.11,69.87,32.0
2014-08-09,Maharashtra,Jalgaon,Dengue,28.44,25.43,74.12,55.0
2014-08-09,Odisha,Kendrapara,Cholera,134.74,29.95,83.49,13.0
2014-08-09,Tamil Nadu,Krishnagiri,Acute Diarrhoeal Disease,8.58,28.11,57.88,11.0
2014-08-09,Tamil Nadu,Pudukottai,Malaria,24.44,34.91,68.9,46.0
2014-08-09,Tamil Nadu,Thiruvannamalai,Chikungunya,15.17,44.39,59.1,10.0
2014-08-10,Chhattisgarh,Janjgir,Acute Diarrhoeal Disease,158.91,27.23,84.33,20.0
2014-08-10,Jammu and Kashmir,Anantnag,Acute Diarrhoeal Disease,67.47,22.96,84.41,86.0
2014-08-10,Jammu and Kashmir,Kupwara,Acute Diarrhoeal Disease,27.76,19.57,75.5,1496.0
2014-08-11,Gujarat,Amreli,Acute Diarrhoeal Disease,34.84,27.52,76.54,15.0
2014-08-11,Maharashtra,Nagpur,Dengue,45.84,34.92,77.82,36.0
2014-08-11,West Bengal,North 24 Parganas,Dengue,77.59,27.53,83.58,884.0
2014-08-12,Gujarat,Sabarkantha,Cholera,165.68,27.57,84.23,23.0
2014-08-12,Maharashtra,Satara,Dengue,15.62,32.56,63.03,29.0
2014-08-13,Madhya Pradesh,Panna,Acute Diarrhoeal Disease,75.64,28.11,83.33,24.0
2014-08-13,Tamil Nadu,Salem,Acute Diarrhoeal Disease,72.24,35.77,80.86,150.0
2014-08-13,West Bengal,Burdwan,Acute Diarrhoeal Disease,91.8,30.99,82.92,42.0
2014-08-13,West Bengal,Burdwan,Acute Diarrhoeal Disease,91.8,30.99,82.92,60.0
2014-08-14,Bihar,Nawada,Acute Diarrhoeal Disease,62.02,28.35,82.34,30.0
2014-08-14,Kerala,Ernakulam,Chikungunya,142.12,28.11,84.05,32.0
2014-08-14,Madhya Pradesh,Sehore,Acute Diarrhoeal Disease,94.53,28.11,83.83,20.0
2014-08-14,West Bengal,North 24 Parganas,Dengue,84.44,28.64,83.47,48.0
2014-08-14,West Bengal,North 24 Parganas,Dengue,84.44,28.64,83.47,647.0
2014-08-15,Maharashtra,Bhandara,Dengue,22.22,31.42,68.47,77.0
2014-08-15,Maharashtra,Nashik,Malaria,47.87,27.45,80.52,65.0
2014-08-16,Jammu and Kashmir,Anantnag,Acute Diarrhoeal Disease,72.69,24.05,84.4,79.0
2014-08-16,Maharashtra,Beed,Dengue,12.2,36.0,58.97,32.0
2014-08-16,Maharashtra,Chandrapur,Dengue,7.24,28.72,56.37,203.0
2014-08-16,Punjab,Ludhiana,Cholera,32.55,28.29,75.32,10.0
2014-08-17,Himachal Pradesh,Mandi,Acute Diarrhoeal Disease,118.24,22.55,85.68,163.0
2014-08-17,Jharkhand,Ranchi,Acute Diarrhoeal Disease,75.22,27.89,83.37,24.0
2014-08-17,Madhya Pradesh,Rewa,Acute Diarrhoeal Disease,47.3,30.61,79.44,21.0
2014-08-17,Odisha,Ganjam,Acute Diarrhoeal Disease,5.0,30.44,58.56,19.0
2014-08-17,West Bengal,Malda,Malaria,135.08,27.57,84.21,92.0
2014-08-17,West Bengal,Malda,Malaria,135.08,27.57,84.21,151.0
2014-08-18,Chhattisgarh,Raigarh,Acute Diarrhoeal Disease,103.21,28.13,83.92,40.0
2014-08-18,Gujarat,Valsad,Acute Diarrhoeal Disease,66.26,26.14,83.37,63.0
2014-08-18,Karnataka,Raichur,Dengue,8.82,38.89,54.88,104.0
2014-08-18,West Bengal,Hooghly,Acute Diarrhoeal Disease,132.82,28.11,84.04,60.0
2014-08-18,West Bengal,Purulia,Cholera,120.13,28.11,84.02,67.0
2014-08-19,Andhra Pradesh,Visakhapatnam,Chikungunya,23.59,32.1,69.19,23.0
2014-08-19,Bihar,Banka,Acute Diarrhoeal Disease,81.1,28.11,83.53,38.0
2014-08-19,Bihar,Khagaria,Acute Diarrhoeal Disease,99.55,27.47,84.08,10.0
2014-08-19,West Bengal,Burdwan,Acute Diarrhoeal Disease,114.62,30.53,83.27,37.0
2014-08-20,Bihar,Madhubani,Acute Diarrhoeal Disease,113.86,16.44,87.49,22.0
2014-08-20,Karnataka,Kolar,Dengue And Chikungunya,44.1,36.67,76.86,48.0
2014-08-20,Maharashtra,Beed,Dengue And Chikungunya,9.95,37.93,56.27,16.0
2014-08-21,Bihar,Saharsa,Acute Diarrhoeal Disease,81.87,16.44,87.06,51.0
2014-08-21,Chhattisgarh,Raigarh,Acute Diarrhoeal Disease,31.77,28.37,74.93,24.0
2014-08-21,Jharkhand,Sahebganj,Acute Diarrhoeal Disease,84.94,24.85,84.62,14.0
2014-08-21,Madhya Pradesh,Sehore,Malaria,12.95,28.05,62.03,35.0
2014-08-21,Maharashtra,Nandurbar,Acute Diarrhoeal Disease,15.31,31.83,62.99,43.0
2014-08-21,West Bengal,Hooghly,Acute Diarrhoeal Disease,119.01,27.14,84.3,21.0
2014-08-22,Chhattisgarh,Janjgir,Malaria,18.94,27.6,67.21,196.0
2014-08-22,Karnataka,Chitradurga,Cholera,64.75,30.58,81.92,38.0
2014-08-22,Maharashtra,Ahmednagar,Malaria,20.78,31.2,67.52,14.0
2014-08-22,Odisha,Ganjam,Acute Diarrhoeal Disease,5.0,29.34,58.89,20.0
2014-08-22,West Bengal,Hooghly,Cholera,89.79,27.14,84.04,58.0
2014-08-23,Chhattisgarh,Raigarh,Acute Diarrhoeal Disease,34.71,29.28,75.96,22.0
2014-08-23,Madhya Pradesh,Burhanpur,Acute Diarrhoeal Disease,52.67,35.55,78.99,20.0
2014-08-23,Maharashtra,Sangli,Acute Diarrhoeal Disease,57.78,30.17,81.33,50.0
2014-08-24,Jharkhand,Lohardaga,Acute Diarrhoeal Disease,31.29,26.85,75.16,39.0
2014-08-25,Assam,Dima Hasao,Malaria,52.7,26.55,81.69,64.0
2014-08-25,Maharashtra,Nanded,Dengue,21.82,34.74,67.19,124.0
2014-08-25,Puducherry,Puducherry,Dengue,18.76,29.68,66.45,23.0
2014-08-26,Jharkhand,Dumka,Acute Diarrhoeal Disease,50.22,29.61,80.34,42.0
2014-08-26,Maharashtra,Dhule,Acute Diarrhoeal Disease,84.53,34.61,81.68,11.0
2014-08-27,Maharashtra,Pune,Acute Diarrhoeal Disease,106.21,29.93,83.4,36.0
2014-08-27,Tamil Nadu,Tuticorin,Dengue,22.83,41.56,65.84,12.0
2014-08-28,Haryana,Panchkula,Cholera,3.64,30.61,52.12,761.0
2014-08-28,Haryana,Panchkula,Cholera,3.64,30.61,52.12,791.0
2014-08-28,Jharkhand,Dumka,Acute Diarrhoeal Disease,48.41,27.76,80.54,43.0
2014-08-28,Jharkhand,Latehar,Malaria,29.9,27.32,74.32,148.0
2014-08-28,Maharashtra,Wardha,Dengue,67.56,29.27,82.52,18.0
2014-08-28,Odisha,Cuttack,Cholera,68.37,30.41,82.24,14.0
2014-08-28,Tamil Nadu,Kancheepuram,Dengue,15.74,28.11,64.46,42.0
2014-08-28,Uttar Pradesh,Lakhimpur kheri,Acute Encephalitis Syndrome,8.11,28.7,57.24,3.0
2014-08-28,West Bengal,Birbhum,Acute Diarrhoeal Disease,72.85,29.01,82.92,32.0
2014-08-28,West Bengal,Hooghly,Dengue,62.31,29.93,81.89,59.0
2014-08-28,West Bengal,Hooghly,Dengue,62.31,29.93,81.89,164.0
2014-09-01,Bihar,Madhubani,Acute Diarrhoeal Disease,62.59,20.07,84.88,17.0
2014-09-01,Gujarat,Valsad,Acute Diarrhoeal Disease,300.0,28.35,84.0,13.0
2014-09-01,Karnataka,Tumkur,Dengue,55.07,28.35,81.52,51.0
2014-09-01,Madhya Pradesh,Bhopal,Acute Diarrhoeal Disease,58.1,30.85,81.17,72.0
2014-09-01,Madhya Pradesh,Shivpuri,Dengue And Malaria,18.13,33.55,64.79,212.0
2014-09-01,Maharashtra,Akola,Dengue,144.99,28.35,83.98,101.0
2014-09-01,Maharashtra,Nashik,Dengue,300.0,28.35,84.0,26.0
2014-09-02,Gujarat,Narmada,Acute Diarrhoeal Disease,108.47,28.93,83.72,17.0
2014-09-02,Maharashtra,Satara,Dengue,100.37,28.35,83.83,11.0
2014-09-02,West Bengal,Burdwan,Acute Diarrhoeal Disease,64.16,24.05,83.83,20.0
2014-09-03,Madhya Pradesh,Burhanpur,Acute Diarrhoeal Disease,135.7,27.13,84.34,20.0
2014-09-03,Maharashtra,Wardha,Dengue,137.62,28.53,83.92,51.0
2014-09-03,Uttar Pradesh,Chandauli,Acute Diarrhoeal Disease,27.22,29.69,72.15,17.0
2014-09-04,Assam,Lakhimpur,Cholera,27.33,29.79,72.19,59.0
2014-09-04,Assam,Lakhimpur,Cholera,27.33,29.79,72.19,110.0
2014-09-04,Assam,Lakhimpur,Cholera,27.33,29.79,72.19,132.0
2014-09-04,Karnataka,Kolar,Dengue,18.95,28.35,66.99,22.0
2014-09-04,Madhya Pradesh,Sehore,Chikungunya,132.05,27.85,84.12,48.0
2014-09-04,Maharashtra,Gadchiroli,Malaria,112.95,28.09,83.99,17.0
2014-09-05,Bihar,Banka,Acute Diarrhoeal Disease,35.8,27.18,77.03,29.0
2014-09-05,Gujarat,Bharuch,Acute Diarrhoeal Disease,144.84,25.11,84.96,26.0
2014-09-05,Haryana,Kaithal,Acute Diarrhoeal Disease,73.75,27.68,83.37,14.0
2014-09-05,Haryana,Kaithal,Acute Diarrhoeal Disease,73.75,27.68,83.37,14.0
2014-09-06,Sikkim,North Sikkim,Acute Diarrhoeal Disease,46.46,15.83,83.69,24.0
2014-09-06,Sikkim,North Sikkim,Acute Diarrhoeal Disease,46.46,15.83,83.69,24.0
2014-09-06,Tamil Nadu,Tiruvannamalai,Dengue,34.91,37.9,73.45,13.0
2014-09-06,Tamil Nadu,Vellore,Dengue,29.27,35.87,71.43,21.0
2014-09-07,West Bengal,Purulia,Acute Diarrhoeal Disease,40.35,26.92,78.71,37.0
2014-09-07,West Bengal,Purulia,Cholera,40.35,26.92,78.71,71.0
2014-09-08,Bihar,Araria,Cholera,43.77,27.61,79.49,20.0
2014-09-08,Gujarat,Bharuch,Acute Diarrhoeal Disease,68.16,26.08,83.52,24.0
2014-09-08,Karnataka,Koppal,Acute Diarrhoeal Disease,22.92,31.21,69.01,18.0
2014-09-08,Tamil Nadu,Villupuram,Dengue And Chikungunya,17.58,34.59,64.04,26.0
2014-09-08,Uttar Pradesh,Firozabad,Acute Diarrhoeal Disease,66.9,24.44,83.93,17.0
2014-09-09,Chhattisgarh,Rajnandgaon,Acute Diarrhoeal Disease,104.8,25.87,84.61,45.0
2014-09-09,Gujarat,Valsad,Acute Diarrhoeal Disease,136.16,24.74,85.06,15.0
2014-09-09,Madhya Pradesh,Burhanpur,Malaria,147.49,28.28,84.01,13.0
2014-09-09,Maharashtra,Nashik,Acute Diarrhoeal Disease,106.43,24.1,85.15,158.0
2014-09-10,Karnataka,Bidar,Acute Diarrhoeal Disease,64.19,28.46,82.5,19.0
2014-09-10,Maharashtra,Jalna,Dengue,151.05,28.72,83.88,15.0
2014-09-10,Uttar Pradesh,Siddharth Nagar,Acute Diarrhoeal Disease,27.02,27.83,72.6,16.0
2014-09-11,Chhattisgarh,Raipur,Dengue,78.33,28.35,83.36,12.0
2014-09-11,Tamil Nadu,Cuddalore,Cholera,6.39,34.31,53.84,16.0
2014-09-11,Tamil Nadu,Krishnagiri,Dengue,1.78,35.41,48.74,10.0
2014-09-12,Bihar,Darbhanga,Acute Diarrhoeal Disease,69.04,27.71,83.09,81.0
2014-09-12,Karnataka,Dharwad,Chikungunya,26.82,31.06,71.51,13.0
2014-09-12,Tamil Nadu,Pudukottai,Chikungunya,2.3,39.8,47.97,17.0
2014-09-12,Tamil Nadu,Pudukottai,Dengue,2.3,39.8,47.97,21.0
2014-09-13,Madhya Pradesh,Sehore,Chikungunya,63.7,28.35,82.5,58.0
2014-09-14,Karnataka,Bangalore urban,Dengue,2.22,31.89,50.26,20.0
2014-09-14,Maharashtra,Washim,Dengue,70.59,23.63,84.41,28.0
2014-09-15,Chhattisgarh,Raipur,Acute Diarrhoeal Disease,33.94,24.62,77.03,57.0
2014-09-15,Karnataka,Ballari,Chikungunya,4.3,29.59,53.11,83.0
2014-09-15,Madhya Pradesh,Satna,Acute Diarrhoeal Disease,31.68,27.49,75.15,23.0
2014-09-15,Uttar Pradesh,Firozabad,Acute Diarrhoeal Disease,38.22,27.82,77.74,13.0
2014-09-16,Tamil Nadu,Madurai,Dengue,5.32,41.36,50.63,38.0
2014-09-16,Tamil Nadu,Pudukkottai,Chikungunya,5.22,39.16,51.19,18.0
2014-09-17,Bihar,Gaya,Malaria,80.46,28.85,83.29,110.0
2014-09-17,Maharashtra,Gadchiroli,Malaria,56.4,28.95,81.52,12.0
2014-09-18,Delhi,Central Delhi,Acute Diarrhoeal Disease,4.86,30.5,53.41,21.0
2014-09-18,Karnataka,Ballari,Chikungunya,7.07,28.78,56.18,28.0
2014-09-18,Maharashtra,Amravati,Acute Diarrhoeal Disease,24.62,27.99,71.1,112.0
2014-09-18,West Bengal,South Parganas,Acute Diarrhoeal Disease,19.12,28.39,67.11,115.0
2014-09-18,West Bengal,South Parganas,Acute Diarrhoeal Disease,19.12,28.39,67.11,115.0
2014-09-19,Chhattisgarh,Raipur,Dengue,45.7,27.19,80.11,17.0
2014-09-19,Tamil Nadu,Thiruvannamalai,Chikungunya,9.25,42.38,54.25,11.0
2014-09-20,Chhattisgarh,Raipur,Acute Diarrhoeal Disease,40.86,27.59,78.67,24.0
2014-09-20,Maharashtra,Nagpur,Dengue,5.9,29.92,54.66,30.0
2014-09-20,Telangana,Medak,Acute Diarrhoeal Disease,29.64,31.07,73.06,14.0
2014-09-21,Bihar,Katihar,Acute Diarrhoeal Disease,65.17,28.19,82.67,19.0
2014-09-21,Madhya Pradesh,Khandwa,Malaria,8.59,28.7,57.72,7.0
2014-09-21,Maharashtra,Nagpur,Chikungunya,4.05,29.92,52.75,15.0
2014-09-21,Telangana,Nalgonda,Malaria,71.03,28.54,82.97,31.0
2014-09-22,Gujarat,Vadodara,Acute Diarrhoeal Disease,10.68,28.68,59.75,33.0
2014-09-22,West Bengal,North 24 Parganas,Dengue,78.82,28.74,83.27,225.0
2014-09-23,Punjab,Sangrur,Cholera,1.13,29.15,49.94,94.0
2014-09-24,Tamil Nadu,Virudhunagar,Chikungunya,7.24,41.89,52.42,18.0
2014-09-24,West Bengal,Medinipur West,Cholera,75.41,28.57,83.18,148.0
2014-09-25,Bihar,Araria,Acute Encephalitis Syndrome,143.78,26.14,84.65,8.0
2014-09-25,Karnataka,Kolar,Chikungunya,30.73,34.61,72.56,36.0
2014-09-25,Madhya Pradesh,Morena,Malaria,0.01,33.1,47.58,25.0
2014-09-25,Maharashtra,Beed,Dengue And Chikungunya,2.99,34.18,50.38,52.0
2014-09-25,West Bengal,Howrah,Acute Diarrhoeal Disease,74.24,26.17,83.84,17.0
2014-09-26,Maharashtra,Amravati,Dengue,2.35,29.71,51.06,156.0
2014-09-26,Tamil Nadu,Thanjavur,Chikungunya,20.07,33.96,66.16,28.0
2014-09-26,West Bengal,Hooghly,Acute Diarrhoeal Disease,98.04,27.15,84.16,224.0
2014-09-26,West Bengal,Hooghly,Acute Diarrhoeal Disease,98.04,27.15,84.16,362.0
2014-09-26,West Bengal,Hooghly,Cholera,98.04,27.15,84.16,372.0
2014-09-27,Madhya Pradesh,Morena,Malaria,0.01,34.52,47.15,18.0
2014-09-27,Odisha,Rayagada,Acute Diarrhoeal Disease,17.39,28.56,65.7,129.0
2014-09-28,Gujarat,Kheda,Acute Diarrhoeal Disease,2.37,31.87,50.42,13.0
2014-09-28,Karnataka,Dharwad,Chikungunya,51.5,33.0,79.55,23.0
2014-09-28,Maharashtra,Jalgaon,Dengue,0.4,31.9,48.36,25.0
2014-09-28,West Bengal,Birbhum,Dengue,19.48,27.86,67.55,152.0
2014-09-28,West Bengal,Dakshin Dinajpur,Cholera,17.35,25.21,66.67,23.0
2014-10-01,Gujarat,Vadodara,Cholera,5.15,32.28,53.18,35.0
2014-10-02,Tamil Nadu,Ramanathapuram,Acute Diarrhoeal Disease,5.0,33.52,57.64,11.0
2014-10-03,Chhattisgarh,Raipur,Acute Diarrhoeal Disease,0.02,29.91,48.55,41.0
2014-10-03,Maharashtra,Nagpur,Dengue,0.08,33.5,47.53,49.0
2014-10-04,Bihar,Katihar,Acute Diarrhoeal Disease,9.87,28.05,59.15,15.0
2014-10-04,Bihar,Saharsa,Acute Diarrhoeal Disease,21.17,28.08,68.73,80.0
2014-10-04,Madhya Pradesh,Morena,Malaria,0.44,36.8,46.92,52.0
2014-10-04,Tamil Nadu,Kancheepuram,Dengue,16.84,30.39,64.7,31.0
2014-10-05,Bihar,Araria,Acute Encephalitis Syndrome,13.84,28.11,62.82,6.0
2014-10-05,Madhya Pradesh,Morena,Malaria,0.44,37.3,46.77,20.0
2014-10-05,Madhya Pradesh,Sehore,Chikungunya,2.58,35.18,49.65,140.0
2014-10-06,Maharashtra,Jalna,Dengue,0.91,37.33,47.25,20.0
2014-10-06,Odisha,Balangir,Cholera,4.29,30.57,52.81,40.0
2014-10-07,Kerala,Wayanad,Acute Diarrhoeal Disease,65.81,26.6,83.2,28.0
2014-10-07,West Bengal,Birbhum,Dengue,7.1,27.64,56.55,82.0
2014-10-08,Bihar,Araria,Acute Diarrhoeal Disease,6.1,29.87,54.87,17.0
2014-10-08,Maharashtra,Ahmednagar,Dengue,1.18,38.62,47.15,11.0
2014-10-08,Uttar Pradesh,Siddharth Nagar,Acute Diarrhoeal Disease,1.99,28.38,51.07,17.0
2014-10-09,Assam,Goalpara,Acute Diarrhoeal Disease,3.95,28.9,52.95,12.0
2014-10-09,Maharashtra,Amravati,Acute Diarrhoeal Disease,3.12,33.25,50.79,30.0
2014-10-09,Maharashtra,Nashik,Dengue,10.19,31.45,58.45,10.0
2014-10-10,Odisha,Ganjam,Acute Diarrhoeal Disease,5.0,27.33,59.5,15.0
2014-10-10,Tamil Nadu,Kancheepuram,Dengue And Chikungunya,73.7,31.54,82.21,16.0
2014-10-10,Uttar Pradesh,Shravasti,Acute Diarrhoeal Disease,1.54,29.49,50.26,17.0
2014-10-11,Madhya Pradesh,Satna,Acute Diarrhoeal Disease,3.68,32.21,51.69,11.0
2014-10-11,Tamil Nadu,Madurai,Chikungunya,45.87,36.59,77.33,22.0
2014-10-13,Jammu and Kashmir,Leh (ladakh),Acute Diarrhoeal Disease,8.02,16.13,60.92,17.0
2014-10-13,Karnataka,Kolar,Dengue,64.38,30.43,81.93,20.0
2014-10-14,Bihar,Patna,Dengue,30.68,27.71,74.6,11.0
2014-10-14,Maharashtra,Jalgaon,Acute Diarrhoeal Disease,1.55,33.22,49.16,35.0
2014-10-15,Karnataka,Chikkaballapur,Chikungunya,36.34,30.97,76.1,69.0
2014-10-15,Madhya Pradesh,Rewa,Acute Diarrhoeal Disease,58.81,32.74,80.68,12.0
2014-10-16,Karnataka,Haveri,Acute Diarrhoeal Disease,28.48,25.56,74.1,13.0
2014-10-17,Jharkhand,West Singhbhum,Acute Diarrhoeal Disease,61.41,26.47,82.84,20.0
2014-10-18,Gujarat,Sabarkantha,Acute Diarrhoeal Disease,0.01,32.68,47.7,263.0
2014-10-18,Karnataka,Raichur,Acute Diarrhoeal Disease,0.43,31.4,48.53,22.0
2014-10-20,Assam,Kokrajhar,Acute Diarrhoeal Disease,14.89,23.98,64.98,32.0
2014-10-20,Maharashtra,Nagpur,Dengue,5.67,30.88,54.14,16.0
2014-10-24,Maharashtra,Amravati,Acute Diarrhoeal Disease,3.26,35.7,50.2,71.0
2014-10-24,Maharashtra,Satara,Dengue,7.13,33.99,54.68,22.0
2014-10-25,Madhya Pradesh,Morena,Malaria,0.02,36.01,46.72,138.0
2014-10-26,Madhya Pradesh,Hoshangabad,Acute Diarrhoeal Disease,1.59,32.49,49.42,19.0
2014-10-27,Karnataka,Haveri,Acute Diarrhoeal Disease,70.17,29.15,82.73,10.0
2014-10-27,Madhya Pradesh,Burhanpur,Dengue,3.98,34.58,51.29,25.0
2014-10-27,Tamil Nadu,Cuddalore,Acute Diarrhoeal Disease,85.88,27.18,83.95,83.0
2014-10-28,Bihar,East Champaran,Cholera,4.13,27.72,53.49,21.0
2014-10-28,Jharkhand,Deoghar,Acute Diarrhoeal Disease,3.16,29.73,51.89,28.0
2014-10-28,Karnataka,Raichur,Dengue,45.59,31.99,78.64,42.0
2014-10-28,Madhya Pradesh,Mandla,Malaria,3.07,29.52,51.86,207.0
2014-10-28,Maharashtra,Dhule,Malaria,0.17,34.18,47.43,12.0
2014-10-28,Maharashtra,Thane,Acute Diarrhoeal Disease,5.83,31.69,54.06,194.0
2014-10-28,Maharashtra,Thane,Acute Diarrhoeal Disease,5.83,31.69,54.06,194.0
2014-10-28,Punjab,Moga,Cholera,4.48,28.66,53.58,13.0
2014-10-28,Tamil Nadu,Thanjavur,Chikungunya,42.48,29.26,78.65,86.0
2014-10-28,West Bengal,Malda,Dengue,5.47,28.33,54.7,32.0
2014-10-28,West Bengal,Malda,Dengue,5.47,28.33,54.7,76.0
2014-10-28,West Bengal,Malda,Dengue,5.47,28.33,54.7,85.0
2014-10-28,West Bengal,Murshidabad,Dengue,5.18,28.67,54.29,77.0
2014-11-01,Haryana,Ambala,Acute Diarrhoeal Disease,1.12,27.09,50.55,24.0
2014-11-01,Haryana,Ambala,Acute Diarrhoeal Disease,1.12,27.09,50.55,28.0
2014-11-01,Maharashtra,Satara,Dengue,10.73,33.42,58.37,8.0
2014-11-02,Assam,Jorhat,Acute Diarrhoeal Disease,1.73,27.03,51.2,22.0
2014-11-02,Maharashtra,Gadchiroli,Malaria,1.71,27.33,51.09,70.0
2014-11-03,Maharashtra,Dhule,Chikungunya,0.0,36.66,46.51,44.0
2014-11-04,Assam,Baksa,Malaria,0.12,25.54,49.96,41.0
2014-11-04,Bihar,Araria,Acute Encephalitis Syndrome,3.35,29.1,52.28,5.0
2014-11-04,West Bengal,Burdwan,Acute Diarrhoeal Disease,0.54,28.69,49.46,37.0
2014-11-05,Gujarat,Surat,Acute Diarrhoeal Disease,0.01,33.24,47.53,37.0
2014-11-05,Kerala,Palakkad,Cholera,86.08,25.3,84.51,2.0
2014-11-05,Madhya Pradesh,Betul,Malaria,0.01,31.33,48.11,39.0
2014-11-05,Maharashtra,Nashik,Dengue,0.01,33.31,47.51,27.0
2014-11-06,Madhya Pradesh,Mandla,Malaria,0.08,28.88,48.92,7.0
2014-11-06,Maharashtra,Gadchiroli,Malaria,0.01,28.05,49.09,42.0
2014-11-08,Haryana,Sirsa,Acute Diarrhoeal Disease,1.08,30.42,49.51,31.0
2014-11-08,Maharashtra,Sangli,Cholera,0.01,31.18,48.15,36.0
2014-11-08,Tamil Nadu,Erode,Chikungunya,7.03,24.26,57.5,7.0
2014-11-08,Tamil Nadu,Tiruvannamalai,Chikungunya,11.04,24.77,61.25,16.0
2014-11-09,Assam,Dibrugarh,Acute Diarrhoeal Disease,0.11,29.22,48.85,42.0
2014-11-09,Gujarat,Chota Udaipur,Cholera,0.01,33.8,47.37,94.0
2014-11-09,Maharashtra,Nagpur,Dengue,0.01,32.26,47.83,22.0
2014-11-10,Madhya Pradesh,Jhabua,Malaria,0.01,37.5,46.26,99.0
2014-11-10,Maharashtra,Amravati,Acute Diarrhoeal Disease,0.01,35.14,46.97,70.0
2014-11-11,Karnataka,Raichur,Dengue,1.01,28.89,49.89,72.0
2014-11-11,Maharashtra,Parbhani,Acute Diarrhoeal Disease,8.71,35.45,55.81,32.0
2014-11-12,Gujarat,Vadodara,Acute Diarrhoeal Disease,0.01,33.09,47.58,36.0
2014-11-12,Jammu and Kashmir,Leh (ladakh),Acute Diarrhoeal Disease,12.01,10.0,66.59,22.0
2014-11-12,Maharashtra,Ahmednagar,Dengue,2.58,35.18,49.65,55.0
2014-11-12,Maharashtra,Gadchiroli,Malaria,12.24,27.67,61.5,4.0
2014-11-12,Maharashtra,Sangli,Acute Diarrhoeal Disease,0.78,28.98,49.63,51.0
2014-11-12,West Bengal,Hooghly,Cholera,0.01,29.09,48.78,12.0
2014-11-13,Jharkhand,Godda,Malaria,0.01,30.28,48.42,59.0
2014-11-13,West Bengal,Hooghly,Dengue,0.01,28.87,48.85,39.0
2014-11-13,West Bengal,Hooghly,Dengue,0.01,28.87,48.85,40.0
2014-11-15,Assam,Kamrup,Malaria,2.09,27.24,51.52,36.0
2014-11-16,Jharkhand,East Singhbhum,Acute Diarrhoeal Disease,0.02,27.97,49.13,76.0
2014-11-17,Karnataka,Dharwad,Chikungunya,86.31,31.06,82.79,23.0
2014-11-17,Madhya Pradesh,Morena,Malaria,0.01,28.37,49.0,74.0
2014-11-18,Gujarat,Anand,Acute Diarrhoeal Disease,9.83,32.0,57.94,29.0
2014-11-20,Karnataka,Dharwad,Chikungunya,78.38,30.96,82.58,16.0
2014-11-21,Tamil Nadu,Perambalur,Dengue,16.52,27.44,65.32,11.0
2014-11-22,Assam,Baksa,Malaria,0.31,25.17,50.28,11.0
2014-11-22,Madhya Pradesh,Khandwa,Dengue,1.25,33.74,48.69,10.0
2014-11-22,Maharashtra,Sangli,Acute Diarrhoeal Disease,2.27,29.15,51.14,40.0
2014-11-24,Gujarat,Gandhi Nagar,Acute Diarrhoeal Disease,0.02,32.67,47.72,18.0
2014-11-24,Maharashtra,Amravati,Dengue,0.15,34.27,47.38,32.0
2014-11-24,Maharashtra,Chandrapur,Dengue,0.25,30.05,48.74,6.0
2014-11-26,West Bengal,Malda,Malaria,0.01,26.67,49.51,13.0
2014-11-26,West Bengal,Malda,Malaria,0.01,26.67,49.51,21.0
2014-11-26,West Bengal,Malda,Malaria,0.01,26.67,49.51,21.0
2014-11-28,Andhra Pradesh,Chittoor,Acute Diarrhoeal Disease,0.15,24.35,50.35,22.0
2014-11-28,Assam,Udalguri,Malaria,3.66,19.72,55.42,13.0
2014-11-28,Karnataka,Haveri,Acute Diarrhoeal Disease,0.0,24.94,50.02,15.0
2014-11-28,Madhya Pradesh,Sehore,Acute Diarrhoeal Disease,0.0,32.2,47.85,10.0
2014-12-01,Arunachal Pradesh,East Siang,Dengue,12.02,13.7,65.49,27.0
2014-12-01,Arunachal Pradesh,East Siang,Dengue,12.02,13.7,65.49,15.0
2014-12-01,Arunachal Pradesh,East Siang,Dengue,12.02,13.7,65.49,22.0
2014-12-01,Madhya Pradesh,Khandwa,Malaria,0.0,34.49,47.16,27.0
2014-12-01,Maharashtra,Chandrapur,Malaria,0.0,27.02,49.4,81.0
2014-12-02,Karnataka,Gadag,Chikungunya,0.15,32.79,47.82,39.0
2014-12-02,Maharashtra,Ratnagiri,Dengue,0.03,30.82,48.29,46.0
2014-12-04,Madhya Pradesh,Khandwa,Chikungunya,0.0,33.38,47.49,35.0
2014-12-04,Madhya Pradesh,Sehore,Chikungunya,0.0,31.94,47.92,50.0
2014-12-04,Rajasthan,Bikaner,Acute Diarrhoeal Disease,0.0,36.53,46.55,17.0
2014-12-04,Tamil Nadu,Virudhunagar,Dengue And Chikungunya,57.07,25.24,82.72,24.0
2014-12-06,Karnataka,Chitradurga,Malaria,0.33,28.26,49.37,36.0
2014-12-09,Andhra Pradesh,Krishna,Acute Diarrhoeal Disease,0.03,27.22,49.37,25.0
2014-12-09,Madhya Pradesh,Burhanpur,Acute Diarrhoeal Disease,0.0,33.0,47.6,40.0
2014-12-09,Maharashtra,Satara,Malaria,0.01,33.11,47.58,74.0
2014-12-11,Karnataka,Kolar,Dengue,9.7,29.06,58.69,23.0
2014-12-12,Gujarat,Anand,Acute Diarrhoeal Disease,0.01,28.67,48.9,26.0
2014-12-12,Maharashtra,Beed,Acute Diarrhoeal Disease,1.51,34.38,48.77,52.0
2014-12-15,Chhattisgarh,Raigarh,Acute Diarrhoeal Disease,0.26,25.72,50.06,27.0
2014-12-15,Tripura,South Tripura,Acute Diarrhoeal Disease,0.01,21.03,51.2,12.0
2014-12-18,Assam,Kamrup,Acute Diarrhoeal Disease,0.45,22.03,51.37,20.0
2014-12-18,Gujarat,Bhavnagar,Acute Diarrhoeal Disease,0.01,30.71,48.29,178.0
2014-12-18,Maharashtra,Raigad,Acute Diarrhoeal Disease,8.87,28.5,58.05,49.0
2014-12-18,Maharashtra,Raigad,Acute Diarrhoeal Disease,8.87,28.5,58.05,49.0
2014-12-18,West Bengal,Malda,Malaria,2.91,21.83,54.0,37.0
2014-12-22,Gujarat,Bhavnagar,Acute Diarrhoeal Disease,0.01,28.84,48.85,74.0
2014-12-22,Gujarat,Bhavnagar,Acute Diarrhoeal Disease,0.01,28.84,48.85,176.0
2014-12-24,Assam,Kokrajhar,Malaria,0.14,18.07,52.22,1127.0
2014-12-25,Madhya Pradesh,Mandsaur,Acute Diarrhoeal Disease,0.01,23.43,50.48,239.0
2014-12-25,Maharashtra,Gadchiroli,Malaria,0.01,23.76,50.38,14.0
2014-12-25,Tamil Nadu,Sivaganga,Dengue And Chikungunya,6.95,24.62,57.3,25.0
2014-12-26,Gujarat,Anand,Acute Diarrhoeal Disease,0.01,28.07,49.09,90.0
2014-12-28,Assam,Udalguri,Malaria,0.01,20.36,51.4,120.0
2014-12-28,Himachal Pradesh,Mandi,Acute Diarrhoeal Disease,0.25,11.0,54.46,120.0
2014-12-28,Uttar Pradesh,Lucknow,Acute Diarrhoeal Disease,0.05,17.71,52.24,17.0
2015-01-01,Delhi,New Delhi,Dengue,0.03,16.6,52.55,477.0
2015-01-01,Delhi,New Delhi,Dengue,0.03,16.6,52.55,778.0
2015-01-02,Karnataka,Dharwad,Chikungunya,4.01,30.79,52.45,36.0
2015-01-03,Tamil Nadu,Karur,Dengue,55.5,29.25,81.31,16.0
2015-01-05,Maharashtra,Sangli,Acute Diarrhoeal Disease,4.52,28.74,53.6,97.0
2015-01-07,Assam,Jorhat,Acute Diarrhoeal Disease,15.31,18.39,67.01,18.0
2015-01-07,Gujarat,Rajkot,Acute Diarrhoeal Disease,0.55,30.0,49.08,44.0
2015-01-08,Tamil Nadu,Cuddalore,Acute Diarrhoeal Disease,10.11,28.17,59.35,90.0
2015-01-09,Tamil Nadu,Tiruchirapalli,Dengue,4.22,29.45,53.07,26.0
2015-01-11,Maharashtra,Aurangabad,Acute Diarrhoeal Disease,0.02,30.13,48.48,37.0
2015-01-11,Maharashtra,Satara,Acute Diarrhoeal Disease,0.03,31.11,48.2,22.0
2015-01-14,Karnataka,Gadag,Acute Diarrhoeal Disease,0.01,34.19,47.25,46.0
2015-01-15,Punjab,Shahid Bhagat Singh Nagar,Acute Diarrhoeal Disease,12.43,13.12,66.04,45.0
2015-01-16,Maharashtra,Kolhapur,Acute Diarrhoeal Disease,0.01,30.42,48.38,22.0
2015-01-17,Madhya Pradesh,Neemuch,Acute Diarrhoeal Disease,1.02,23.59,51.5,268.0
2015-01-20,Delhi,South Delhi,Acute Diarrhoeal Disease,4.73,17.68,57.13,17.0
2015-01-20,Karnataka,Haveri,Acute Diarrhoeal Disease,0.0,28.48,48.96,10.0
2015-01-20,Rajasthan,Nagaur,Acute Diarrhoeal Disease,0.01,28.49,48.97,285.0
2015-01-21,Gujarat,Mehsana,Acute Diarrhoeal Disease,0.03,24.35,50.23,37.0
2015-01-21,Tamil Nadu,Tirunelveli Sankarankovil,Dengue,1.96,27.92,51.18,16.0
2015-01-22,Karnataka,Vijapura,Acute Diarrhoeal Disease,0.01,32.36,47.8,13.0
2015-01-23,Assam,Sonitpur,Acute Diarrhoeal Disease,0.11,22.53,50.86,12.0
2015-01-24,Tamil Nadu,Perambalur,Chikungunya,2.63,31.05,50.95,22.0
2015-01-25,Tamil Nadu,Tiruchirapalli,Chikungunya,4.72,31.15,53.08,13.0
2015-01-26,Odisha,Ganjam,Acute Diarrhoeal Disease,5.0,25.65,60.0,21.0
2015-01-28,Karnataka,Tumkur,Dengue,0.06,31.14,48.23,11.0
2015-01-28,Meghalaya,West Khasi Hills,Acute Diarrhoeal Disease,0.29,19.42,51.98,375.0
2015-02-03,Haryana,Yamuna Nagar,Acute Diarrhoeal Disease,2.58,16.33,55.31,110.0
2015-02-03,Tamil Nadu,Sivaganga,Dengue,1.11,30.12,49.63,30.0
2015-02-04,West Bengal,Midnapore West,Acute Diarrhoeal Disease,0.23,25.28,50.16,400.0
2015-02-09,Gujarat,Valsad,Acute Diarrhoeal Disease,0.02,34.23,47.25,45.0
2015-02-09,Maharashtra,Ahmednagar,Chikungunya,0.01,32.15,47.86,13.0
2015-02-09,Maharashtra,Ahmednagar,Chikungunya,0.01,32.15,47.86,13.0
2015-02-09,Tamil Nadu,Sivaganga,Dengue,0.19,33.39,47.68,20.0
2015-02-11,Assam,Kamrup,Acute Diarrhoeal Disease,0.25,23.58,50.69,13.0
2015-02-14,Maharashtra,Pune,Acute Diarrhoeal Disease,2.04,33.55,49.57,55.0
2015-02-16,Tamil Nadu,Sivaganga,Dengue,2.03,33.57,49.56,20.0
2015-02-18,Andhra Pradesh,Kurnool,Cholera,0.02,38.29,46.03,22.0
2015-02-18,Andhra Pradesh,Prakasam,Acute Diarrhoeal Disease,0.11,36.39,46.7,22.0
2015-02-18,Maharashtra,Chandrapur,Malaria,0.12,33.92,47.45,51.0
2015-02-20,Maharashtra,Thane,Acute Diarrhoeal Disease,0.01,38.13,46.07,45.0
2015-02-21,Gujarat,Mehsana,Acute Diarrhoeal Disease,0.01,31.93,47.93,20.0
2015-02-21,Himachal Pradesh,Mandi,Acute Diarrhoeal Disease,64.27,11.08,87.73,39.0
2015-02-23,Himachal Pradesh,Una,Acute Diarrhoeal Disease,29.99,18.71,76.95,50.0
2015-02-24,Gujarat,Ahmedabad,Cholera,0.01,33.91,47.33,24.0
2015-02-24,Maharashtra,Sangli,Dengue,0.01,38.51,45.95,15.0
2015-02-27,Kerala,Malappuram,Dengue,0.37,32.86,48.03,20.0
2015-02-27,Telangana,Mahabubnagar,Cholera,0.0,40.62,45.32,31.0
2015-03-01,Telangana,Mahabubnagar,Acute Diarrhoeal Disease,0.71,40.39,46.13,35.0
2015-03-01,West Bengal,Burdwan,Acute Diarrhoeal Disease,0.03,31.66,48.04,46.0
2015-03-04,Karnataka,Ramanagara,Dengue,1.9,35.29,48.9,36.0
2015-03-06,Himachal Pradesh,Mandi,Acute Diarrhoeal Disease,145.35,12.12,88.85,16.0
2015-03-06,Tamil Nadu,Sivaganga,Chikungunya,7.48,36.94,54.14,10.0
2015-03-07,Karnataka,Chikkaballapura,Acute Diarrhoeal Disease,11.11,31.93,59.17,10.0
2015-03-07,Tamil Nadu,Namakkal,Dengue,10.04,39.6,55.85,5.0
2015-03-08,Himachal Pradesh,Sirmaur,Acute Diarrhoeal Disease,127.88,19.52,86.61,36.0
2015-03-10,Andhra Pradesh,Kadapa,Dengue,4.33,38.04,50.61,42.0
2015-03-11,Himachal Pradesh,Mandi,Acute Diarrhoeal Disease,37.69,10.9,82.62,27.0
2015-03-12,Karnataka,Bidar,Acute Diarrhoeal Disease,14.81,40.29,60.02,12.0
2015-03-13,Rajasthan,Pali,Acute Diarrhoeal Disease,0.25,34.66,47.37,208.0
2015-03-13,Tamil Nadu,Ramanathapuram,Chikungunya,5.0,35.06,57.18,12.0
2015-03-15,Jammu and Kashmir,Jammu and Kashmir,Acute Diarrhoeal Disease,6.44,10.0,61.18,410.0
2015-03-18,Maharashtra,Sangli,Chikungunya,1.78,34.64,48.97,19.0
2015-03-21,Maharashtra,Sangli,Acute Diarrhoeal Disease,0.55,35.94,47.3,65.0
2015-03-22,Telangana,Mahabubnagar,Chikungunya,0.12,41.9,45.06,32.0
2015-03-23,Assam,Sonitpur,Acute Diarrhoeal Disease,1.18,30.73,49.52,42.0
2015-03-23,Gujarat,Amreli,Acute Diarrhoeal Disease,0.01,39.95,45.52,52.0
2015-03-26,Bihar,Nalanda,Acute Diarrhoeal Disease,0.02,37.03,46.41,14.0
2015-03-26,Kerala,Ernakulam,Dengue,2.98,31.09,51.3,18.0
2015-03-26,Kerala,Kottayam,Dengue,2.98,31.09,51.3,18.0
2015-03-26,Kerala,Kottayam,Dengue,2.98,31.09,51.3,29.0
2015-03-28,Andhra Pradesh,Chittoor,Acute Diarrhoeal Disease,0.13,39.96,45.65,82.0
2015-03-28,Jammu and Kashmir,Anantnag,Acute Diarrhoeal Disease,112.29,12.12,88.78,160.0
2015-03-28,Kerala,Kannur,Dengue,5.0,32.11,58.06,41.0
2015-03-28,Madhya Pradesh,Betul,Acute Diarrhoeal Disease,0.6,38.8,46.49,29.0
2015-03-28,Maharashtra,Pune,Acute Diarrhoeal Disease,7.48,38.61,53.64,7.0
2015-03-28,Maharashtra,Raigad,Cholera,10.73,39.22,56.63,22.0
2015-04-01,West Bengal,Midnapore,Acute Diarrhoeal Disease,13.35,34.13,60.58,92.0
2015-04-02,Kerala,Idukki,Dengue,31.47,30.64,74.11,16.0
2015-04-03,Karnataka,Shimoga,Chikungunya,3.38,36.27,50.15,38.0
2015-04-03,Rajasthan,Udaipur,Acute Diarrhoeal Disease,1.95,41.08,47.22,133.0
2015-04-05,Andhra Pradesh,Chittoor,Acute Diarrhoeal Disease,0.85,37.8,47.06,18.0
2015-04-05,Karnataka,Shimoga,Acute Diarrhoeal Disease,3.36,35.33,50.42,18.0
2015-04-05,Karnataka,Vijayapur,Acute Diarrhoeal Disease,0.2,44.23,44.44,28.0
2015-04-05,Madhya Pradesh,Hoshangabad,Acute Diarrhoeal Disease,0.25,37.77,46.43,171.0
2015-04-05,Tamil Nadu,Tiruchirapalli,Dengue,7.38,39.23,53.35,24.0
2015-04-07,Karnataka,Kalburgi,Cholera,0.1,47.81,43.26,22.0
2015-04-08,West Bengal,Burdwan,Acute Diarrhoeal Disease,42.19,33.99,77.14,30.0
2015-04-08,West Bengal,Burdwan,Acute Diarrhoeal Disease,42.19,33.99,77.14,40.0
2015-04-09,Tamil Nadu,Nagercoil,Acute Diarrhoeal Disease,6.23,34.96,53.48,14.0
2015-04-09,Tripura,Khowai,Malaria,88.68,25.63,84.47,151.0
2015-04-09,Tripura,South Tripura,Acute Diarrhoeal Disease,101.8,26.83,84.3,30.0
2015-04-09,West Bengal,Hooghly,Acute Diarrhoeal Disease,72.79,30.88,82.36,10.0
2015-04-11,Maharashtra,Chandrapur,Acute Diarrhoeal Disease,8.81,39.52,54.68,6.0
2015-04-13,Madhya Pradesh,Bhopal,Acute Diarrhoeal Disease,9.94,40.53,55.47,12.0
2015-04-15,West Bengal,Nadia,Cholera,24.8,28.87,70.94,59.0
2015-04-16,Karnataka,Raichur,Chikungunya,37.19,34.71,75.3,15.0
2015-04-16,Rajasthan,Bhilwara,Acute Diarrhoeal Disease,11.98,37.38,58.35,21.0
2015-04-17,Himachal Pradesh,Kangra,Acute Diarrhoeal Disease,14.98,20.93,65.97,13.0
2015-04-17,Maharashtra,Parbhani,Acute Diarrhoeal Disease,34.35,38.8,72.96,24.0
2015-04-17,Uttarakhand,Tehri Garhwal,Acute Diarrhoeal Disease,25.24,20.3,73.79,68.0
2015-04-20,Madhya Pradesh,Dhar,Acute Diarrhoeal Disease,3.24,42.78,48.06,30.0
2015-04-20,Madhya Pradesh,Khandwa,Acute Diarrhoeal Disease,7.55,40.68,53.09,25.0
2015-04-21,Kerala,Kozhikode,Dengue,30.53,38.78,71.2,11.0
2015-04-21,Kerala,Pathanamthitta,Dengue,49.3,29.36,80.24,10.0
2015-04-21,Maharashtra,Bhandara,Acute Diarrhoeal Disease,7.09,39.72,52.92,18.0
2015-04-21,Tamil Nadu,Tiruchirapalli,Dengue,18.91,33.77,65.33,32.0
2015-04-22,Karnataka,Kalaburagi,Cholera,1.75,44.31,46.04,82.0
2015-04-22,Punjab,S.A.S Nagar,Acute Diarrhoeal Disease,6.51,30.33,55.15,40.0
2015-04-22,West Bengal,Burdwan,Acute Diarrhoeal Disease,14.37,32.67,61.92,19.0
2015-04-23,Karnataka,Vijayapur,Malaria,0.35,46.42,43.94,33.0
2015-04-23,Kerala,Ernakulam,Acute Diarrhoeal Disease,68.77,30.42,82.26,156.0
2015-04-23,Uttarakhand,Almora,Acute Diarrhoeal Disease,9.14,22.74,60.04,16.0
2015-04-24,Karnataka,Bidar,Cholera,3.64,46.84,47.25,22.0
2015-04-24,Karnataka,Chikkaballapura,Acute Diarrhoeal Disease,12.0,37.01,58.48,50.0
2015-04-24,West Bengal,Burdwan,Acute Diarrhoeal Disease,17.82,31.65,65.12,19.0
2015-04-25,Maharashtra,Gadchiroli,Dengue,0.89,38.7,46.83,44.0
2015-04-27,Maharashtra,Ahmednagar,Dengue,1.55,45.6,45.44,11.0
2015-04-28,Karnataka,Chikkaballapur,Dengue And Chikungunya,19.92,35.11,65.7,657.0
2015-04-28,Karnataka,Chikkaballapura,Dengue And Chikungunya,19.92,35.11,65.7,970.0
2015-04-28,Karnataka,Tumkur,Chikungunya,18.62,35.49,64.59,7.0
2015-04-28,Karnataka,Tumkur,Chikungunya,18.62,35.49,64.59,114.0
2015-04-28,Kerala,Malappuram,Dengue,100.85,30.13,83.3,17.0
2015-04-28,Madhya Pradesh,Mandsaur,Acute Diarrhoeal Disease,0.11,43.94,44.43,63.0
2015-04-28,Tamil Nadu,Vellore,Chikungunya,34.69,36.38,73.82,62.0
2015-05-01,Gujarat,Aravalli,Acute Diarrhoeal Disease,0.01,43.43,44.48,30.0
2015-05-01,Gujarat,Aravalli,Acute Diarrhoeal Disease,0.01,43.43,44.48,112.0
2015-05-02,Maharashtra,Chandrapur,Acute Diarrhoeal Disease,0.63,39.43,46.34,21.0
2015-05-03,Chhattisgarh,Janjgir,Acute Diarrhoeal Disease,5.24,35.83,52.21,11.0
2015-05-03,Madhya Pradesh,Balaghat,Acute Diarrhoeal Disease,0.85,38.63,46.81,45.0
2015-05-04,Kerala,Kozhikode,Dengue,23.53,37.14,67.64,24.0
2015-05-04,Kerala,Kozhikode,Dengue,23.53,37.14,67.64,24.0
2015-05-04,Maharashtra,Gondia,Acute Diarrhoeal Disease,0.09,37.99,46.19,35.0
2015-05-04,Maharashtra,Sangli,Acute Diarrhoeal Disease,0.03,42.76,44.71,45.0
2015-05-05,Karnataka,Kalburgi,Cholera,1.45,45.99,45.23,53.0
2015-05-05,Maharashtra,Sangli,Acute Diarrhoeal Disease,0.04,43.22,44.58,55.0
2015-05-05,Rajasthan,Alwar,Acute Diarrhoeal Disease,0.07,41.6,45.09,25.0
2015-05-05,West Bengal,Burdwan,Acute Diarrhoeal Disease,26.08,29.31,71.6,8.0
2015-05-05,West Bengal,Burdwan,Acute Diarrhoeal Disease,26.08,29.31,71.6,8.0
2015-05-06,Karnataka,Yadgiri,Acute Diarrhoeal Disease,1.68,41.6,46.78,40.0
2015-05-07,Assam,Marigaon,Malaria,26.37,27.69,72.26,10.0
2015-05-07,Karnataka,Raichur,Dengue,3.35,44.71,47.59,9.0
2015-05-07,Maharashtra,Nagpur,Acute Diarrhoeal Disease,4.34,43.9,48.86,45.0
2015-05-10,Andhra Pradesh,Chittoor,Acute Diarrhoeal Disease,2.48,35.78,49.37,23.0
2015-05-10,Gujarat,Vadodara,Acute Diarrhoeal Disease,0.01,43.73,44.39,10.0
2015-05-11,Gujarat,Navsari,Acute Diarrhoeal Disease,0.0,39.53,45.64,45.0
2015-05-11,Jammu and Kashmir,Jammu and Kashmir,Acute Diarrhoeal Disease,2.48,23.54,53.04,50.0
2015-05-11,Madhya Pradesh,Mandla,Malaria,2.48,41.88,47.53,16.0
2015-05-11,Maharashtra,Pune,Acute Diarrhoeal Disease,9.45,42.99,54.26,10.0
2015-05-11,West Bengal,Hooghly,Cholera,14.65,31.73,62.45,29.0
2015-05-12,Andhra Pradesh,Nellore,Acute Diarrhoeal Disease,2.23,36.75,48.81,32.0
2015-05-12,West Bengal,Birbhum,Acute Diarrhoeal Disease,10.01,31.19,58.35,77.0
2015-05-13,Arunachal Pradesh,Tirap,Acute Diarrhoeal Disease,78.4,24.99,84.37,20.0
2015-05-13,Madhya Pradesh,Khargone,Acute Diarrhoeal Disease,1.23,48.0,44.39,15.0
2015-05-14,Rajasthan,Baran,Dengue,0.4,48.0,43.52,202.0
2015-05-14,West Bengal,Burdwan,Acute Diarrhoeal Disease,26.78,32.9,70.94,38.0
2015-05-15,Kerala,Ernakulam,Dengue,166.31,37.14,81.36,14.0
2015-05-15,West Bengal,Burdwan,Acute Diarrhoeal Disease,21.08,33.68,66.98,145.0
2015-05-15,West Bengal,Purulia,Acute Diarrhoeal Disease,9.19,37.83,55.57,23.0
2015-05-16,Assam,Lakhimpur,Acute Diarrhoeal Disease,98.61,37.14,81.17,21.0
2015-05-16,Kerala,Idukki,Dengue,121.93,37.14,81.31,11.0
2015-05-17,Gujarat,Valsad,Acute Diarrhoeal Disease,5.47,44.76,49.76,20.0
2015-05-17,West Bengal,Hooghly,Cholera,25.11,31.69,70.29,32.0
2015-05-18,Karnataka,Chikkaballapura,Acute Diarrhoeal Disease,59.89,37.14,79.49,16.0
2015-05-18,West Bengal,Burdwan,Acute Diarrhoeal Disease,23.0,33.08,68.5,44.0
2015-05-18,West Bengal,Burdwan,Acute Diarrhoeal Disease,23.0,33.08,68.5,44.0
2015-05-19,Assam,Lakhimpur,Malaria,126.27,22.53,85.71,33.0
2015-05-19,Kerala,Malappuram,Dengue,292.2,27.77,84.17,15.0
2015-05-19,Tamil Nadu,Theni,Acute Diarrhoeal Disease,73.32,32.24,81.98,36.0
2015-05-20,Gujarat,Sabarkantha,Dengue,0.46,46.59,44.01,22.0
2015-05-20,Karnataka,Chitradurga,Chikungunya,36.16,33.86,75.17,23.0
2015-05-20,Karnataka,Shimoga,Dengue,38.22,28.25,77.61,45.0
2015-05-20,Odisha,Angul,Acute Diarrhoeal Disease,26.89,34.43,70.54,11.0
2015-05-21,Karnataka,Tumkur,Dengue,69.05,31.34,82.01,38.0
2015-05-21,Madhya Pradesh,Dhar,Acute Diarrhoeal Disease,0.03,48.0,43.13,16.0
2015-05-22,Karnataka,Kolar,Dengue,53.37,31.44,80.33,66.0
2015-05-22,Karnataka,Ramanagara,Acute Diarrhoeal Disease,54.26,29.56,81.03,8.0
2015-05-22,Madhya Pradesh,Khargone,Acute Diarrhoeal Disease,0.01,48.0,43.11,273.0
2015-05-23,Andhra Pradesh,Kurnool,Acute Diarrhoeal Disease,2.71,37.03,49.24,34.0
2015-05-24,Karnataka,Chikkaballapura,Acute Diarrhoeal Disease,18.68,33.37,65.28,14.0
2015-05-24,Maharashtra,Nashik,Dengue,0.34,43.13,44.92,29.0
2015-05-25,Gujarat,Gandhi Nagar,Cholera,0.01,46.0,43.71,9.0
2015-05-25,Gujarat,Gandhi Nagar,Cholera,0.01,46.0,43.71,1.0
2015-05-25,Karnataka,Kalburgi,Cholera,0.02,44.32,44.23,17.0
2015-05-25,Karnataka,Tumkur,Dengue,13.62,33.0,61.15,46.0
2015-05-25,Karnataka,Tumkur,Dengue,13.62,33.0,61.15,12.0
2015-05-26,Maharashtra,Nagpur,Acute Diarrhoeal Disease,0.01,48.0,43.11,21.0
2015-05-26,Telangana,Warangal,Malaria,0.02,43.71,44.4,24.0
2015-05-26,West Bengal,Purulia,Malaria,4.91,35.85,51.86,19.0
2015-05-27,Goa,South Goa,Dengue,6.64,30.1,55.36,20.0
2015-05-27,Karnataka,Bijapur,Acute Diarrhoeal Disease,0.25,41.67,45.26,55.0
2015-05-27,Maharashtra,Ahmednagar,Acute Diarrhoeal Disease,0.06,44.72,44.15,15.0
2015-05-27,West Bengal,South 24 Parganas,Acute Diarrhoeal Disease,1.33,31.9,49.33,18.0
2015-05-28,Andhra Pradesh,Chittoor,Acute Diarrhoeal Disease,10.61,36.34,57.38,16.0
2015-05-28,Andhra Pradesh,Chittoor,Acute Diarrhoeal Disease,10.61,36.34,57.38,16.0
2015-05-28,Karnataka,Tumkur,Dengue,2.87,36.7,49.5,23.0
2015-05-28,Karnataka,Tumkur,Malaria,2.87,36.7,49.5,16.0
2015-05-28,Karnataka,Tumkur,Dengue,2.87,36.7,49.5,35.0
2015-05-28,Madhya Pradesh,Shahdol,Acute Diarrhoeal Disease,0.13,43.77,44.51,21.0
2015-05-28,Maharashtra,Nagpur,Acute Diarrhoeal Disease,1.6,46.34,45.28,43.0
2015-05-28,Mizoram,Champhai,Acute Diarrhoeal Disease,17.2,24.28,66.83,188.0
2015-05-28,Rajasthan,Banswara,Acute Diarrhoeal Disease,0.04,43.36,44.53,24.0
2015-05-28,Tamil Nadu,Virudhunagar,Dengue,13.65,37.08,59.96,11.0
2015-06-01,Gujarat,Sabarkantha,Acute Diarrhoeal Disease,0.02,44.51,44.16,63.0
2015-06-01,Kerala,Kasaragod,Dengue,56.66,24.87,82.78,33.0
2015-06-01,Maharashtra,Bhandara,Acute Diarrhoeal Disease,0.71,45.92,44.47,10.0
2015-06-01,Uttar Pradesh,Kaushambi,Acute Diarrhoeal Disease,0.01,41.84,44.95,42.0
2015-06-02,Karnataka,Udupi,Dengue,31.57,31.85,73.79,176.0
2015-06-02,Tamil Nadu,Salem,Chikungunya,19.14,32.66,65.85,11.0
2015-06-03,Maharashtra,Nagpur,Acute Diarrhoeal Disease,2.09,45.39,46.08,15.0
2015-06-04,Arunachal Pradesh,East Siang,Dengue,300.0,22.05,85.88,473.0
2015-06-04,Arunachal Pradesh,East Siang,Dengue,300.0,22.05,85.88,690.0
2015-06-04,Arunachal Pradesh,East Siang,Dengue,300.0,22.05,85.88,982.0
2015-06-04,Arunachal Pradesh,East Siang,Dengue,300.0,22.05,85.88,1646.0
2015-06-04,Arunachal Pradesh,East Siang,Dengue,300.0,22.05,85.88,1715.0
2015-06-04,Arunachal Pradesh,East Siang,Dengue,300.0,22.05,85.88,1752.0
2015-06-04,Arunachal Pradesh,East Siang,Dengue,300.0,22.05,85.88,1770.0
2015-06-04,Arunachal Pradesh,East Siang,Dengue,300.0,22.05,85.88,1793.0
2015-06-04,Arunachal Pradesh,East Siang,Dengue,300.0,22.05,85.88,1798.0
2015-06-04,Arunachal Pradesh,East Siang,Dengue,300.0,22.05,85.88,1801.0
2015-06-04,Karnataka,Bangalore Urban,Dengue,82.16,31.3,82.61,16.0
2015-06-05,Maharashtra,Nagpur,Acute Diarrhoeal Disease,2.6,43.39,47.21,52.0
2015-06-06,Maharashtra,Nanded,Acute Diarrhoeal Disease,2.15,44.09,46.53,41.0
2015-06-07,Karnataka,Tumkur,Chikungunya,57.17,28.16,81.86,32.0
2015-06-07,Tamil Nadu,Salem,Dengue,23.85,30.94,69.71,15.0
2015-06-08,Andhra Pradesh,Visakhapatnam,Acute Diarrhoeal Disease,109.09,33.51,82.35,15.0
2015-06-08,Arunachal Pradesh,East Siang,Dengue,300.0,24.0,85.3,68.0
2015-06-08,Jammu and Kashmir,Rajouri,Acute Diarrhoeal Disease,131.09,23.83,85.32,35.0
2015-06-08,Karnataka,Kolar,Dengue,39.99,34.56,76.31,27.0
2015-06-08,Karnataka,Kolar,Dengue,39.99,34.56,76.31,53.0
2015-06-08,Maharashtra,Bhandara,Acute Diarrhoeal Disease,3.2,41.6,48.37,18.0
2015-06-08,Tamil Nadu,Tiruchirapalli,Dengue,17.78,36.74,63.56,11.0
2015-06-09,Karnataka,Bangalore Urban,Dengue,33.42,31.26,74.81,16.0
2015-06-09,West Bengal,Midnapur West,Acute Diarrhoeal Disease,7.86,38.58,54.03,200.0
2015-06-10,Madhya Pradesh,Khargone,Cholera,4.59,46.19,48.43,44.0
2015-06-11,Chhattisgarh,Mahasamund,Acute Diarrhoeal Disease,10.08,33.47,57.73,16.0
2015-06-11,Gujarat,Surat,Acute Diarrhoeal Disease,21.76,37.77,66.24,77.0
2015-06-11,Madhya Pradesh,Agar Malwa,Acute Diarrhoeal Disease,2.7,47.77,45.99,18.0
2015-06-11,West Bengal,Paschim Medinipur,Acute Diarrhoeal Disease,4.13,35.26,51.23,54.0
2015-06-11,West Bengal,West Midnapore,Acute Diarrhoeal Disease,3.67,31.97,51.75,70.0
2015-06-12,Gujarat,Morbi,Acute Diarrhoeal Disease,5.57,42.08,50.67,98.0
2015-06-12,Maharashtra,Washim,Acute Diarrhoeal Disease,27.17,44.12,67.8,45.0
2015-06-12,Maharashtra,Yavatmal,Acute Diarrhoeal Disease,17.4,43.89,61.11,10.0
2015-06-12,Odisha,Puri,Acute Diarrhoeal Disease,19.82,35.57,65.49,11.0
2015-06-14,Andhra Pradesh,Chittoor,Acute Diarrhoeal Disease,48.95,33.27,78.99,55.0
2015-06-14,Rajasthan,Hanumangarh,Acute Diarrhoeal Disease,7.9,40.18,53.59,30.0
2015-06-15,Andhra Pradesh,Anantapur,Acute Diarrhoeal Disease,15.92,40.0,61.05,71.0
2015-06-15,Gujarat,Banaskantha,Acute Diarrhoeal Disease,1.9,39.23,47.73,38.0
2015-06-15,Kerala,Ernakulam,Acute Diarrhoeal Disease,107.75,25.94,84.61,156.0
2015-06-15,Maharashtra,Yavatmal,Acute Diarrhoeal Disease,56.05,41.96,77.57,58.0
2015-06-15,Uttar Pradesh,Chandauli,Acute Diarrhoeal Disease,29.53,41.64,69.84,45.0
2015-06-15,West Bengal,Jalpaiguri,Malaria,150.28,17.73,87.17,54.0
2015-06-15,West Bengal,Jalpaiguri,Malaria,150.28,17.73,87.17,83.0
2015-06-16,Chhattisgarh,Rajnandgaon,Acute Diarrhoeal Disease,64.97,39.27,79.33,42.0
2015-06-16,Karnataka,Kalburgi,Cholera,68.74,45.23,77.82,156.0
2015-06-16,Kerala,Ernakulam,Dengue,116.1,28.5,83.88,18.0
2015-06-16,Madhya Pradesh,Shajapur,Acute Diarrhoeal Disease,43.86,38.95,76.12,65.0
2015-06-16,Maharashtra,Nagpur,Acute Diarrhoeal Disease,62.07,43.32,77.86,16.0
2015-06-17,Odisha,Angul,Acute Diarrhoeal Disease,73.99,35.04,81.17,28.0
2015-06-18,Gujarat,Bharuch,Acute Diarrhoeal Disease,44.64,36.13,77.16,45.0
2015-06-18,Maharashtra,Nagpur,Cholera,89.91,41.6,79.7,22.0
2015-06-18,Tamil Nadu,Virudhunagar- Sivakasi,Dengue,5.27,39.51,51.13,47.0
2015-06-19,Chhattisgarh,Mahasamund,Acute Diarrhoeal Disease,47.81,33.86,78.58,33.0
2015-06-19,Kerala,Palakkad,Dengue,59.2,24.15,83.3,42.0
2015-06-19,Madhya Pradesh,Nimach,Acute Diarrhoeal Disease,19.28,34.87,65.29,55.0
2015-06-19,Maharashtra,Jalgaon,Acute Diarrhoeal Disease,44.08,39.21,76.1,64.0
2015-06-19,Rajasthan,Bhilwara,Acute Diarrhoeal Disease,3.42,38.71,49.46,82.0
2015-06-19,Rajasthan,Bhilwara,Acute Diarrhoeal Disease,3.42,38.71,49.46,73.0
2015-06-19,Tamil Nadu,Ramanathapuram,Acute Diarrhoeal Disease,5.0,39.52,55.84,12.0
2015-06-20,Gujarat,Mahesana,Acute Diarrhoeal Disease,8.12,38.4,54.34,10.0
2015-06-20,Karnataka,Shimoga,Chikungunya,78.12,35.04,81.35,16.0
2015-06-20,Madhya Pradesh,Betul,Malaria,57.61,33.08,80.44,65.0
2015-06-20,Maharashtra,Yavatmal,Acute Diarrhoeal Disease,82.91,39.69,80.11,15.0
2015-06-21,Maharashtra,Dhule,Acute Diarrhoeal Disease,46.72,35.84,77.75,13.0
2015-06-22,Karnataka,Tumkur,Chikungunya,44.38,35.04,77.42,40.0
2015-06-22,Maharashtra,Gadchiroli,Acute Diarrhoeal Disease,270.82,35.04,81.99,61.0
2015-06-22,Maharashtra,Jalgaon,Acute Diarrhoeal Disease,22.72,38.95,66.56,32.0
2015-06-23,Madhya Pradesh,Khargone,Acute Diarrhoeal Disease,38.38,37.75,74.81,48.0
2015-06-23,Tamil Nadu,Virudhunagar- Sivakasi,Dengue,4.79,36.99,51.4,13.0
2015-06-23,West Bengal,Paschim Medinipur,Acute Diarrhoeal Disease,70.6,30.33,82.4,213.0
2015-06-23,West Bengal,Purulia,Malaria,39.23,30.24,77.35,21.0
2015-06-23,West Bengal,Purulia,Malaria,39.23,30.24,77.35,30.0
2015-06-24,Gujarat,Narmada,Cholera,18.61,34.79,64.8,15.0
2015-06-24,Jharkhand,Lohardaga,Acute Diarrhoeal Disease,97.53,36.85,81.24,23.0
2015-06-24,Maharashtra,Yavatmal,Acute Diarrhoeal Disease,300.0,35.04,81.99,11.0
2015-06-25,Maharashtra,Pune,Acute Diarrhoeal Disease,152.96,35.04,81.98,154.0
2015-06-26,Gujarat,Navsari,Acute Diarrhoeal Disease,136.61,35.04,81.97,16.0
2015-06-26,Maharashtra,Dhule,Acute Diarrhoeal Disease,62.2,37.95,79.48,63.0
2015-06-26,Maharashtra,Kolhapur,Malaria,95.43,28.63,83.68,48.0
2015-06-26,Tamil Nadu,Vellore,Chikungunya,2.03,33.49,49.58,14.0
2015-06-26,West Bengal,Burdwan,Acute Diarrhoeal Disease,95.56,35.04,81.76,14.0
2015-06-26,West Bengal,Nadia,Acute Diarrhoeal Disease,97.58,27.7,83.99,59.0
2015-06-27,Chhattisgarh,Mungeli,Acute Diarrhoeal Disease,95.88,30.69,83.07,66.0
2015-06-27,Madhya Pradesh,Khargone,Acute Diarrhoeal Disease,50.13,34.41,78.88,18.0
2015-06-27,West Bengal,South 24 parganas,Acute Diarrhoeal Disease,99.96,35.04,81.82,18.0
2015-06-28,Bihar,Aurangabad,Dengue,123.03,36.29,81.57,906.0
2015-06-28,Bihar,Bhagalpur,Dengue,125.26,35.04,81.95,521.0
2015-06-28,Bihar,Bhojpur,Dengue,197.22,22.88,85.64,724.0
2015-06-28,Bihar,Gaya,Dengue,86.12,35.04,81.59,1204.0
2015-06-28,Bihar,Patna,Dengue,108.55,28.2,83.94,96.0
2015-06-28,Bihar,Patna,Dengue,108.55,28.2,83.94,174.0
2015-06-28,Bihar,Patna,Dengue,108.55,28.2,83.94,371.0
2015-06-28,Bihar,Patna,Dengue,108.55,28.2,83.94,1504.0
2015-06-28,Bihar,Patna,Dengue,108.55,28.2,83.94,1680.0
2015-06-28,Chhattisgarh,Bemetara,Acute Diarrhoeal Disease,71.42,36.93,80.47,22.0
2015-06-28,Chhattisgarh,Durg,Acute Diarrhoeal Disease,108.14,35.04,81.88,22.0
2015-06-28,Chhattisgarh,Raipur,Acute Diarrhoeal Disease,15.08,13.63,68.24,17.0
2015-06-28,Gujarat,Sabarkantha,Acute Diarrhoeal Disease,80.91,28.14,83.52,31.0
2015-06-28,Gujarat,Sabarkantha,Acute Diarrhoeal Disease,80.91,28.14,83.52,89.0
2015-06-28,Karnataka,Belgaum,Cholera,67.2,26.17,83.43,9.0
2015-06-28,Karnataka,Chitradurga,Acute Diarrhoeal Disease,10.91,29.02,59.86,55.0
2015-06-28,Kerala,Ernakulam,Dengue,115.7,24.68,85.03,25.0
2015-06-28,Kerala,Palakkad,Dengue,90.46,22.69,85.39,34.0
2015-06-28,Madhya Pradesh,Khargone,Acute Diarrhoeal Disease,30.6,33.15,72.93,27.0
2015-06-28,Maharashtra,Aurangabad,Acute Diarrhoeal Disease,70.88,34.06,81.3,85.0
2015-06-28,Maharashtra,Chandrapur,Acute Diarrhoeal Disease,14.36,27.43,63.48,95.0
2015-06-28,Maharashtra,Thane,Acute Diarrhoeal Disease,109.72,28.56,83.84,20.0
2015-06-28,Odisha,Malkangiri,Malaria,56.76,27.41,82.03,167.0
2015-06-28,Odisha,Nayagarh,Acute Diarrhoeal Disease,30.39,32.62,72.98,30.0
2015-06-28,Tamil Nadu,Vellore,Chikungunya,1.14,32.09,49.07,14.0
2015-06-28,West Bengal,Paschim Medinipur,Acute Diarrhoeal Disease,102.38,35.04,81.84,95.0
2015-07-01,Chhattisgarh,Mahasamund,Acute Diarrhoeal Disease,29.89,28.95,73.83,17.0
2015-07-01,Delhi,New Delhi,Dengue,59.68,35.4,79.98,119.0
2015-07-01,Delhi,New Delhi,Dengue,59.68,35.4,79.98,1160.0
2015-07-01,Delhi,New Delhi,Dengue,59.68,35.4,79.98,1872.0
2015-07-01,Delhi,New Delhi,Dengue,59.68,35.4,79.98,3194.0
2015-07-01,Delhi,New Delhi,Dengue,59.68,35.4,79.98,5982.0
2015-07-01,Delhi,New Delhi,Dengue,59.68,35.4,79.98,7606.0
2015-07-01,Delhi,New Delhi,Dengue,59.68,35.4,79.98,10683.0
2015-07-01,Delhi,New Delhi,Dengue,59.68,35.4,79.98,12020.0
2015-07-01,Delhi,New Delhi,Dengue,59.68,35.4,79.98,14246.0
2015-07-01,Delhi,New Delhi,Dengue,59.68,35.4,79.98,15254.0
2015-07-01,Karnataka,Raichur,Acute Diarrhoeal Disease,4.27,36.34,51.06,59.0
2015-07-01,Madhya Pradesh,Panna,Cholera,65.33,30.98,81.84,56.0
2015-07-01,Maharashtra,Amravati,Acute Diarrhoeal Disease,2.77,37.8,49.06,56.0
2015-07-01,Maharashtra,Beed,Acute Diarrhoeal Disease,3.11,39.04,49.05,40.0
2015-07-01,Maharashtra,Sangli,Acute Diarrhoeal Disease,7.1,30.26,55.77,57.0
2015-07-01,Odisha,Khurda,Acute Diarrhoeal Disease,47.21,33.08,78.68,24.0
2015-07-01,Tamil Nadu,Tiruvannamalai,Dengue,4.92,35.21,52.07,8.0
2015-07-01,West Bengal,Paschim Medinipur,Acute Diarrhoeal Disease,116.59,30.03,83.43,20.0
2015-07-02,Bihar,Purnia,Acute Diarrhoeal Disease,113.62,30.03,83.41,17.0
2015-07-02,Madhya Pradesh,Ratlam,Cholera,8.8,32.35,56.82,878.0
2015-07-02,Maharashtra,Thane,Acute Diarrhoeal Disease,41.72,28.42,78.68,18.0
2015-07-02,Tamil Nadu,Kancheepuram,Dengue,3.16,35.96,50.02,9.0
2015-07-03,Gujarat,Sabarkantha,Acute Diarrhoeal Disease,3.45,28.16,52.66,16.0
2015-07-03,Karnataka,Gadag,Chikungunya,15.58,32.86,62.91,30.0
2015-07-03,Madhya Pradesh,Betul,Malaria,3.46,32.51,51.37,40.0
2015-07-03,Maharashtra,Jalgaon,Acute Diarrhoeal Disease,1.62,38.26,47.72,22.0
2015-07-04,Karnataka,Bidar,Cholera,2.19,37.6,48.51,24.0
2015-07-04,Madhya Pradesh,Burhanpur,Acute Diarrhoeal Disease,0.35,39.09,46.14,10.0
2015-07-04,Tamil Nadu,Krishnagiri,Dengue,6.61,32.7,54.54,8.0
2015-07-05,Odisha,Kalahandi,Acute Diarrhoeal Disease,181.36,31.1,83.17,41.0
2015-07-05,Telangana,Hyderabad,Acute Diarrhoeal Disease,2.2,35.03,49.3,55.0
2015-07-06,Andhra Pradesh,Kadapa,Acute Diarrhoeal Disease,0.95,34.12,48.26,101.0
2015-07-06,Karnataka,Koppal,Acute Diarrhoeal Disease,5.78,34.17,53.26,24.0
2015-07-06,Karnataka,Tumkur,Chikungunya,12.64,31.13,60.83,21.0
2015-07-07,Chhattisgarh,Raipur,Acute Diarrhoeal Disease,16.8,27.29,65.6,208.0
2015-07-07,Madhya Pradesh,Shajapur,Acute Diarrhoeal Disease,1.17,32.06,49.11,32.0
2015-07-07,Maharashtra,Jalna,Acute Diarrhoeal Disease,0.53,37.38,46.85,97.0
2015-07-07,Tamil Nadu,Tiruvannamalai,Dengue,4.93,36.39,51.72,118.0
2015-07-08,Andhra Pradesh,East Godavari,Acute Diarrhoeal Disease,10.26,29.73,59.02,29.0
2015-07-08,Karnataka,Raichur,Acute Diarrhoeal Disease,1.07,36.06,47.81,26.0
2015-07-08,Madhya Pradesh,Barwani,Acute Diarrhoeal Disease,4.63,30.13,53.29,13.0
2015-07-09,Maharashtra,Dhule,Acute Diarrhoeal Disease,2.53,32.63,50.36,22.0
2015-07-09,Maharashtra,Gadchiroli,Malaria,4.43,30.21,53.06,37.0
2015-07-09,Tamil Nadu,Dindigul,Dengue And Chikungunya,4.47,35.28,51.58,38.0
2015-07-10,Haryana,Yamuna Nagar,Acute Diarrhoeal Disease,71.44,27.51,83.3,41.0
2015-07-10,West Bengal,Malda,Malaria,111.42,28.93,83.73,53.0
2015-07-11,Uttar Pradesh,Lucknow,Acute Diarrhoeal Disease,101.07,30.03,83.33,17.0
2015-07-12,Gujarat,Navsari,Acute Diarrhoeal Disease,12.67,28.19,61.74,26.0
2015-07-12,Himachal Pradesh,Mandi,Acute Diarrhoeal Disease,276.99,22.58,85.73,25.0
2015-07-12,Karnataka,Haveri,Acute Diarrhoeal Disease,49.47,24.79,81.64,43.0
2015-07-12,Karnataka,Haveri,Acute Diarrhoeal Disease,49.47,24.79,81.64,14.0
2015-07-12,Maharashtra,Jalgaon,Acute Diarrhoeal Disease,3.96,35.48,50.99,107.0
2015-07-12,West Bengal,Burdwan,Acute Diarrhoeal Disease,175.2,30.03,83.49,36.0
2015-07-13,Karnataka,Kolar,Dengue,5.3,34.47,52.67,49.0
2015-07-13,Madhya Pradesh,Jhabua,Acute Diarrhoeal Disease,8.47,34.85,55.75,47.0
2015-07-13,Maharashtra,Chandrapur,Dengue,27.39,30.99,71.86,70.0
2015-07-13,Maharashtra,Nashik,Acute Diarrhoeal Disease,37.93,29.32,77.19,71.0
2015-07-13,Maharashtra,Satara,Acute Diarrhoeal Disease,8.39,31.73,56.61,56.0
2015-07-14,Chhattisgarh,Koriya,Malaria,112.48,28.51,83.87,434.0
2015-07-14,Gujarat,Navsari,Acute Diarrhoeal Disease,10.98,26.87,60.57,21.0
2015-07-14,Jammu and Kashmir,Udhampur,Acute Diarrhoeal Disease,119.63,21.13,86.11,12.0
2015-07-15,Andhra Pradesh,Krishna,Dengue,9.28,32.18,57.34,140.0
2015-07-15,Bihar,Samastipur,Acute Diarrhoeal Disease,87.08,21.41,85.7,107.0
2015-07-15,Gujarat,Anand,Acute Diarrhoeal Disease,8.86,35.04,56.07,49.0
2015-07-15,Jammu and Kashmir,Kathua,Acute Diarrhoeal Disease,104.98,30.03,83.36,152.0
2015-07-15,Jammu and Kashmir,Kathua,Acute Diarrhoeal Disease,104.98,30.03,83.36,152.0
2015-07-15,Karnataka,Bidar,Acute Diarrhoeal Disease,4.01,36.02,50.89,20.0
2015-07-15,West Bengal,Bardhaman,Acute Diarrhoeal Disease,193.82,28.36,83.99,12.0
2015-07-15,West Bengal,Nadia,Acute Diarrhoeal Disease,183.9,29.24,83.73,28.0
2015-07-16,Chhattisgarh,Rajnandgaon,Malaria,234.01,29.6,83.62,6.0
2015-07-16,Gujarat,Surat,Acute Diarrhoeal Disease,18.89,28.27,66.97,15.0
2015-07-17,Karnataka,Kalburgi,Acute Diarrhoeal Disease,2.48,39.64,48.21,23.0
2015-07-17,Maharashtra,Gadchiroli,Malaria,30.63,30.5,73.74,41.0
2015-07-17,Maharashtra,Gadchiroli,Malaria,30.63,30.5,73.74,68.0
2015-07-17,Uttar Pradesh,Chandauli,Acute Diarrhoeal Disease,49.29,29.36,80.23,37.0
2015-07-18,Madhya Pradesh,Mandla,Malaria,33.13,29.87,75.1,11.0
2015-07-18,Maharashtra,Gondia,Acute Diarrhoeal Disease,38.81,29.46,77.45,39.0
2015-07-18,West Bengal,Birbhum,Acute Diarrhoeal Disease,97.92,33.53,82.25,31.0
2015-07-19,Assam,Kamrup,Dengue,112.71,28.66,83.82,21.0
2015-07-19,Assam,Kamrup,Dengue,112.71,28.66,83.82,153.0
2015-07-19,Assam,Kamrup,Dengue,112.71,28.66,83.82,153.0
2015-07-19,Assam,Kamrup,Dengue,112.71,28.66,83.82,426.0
2015-07-19,Assam,Kamrup,Dengue,112.71,28.66,83.82,489.0
2015-07-19,Gujarat,Anand,Acute Diarrhoeal Disease,11.04,35.16,58.13,22.0
2015-07-19,Madhya Pradesh,Barwani,Acute Diarrhoeal Disease,17.12,34.61,63.66,14.0
2015-07-20,Assam,Nagaon,Malaria,93.27,30.17,83.19,24.0
2015-07-20,Chandigarh,Chandigarh,Cholera,178.08,28.15,84.05,2.0
2015-07-21,Jharkhand,Ranchi,Dengue,136.82,30.03,83.47,169.0
2015-07-21,Kerala,Thiruvananthapuram,Malaria,111.74,34.71,82.0,41.0
2015-07-22,Chhattisgarh,Rajnandgaon,Malaria,13.42,30.03,61.87,14.0
2015-07-22,Jammu and Kashmir,Shopian,Acute Diarrhoeal Disease,90.55,20.35,86.09,55.0
2015-07-22,Maharashtra,Chandrapur,Dengue,37.26,39.99,73.74,87.0
2015-07-23,Madhya Pradesh,Burhanpur,Acute Diarrhoeal Disease,79.8,30.03,82.91,15.0
2015-07-23,Madhya Pradesh,Hoshangabad,Malaria,129.77,30.03,83.46,15.0
2015-07-23,Maharashtra,Pune,Acute Diarrhoeal Disease,50.36,30.03,80.24,36.0
2015-07-23,Maharashtra,Wardha,Acute Diarrhoeal Disease,26.29,29.73,71.6,10.0
2015-07-23,Rajasthan,Jhunjhunu,Acute Diarrhoeal Disease,25.15,35.3,69.24,46.0
2015-07-23,West Bengal,Paschim Medinipur,Acute Diarrhoeal Disease,183.05,30.03,83.49,20.0
2015-07-24,Jharkhand,Latehar,Malaria,83.21,30.03,83.02,173.0
2015-07-24,Madhya Pradesh,Balaghat,Malaria,57.35,30.03,81.32,11.0
2015-07-24,Maharashtra,Wardha,Acute Diarrhoeal Disease,30.58,29.73,73.94,13.0
2015-07-24,Odisha,Ganjam,Acute Diarrhoeal Disease,5.0,33.41,57.67,23.0
2015-07-25,Chhattisgarh,Janjgir,Acute Diarrhoeal Disease,70.0,30.03,82.46,19.0
2015-07-25,Madhya Pradesh,Ashok nagar,Acute Diarrhoeal Disease,140.5,31.15,83.14,13.0
2015-07-25,Telangana,Mahabubnagar,Dengue,16.79,28.99,65.08,25.0
2015-07-26,Bihar,Rohtas,Malaria,77.51,30.03,82.83,130.0
2015-07-26,Karnataka,Hassan,Acute Diarrhoeal Disease,43.28,25.97,79.86,87.0
2015-07-26,Madhya Pradesh,Shajapur,Acute Diarrhoeal Disease,250.22,27.89,84.13,95.0
2015-07-26,Uttar Pradesh,Siddharth Nagar,Acute Diarrhoeal Disease,23.67,30.03,69.87,37.0
2015-07-27,Chandigarh,Chandigarh,Cholera,33.73,32.35,74.62,2.0
2015-07-27,Gujarat,Tapi,Dengue,100.98,30.03,83.33,9.0
2015-07-27,Haryana,Panipat,Acute Diarrhoeal Disease,20.46,30.0,67.64,37.0
2015-07-27,Haryana,Panipat,Acute Diarrhoeal Disease,20.46,30.0,67.64,196.0
2015-07-27,Karnataka,Bidar,Cholera,14.31,30.03,62.66,15.0
2015-07-27,Madhya Pradesh,Indore,Cholera,170.21,30.03,83.49,6.0
2015-07-27,Madhya Pradesh,Sagar,Acute Diarrhoeal Disease,206.78,30.03,83.49,15.0
2015-07-27,Maharashtra,Nagpur,Dengue,35.61,30.03,76.1,25.0
2015-07-27,Odisha,Koraput,Acute Diarrhoeal Disease,53.58,30.03,80.79,26.0
2015-07-27,West Bengal,South 24 Parganas,Acute Diarrhoeal Disease,164.3,30.03,83.49,19.0
2015-07-28,Andhra Pradesh,Vizianagaram,Acute Diarrhoeal Disease,17.63,30.03,65.45,26.0
2015-07-28,Bihar,Aurangabad,Malaria,51.03,30.32,80.28,3.0
2015-07-28,Bihar,Nawada,Acute Diarrhoeal Disease,64.66,30.54,81.92,14.0
2015-07-28,Bihar,Patna,Acute Diarrhoeal Disease,14.34,30.52,62.54,28.0
2015-07-28,Bihar,West Champaran,Acute Diarrhoeal Disease,25.85,29.4,71.44,22.0
2015-07-28,Chhattisgarh,Raipur,Acute Diarrhoeal Disease,48.91,29.62,80.08,117.0
2015-07-28,Chhattisgarh,Rajnandgaon,Acute Diarrhoeal Disease,20.71,28.06,68.4,19.0
2015-07-28,Chhattisgarh,Rajnandgaon,Malaria,20.71,28.06,68.4,27.0
2015-07-28,Delhi,New Delhi,Acute Diarrhoeal Disease,14.03,32.69,61.61,21.0
2015-07-28,Gujarat,Kheda,Acute Diarrhoeal Disease,300.0,30.03,83.49,193.0
2015-07-28,Gujarat,Kheda,Acute Diarrhoeal Disease,300.0,30.03,83.49,214.0
2015-07-28,Jammu and Kashmir,Anantnag,Acute Diarrhoeal Disease,58.46,19.77,84.53,51.0
2015-07-28,Jammu and Kashmir,Anantnag,Acute Diarrhoeal Disease,87.65,21.21,85.77,90.0
2015-07-28,Jammu and Kashmir,Baramulla,Acute Diarrhoeal Disease,44.98,21.45,81.65,53.0
2015-07-28,Madhya Pradesh,Bhopal,Acute Diarrhoeal Disease,163.36,26.35,84.59,14.0
2015-07-28,Madhya Pradesh,Katni,Acute Diarrhoeal Disease,68.6,29.43,82.55,30.0
2015-07-28,Madhya Pradesh,Khargone,Acute Diarrhoeal Disease,88.87,30.03,83.15,56.0
2015-07-28,Madhya Pradesh,Sehore,Acute Diarrhoeal Disease,232.14,30.03,83.49,32.0
2015-07-28,Odisha,Sonepur,Acute Diarrhoeal Disease,83.28,29.97,83.04,39.0
2015-07-28,West Bengal,Bankura,Acute Diarrhoeal Disease,239.86,26.97,84.41,50.0
2015-08-01,Haryana,Yamuna Nagar,Acute Diarrhoeal Disease,13.23,28.23,62.23,80.0
2015-08-01,Madhya Pradesh,Dewas,Acute Diarrhoeal Disease,115.08,26.45,84.49,45.0
2015-08-01,Telangana,Medak,Dengue,2.8,33.47,50.39,13.0
2015-08-01,Uttar Pradesh,Kanpur,Dengue,6.08,31.83,54.27,38.0
2015-08-02,West Bengal,Bardhaman,Acute Diarrhoeal Disease,211.18,28.11,84.07,16.0
2015-08-02,West Bengal,Purba Medinipur,Dengue,300.0,28.11,84.07,41.0
2015-08-03,Gujarat,Surat,Acute Diarrhoeal Disease,56.72,25.67,82.55,61.0
2015-08-03,Punjab,Ludhiana,Cholera,36.46,28.88,76.78,414.0
2015-08-03,Telangana,Mahabubnagar,Acute Diarrhoeal Disease,6.19,37.08,52.8,40.0
2015-08-04,Assam,Nagaon,Dengue,73.33,31.56,82.18,9.0
2015-08-05,Assam,Karbi - Anglong,Acute Diarrhoeal Disease,97.21,28.41,83.77,36.0
2015-08-05,West Bengal,Bardhaman,Acute Diarrhoeal Disease,138.41,28.11,84.05,21.0
2015-08-06,Jammu and Kashmir,Kupwara,Acute Diarrhoeal Disease,69.79,13.99,87.25,78.0
2015-08-06,Jharkhand,Dumka,Acute Diarrhoeal Disease,132.65,30.78,83.24,13.0
2015-08-06,Madhya Pradesh,Dhar,Acute Diarrhoeal Disease,55.84,28.11,81.69,8.0
2015-08-06,Rajasthan,Ganganagar,Acute Diarrhoeal Disease,85.33,30.16,83.04,21.0
2015-08-06,West Bengal,Bankura,Acute Diarrhoeal Disease,130.5,29.15,83.73,67.0
2015-08-07,Jammu and Kashmir,Kupwara,Acute Diarrhoeal Disease,69.89,15.64,86.77,62.0
2015-08-08,Chandigarh,Chandigarh,Cholera,36.86,29.55,76.73,16.0
2015-08-08,Chandigarh,Chandigarh,Cholera,36.86,29.55,76.73,43.0
2015-08-08,Maharashtra,Nashik,Dengue,48.7,24.21,81.66,10.0
2015-08-08,Uttar Pradesh,Badaun,Malaria,35.86,33.97,75.02,74.0
2015-08-09,Madhya Pradesh,Balaghat,Acute Diarrhoeal Disease,229.28,29.31,83.71,53.0
2015-08-09,West Bengal,West Midnapore,Acute Diarrhoeal Disease,28.78,22.73,75.11,26.0
2015-08-10,Jharkhand,West Singhbhum,Acute Diarrhoeal Disease,6.43,28.44,55.63,16.0
2015-08-10,Madhya Pradesh,Indore,Cholera,48.98,25.03,81.47,3.0
2015-08-10,Rajasthan,Baran,Dengue,103.72,26.83,84.31,32.0
2015-08-10,Uttar Pradesh,Chandauli,Acute Diarrhoeal Disease,24.37,27.54,71.07,18.0
2015-08-10,West Bengal,South 24 Parganas,Acute Diarrhoeal Disease,20.34,27.44,68.32,575.0
2015-08-11,Tamil Nadu,Kancheepuram,Dengue,19.05,33.53,65.51,33.0
2015-08-12,Madhya Pradesh,Khargone,Acute Diarrhoeal Disease,27.31,24.83,73.66,32.0
2015-08-13,Odisha,Cuttack,Acute Diarrhoeal Disease,49.43,29.11,80.34,27.0
2015-08-13,Odisha,Ganjam,Acute Diarrhoeal Disease,5.0,32.1,58.06,50.0
2015-08-13,Odisha,Ganjam,Acute Diarrhoeal Disease,5.0,32.1,58.06,50.0
2015-08-13,Tamil Nadu,Theni,Dengue,1.44,40.81,46.77,19.0
2015-08-13,West Bengal,Birbhum,Acute Diarrhoeal Disease,68.44,30.02,82.36,19.0
2015-08-14,Arunachal Pradesh,West Siang,Dengue,64.63,19.38,85.27,15.0
2015-08-14,Arunachal Pradesh,West Siang,Dengue,64.63,19.38,85.27,29.0
2015-08-14,Arunachal Pradesh,West Siang,Dengue,64.63,19.38,85.27,34.0
2015-08-14,Arunachal Pradesh,West Siang,Dengue,64.63,19.38,85.27,49.0
2015-08-14,Arunachal Pradesh,West Siang,Dengue,64.63,19.38,85.27,62.0
2015-08-14,Arunachal Pradesh,West Siang,Dengue,64.63,19.38,85.27,74.0
2015-08-14,Arunachal Pradesh,West Siang,Dengue,64.63,19.38,85.27,95.0
2015-08-14,Arunachal Pradesh,West Siang,Dengue,64.63,19.38,85.27,102.0
2015-08-14,Dadra and Nagar Haveli,Dadra and Nagar Haveli,Cholera,49.12,26.93,80.93,1.0
2015-08-14,Karnataka,Tumkur,Chikungunya,38.11,31.62,76.56,18.0
2015-08-14,Maharashtra,Chandrapur,Malaria,83.17,29.39,83.21,88.0
2015-08-14,Maharashtra,Gadchiroli,Acute Diarrhoeal Disease,139.72,29.79,83.55,54.0
2015-08-15,Jammu and Kashmir,Baramulla,Acute Diarrhoeal Disease,10.43,18.65,62.51,80.0
2015-08-15,Uttar Pradesh,Badaun,Malaria,38.66,29.66,77.34,67.0
2015-08-15,Uttar Pradesh,Chandauli,Acute Diarrhoeal Disease,56.67,30.01,81.24,15.0
2015-08-16,Tamil Nadu,Madurai,Acute Diarrhoeal Disease,6.07,41.83,51.26,11.0
2015-08-17,Madhya Pradesh,Indore,Cholera,81.61,28.11,83.55,5.0
2015-08-17,Tamil Nadu,Krishnagiri,Acute Diarrhoeal Disease,23.36,37.81,67.33,17.0
2015-08-17,Telangana,Nalgonda,Dengue,43.16,31.01,78.31,15.0
2015-08-17,Uttar Pradesh,Bareilly,Dengue,85.36,29.42,83.26,64.0
2015-08-17,Uttar Pradesh,Gautam Buddha Nagar,Dengue,47.48,26.89,80.6,48.0
2015-08-17,West Bengal,Bankura,Cholera,66.87,29.49,82.41,34.0
2015-08-18,Arunachal Pradesh,East Siang,Chikungunya,300.0,25.21,84.94,38.0
2015-08-18,Arunachal Pradesh,Upper Siang,Dengue,300.0,25.21,84.94,20.0
2015-08-18,Arunachal Pradesh,Upper Siang,Dengue,300.0,25.21,84.94,23.0
2015-08-18,Karnataka,Kolar,Chikungunya,35.25,34.0,74.76,19.0
2015-08-18,Karnataka,Kolar,Chikungunya,35.25,34.0,74.76,24.0
2015-08-18,Madhya Pradesh,Sheopur,Malaria,83.04,28.83,83.37,9.0
2015-08-18,Rajasthan,Alwar,Dengue,36.34,29.72,76.48,55.0
2015-08-18,Rajasthan,Kota,Dengue,78.34,28.65,83.27,65.0
2015-08-18,West Bengal,Hooghly,Acute Diarrhoeal Disease,68.3,29.91,82.38,30.0
2015-08-19,Andhra Pradesh,Nellore,Malaria,21.51,36.23,66.53,11.0
2015-08-19,Chhattisgarh,Janjgir,Acute Diarrhoeal Disease,123.86,22.43,85.73,34.0
2015-08-19,Maharashtra,Gadchiroli,Acute Diarrhoeal Disease,105.23,26.35,84.47,11.0
2015-08-19,Uttar Pradesh,Hardoi,Malaria,58.73,28.11,82.06,50.0
2015-08-20,Andhra Pradesh,Nellore,Dengue,21.75,35.42,66.94,13.0
2015-08-20,Bihar,Saharsa,Acute Diarrhoeal Disease,123.58,22.42,85.73,15.0
2015-08-20,Karnataka,Gadag,Chikungunya,17.56,35.76,63.67,20.0
2015-08-20,Madhya Pradesh,Morena,Malaria,40.48,25.93,79.05,50.0
2015-08-20,Madhya Pradesh,Shajapur,Acute Diarrhoeal Disease,92.11,28.11,83.79,54.0
2015-08-20,Odisha,Mayurbhanj,Acute Diarrhoeal Disease,89.85,27.29,84.0,32.0
2015-08-20,Rajasthan,Baran,Cholera,97.72,28.11,83.87,55.0
2015-08-21,Arunachal Pradesh,Papum Pare,Dengue,274.52,28.11,84.07,43.0
2015-08-21,Madhya Pradesh,Panna,Malaria,79.35,26.69,83.9,20.0
2015-08-21,Maharashtra,Nagpur,Acute Diarrhoeal Disease,26.1,29.66,71.51,31.0
2015-08-22,Andhra Pradesh,Kadapa,Acute Diarrhoeal Disease,30.23,39.53,70.83,35.0
2015-08-22,Chhattisgarh,Raipur,Dengue,45.21,30.03,79.14,10.0
2015-08-22,Chhattisgarh,Raipur,Dengue,45.21,30.03,79.14,17.0
2015-08-22,Chhattisgarh,Raipur,Dengue,45.21,30.03,79.14,42.0
2015-08-22,Chhattisgarh,Raipur,Dengue,45.21,30.03,79.14,47.0
2015-08-22,Chhattisgarh,Raipur,Dengue,45.21,30.03,79.14,57.0
2015-08-22,Dadra and Nagar Haveli,Dadra and Nagar Haveli,Chikungunya,30.33,27.06,74.62,2.0
2015-08-22,Karnataka,Udupi,Cholera,48.23,27.46,80.59,7.0
2015-08-22,Manipur,Churachandpur,Dengue,169.24,28.11,84.06,16.0
2015-08-23,West Bengal,Bankura,Acute Diarrhoeal Disease,62.89,30.39,81.81,14.0
2015-08-23,West Bengal,Nadia,Acute Diarrhoeal Disease,50.87,28.11,80.91,76.0
2015-08-24,Chandigarh,Chandigarh,Dengue,61.92,25.67,83.13,13.0
2015-08-24,Chandigarh,Chandigarh,Dengue,61.92,25.67,83.13,85.0
2015-08-24,Chandigarh,Chandigarh,Dengue,61.92,25.67,83.13,112.0
2015-08-24,Madhya Pradesh,Khargone,Acute Diarrhoeal Disease,6.86,29.04,55.9,58.0
2015-08-24,Uttar Pradesh,Saharanpur,Malaria,70.03,25.77,83.74,113.0
2015-08-25,Madhya Pradesh,Umaria,Malaria,19.14,27.07,67.52,14.0
2015-08-25,Tamil Nadu,Tiruvannamalai,Dengue,20.01,33.67,66.2,12.0
2015-08-26,Karnataka,Dharwad,Chikungunya,25.21,33.62,69.77,41.0
2015-08-26,Madhya Pradesh,Hoshangabad,Malaria,13.23,27.76,62.38,69.0
2015-08-26,Punjab,Hoshiarpur,Cholera,56.58,27.32,82.03,18.0
2015-08-26,West Bengal,Bankura,Acute Diarrhoeal Disease,42.26,29.04,78.65,23.0
2015-08-27,Andhra Pradesh,Kadapa,Acute Diarrhoeal Disease,13.15,31.91,61.06,23.0
2015-08-27,Maharashtra,Satara,Dengue,9.07,33.73,56.67,11.0
2015-08-27,Rajasthan,Sikar,Acute Diarrhoeal Disease,1.53,30.44,49.98,61.0
2015-08-27,Uttar Pradesh,Jhansi,Acute Diarrhoeal Disease,5.37,29.12,54.36,16.0
2015-08-27,West Bengal,Purba Medinipur,Dengue,64.64,28.96,82.39,41.0
2015-08-28,Bihar,Gopalganj,Acute Diarrhoeal Disease,76.87,27.91,83.44,9.0
2015-08-28,Bihar,Jehanabad,Acute Diarrhoeal Disease,50.1,30.43,80.07,14.0
2015-08-28,Bihar,Madhubani,Acute Diarrhoeal Disease,79.88,21.62,85.44,11.0
2015-08-28,Jharkhand,Lohardaga,Acute Diarrhoeal Disease,47.57,26.88,80.62,53.0
2015-08-28,Karnataka,Haveri,Acute Diarrhoeal Disease,19.48,23.78,68.77,27.0
2015-08-28,Madhya Pradesh,Shajapur,Acute Diarrhoeal Disease,7.5,27.8,56.9,12.0
2015-08-28,Maharashtra,Satara,Dengue,7.63,32.46,55.64,10.0
2015-08-28,Tamil Nadu,Madurai,Acute Diarrhoeal Disease,2.36,36.39,49.06,46.0
2015-08-28,Tamil Nadu,Tiruvarur,Acute Diarrhoeal Disease,0.24,35.83,47.0,25.0
2015-08-28,West Bengal,Bankura,Cholera,69.97,28.37,82.95,62.0
2015-08-28,West Bengal,Burdwan,Acute Diarrhoeal Disease,74.45,27.34,83.5,38.0
2015-08-28,West Bengal,Burdwan,Acute Diarrhoeal Disease,74.45,27.34,83.5,38.0
2015-08-28,West Bengal,Nadia,Dengue,71.77,26.17,83.72,108.0
2015-08-28,West Bengal,Nadia,Dengue,71.77,26.17,83.72,123.0
2015-08-28,West Bengal,Nadia,Dengue,71.77,26.17,83.72,133.0
2015-08-28,West Bengal,South 24 Parganas,Acute Diarrhoeal Disease,75.92,28.11,83.34,15.0
2015-09-01,Bihar,Saran,Acute Diarrhoeal Disease,58.5,27.11,82.34,47.0
2015-09-01,Haryana,Mewat,Malaria,1.04,31.09,49.27,727.0
2015-09-01,Himachal Pradesh,Una,Acute Diarrhoeal Disease,12.5,27.5,61.8,12.0
2015-09-01,Madhya Pradesh,Shivpuri,Dengue,6.76,30.0,55.51,15.0
2015-09-01,Madhya Pradesh,Shivpuri,Dengue,6.76,30.0,55.51,30.0
2015-09-01,Madhya Pradesh,Shivpuri,Dengue,6.76,30.0,55.51,38.0
2015-09-01,Maharashtra,Chandrapur,Acute Diarrhoeal Disease,129.61,28.35,83.97,38.0
2015-09-01,Meghalaya,West Jaintia Hills,Acute Diarrhoeal Disease,298.37,28.35,84.0,30.0
2015-09-01,Uttar Pradesh,Chandauli,Acute Diarrhoeal Disease,70.4,27.54,83.23,89.0
2015-09-01,West Bengal,Purulia,Cholera,79.18,27.71,83.59,15.0
2015-09-02,Bihar,Saharsa,Acute Diarrhoeal Disease,40.02,25.6,79.0,17.0
2015-09-02,Bihar,Vaishali,Acute Diarrhoeal Disease,46.29,25.54,80.74,11.0
2015-09-02,Chandigarh,Chandigarh,Dengue,6.08,28.53,55.26,905.0
2015-09-02,Chandigarh,Chandigarh,Dengue,6.08,28.53,55.26,919.0
2015-09-02,Chhattisgarh,Sukma,Dengue,131.48,28.35,83.97,140.0
2015-09-02,Jammu and Kashmir,Jammu and Kashmir,Dengue,10.04,23.49,60.69,66.0
2015-09-02,Jammu and Kashmir,Jammu and Kashmir,Dengue,10.04,23.49,60.69,108.0
2015-09-02,Jammu and Kashmir,Jammu and Kashmir,Dengue,10.04,23.49,60.69,132.0
2015-09-03,Assam,Karbi Anglong,Acute Diarrhoeal Disease,143.34,10.0,89.49,82.0
2015-09-03,Assam,Karbi-Anglong (DIPHU),Acute Diarrhoeal Disease,143.34,10.0,89.49,87.0
2015-09-03,Assam,Lakhimpur,Dengue,300.0,28.35,84.0,22.0
2015-09-03,Dadra and Nagar Haveli,Dadra and Nagar Haveli,Dengue,21.88,25.68,69.96,12.0
2015-09-03,Tamil Nadu,Thanjavur,Dengue,3.54,39.34,49.4,22.0
2015-09-04,Bihar,Muzaffarpur,Acute Diarrhoeal Disease,23.28,26.18,70.76,52.0
2015-09-04,Bihar,Rohtas,Acute Diarrhoeal Disease,32.63,26.09,76.01,6.0
2015-09-04,Himachal Pradesh,Hamirpur,Acute Diarrhoeal Disease,9.58,28.12,58.85,190.0
2015-09-04,Odisha,Bargarh,Acute Diarrhoeal Disease,55.68,26.93,82.03,6.0
2015-09-04,Uttar Pradesh,Lucknow,Acute Diarrhoeal Disease,5.15,29.58,54.0,12.0
2015-09-05,Madhya Pradesh,Panna,Malaria,14.57,27.89,63.53,97.0
2015-09-05,Odisha,Sonepur,Acute Diarrhoeal Disease,50.13,29.23,80.44,7.0
2015-09-05,Odisha,Subarnapur,Acute Diarrhoeal Disease,105.69,32.39,82.66,8.0
2015-09-07,Arunachal Pradesh,Papum Pare,Dengue,120.24,14.06,88.23,20.0
2015-09-07,Bihar,Rohtas,Acute Diarrhoeal Disease,3.74,28.6,52.83,20.0
2015-09-07,Goa,South Goa,Malaria,8.38,26.86,58.06,19.0
2015-09-07,Gujarat,Anand,Acute Diarrhoeal Disease,3.16,31.89,51.24,34.0
2015-09-07,Himachal Pradesh,Solan,Dengue,3.76,24.72,54.02,151.0
2015-09-07,Karnataka,Chikballapur,Acute Diarrhoeal Disease,67.3,32.28,81.6,12.0
2015-09-07,Madhya Pradesh,Balaghat,Acute Diarrhoeal Disease,18.92,27.39,67.26,12.0
2015-09-08,Madhya Pradesh,Harda,Acute Diarrhoeal Disease,2.33,30.69,50.74,20.0
2015-09-08,Madhya Pradesh,Harda,Acute Diarrhoeal Disease,2.33,30.69,50.74,20.0
2015-09-08,Tamil Nadu,Thiruvannamalai,Dengue And Chikungunya,28.63,31.25,72.47,28.0
2015-09-08,Uttar Pradesh,Badaun,Malaria,0.51,31.96,48.45,39.0
2015-09-08,Uttar Pradesh,Badaun,Malaria,0.51,31.96,48.45,52.0
2015-09-08,Uttar Pradesh,Chandauli,Acute Diarrhoeal Disease,2.13,28.95,51.05,20.0
2015-09-09,Chhattisgarh,Bemetara,Acute Diarrhoeal Disease,12.93,29.39,61.61,39.0
2015-09-09,Tamil Nadu,Sivaganga,Dengue,27.49,28.35,72.71,21.0
2015-09-10,Bihar,Muzaffarpur,Acute Diarrhoeal Disease,4.05,29.29,52.95,8.0
2015-09-10,Gujarat,Gir Somnath,Malaria,5.37,30.11,54.05,82.0
2015-09-10,Karnataka,Tumkur,Dengue And Chikungunya,89.93,31.01,82.88,23.0
2015-09-10,Karnataka,Tumkur,Chikungunya,89.93,31.01,82.88,16.0
2015-09-10,Maharashtra,Kolhapur,Malaria,40.09,37.4,75.49,14.0
2015-09-10,Tamil Nadu,Dharmapuri,Malaria,69.5,33.8,81.29,249.0
2015-09-11,Punjab,Jalandhar,Acute Diarrhoeal Disease,1.93,30.22,50.46,12.0
2015-09-11,Tamil Nadu,Kancheepuram,Dengue,70.57,35.35,80.89,17.0
2015-09-11,West Bengal,Burdwan,Dengue,7.97,31.18,56.36,36.0
2015-09-11,West Bengal,Burdwan,Dengue,7.97,31.18,56.36,36.0
2015-09-12,Jharkhand,Jamtara,Malaria,11.72,31.27,59.95,12.0
2015-09-12,Madhya Pradesh,Bhind,Malaria,0.01,34.91,47.03,9.0
2015-09-12,Odisha,Ganjam,Chikungunya,5.0,29.84,58.74,56.0
2015-09-12,Tamil Nadu,Pudukkottai,Dengue,14.39,36.16,60.89,27.0
2015-09-12,Uttar Pradesh,Fatehpur,Dengue,3.98,33.44,51.63,57.0
2015-09-12,Uttar Pradesh,Hardoi,Malaria,3.83,32.7,51.69,84.0
2015-09-13,Odisha,Bargarh,Acute Diarrhoeal Disease,24.52,30.6,70.25,19.0
2015-09-14,Bihar,Rohtas,Acute Diarrhoeal Disease,8.49,31.62,56.74,30.0
2015-09-14,Chhattisgarh,Raigarh,Acute Diarrhoeal Disease,10.14,30.25,58.76,29.0
2015-09-14,Maharashtra,Nanded,Acute Diarrhoeal Disease,57.51,31.32,80.95,38.0
2015-09-14,Tamil Nadu,Tirunelveli,Dengue,6.79,35.77,53.8,85.0
2015-09-15,Bihar,Madhubani,Acute Diarrhoeal Disease,65.43,28.12,82.71,23.0
2015-09-15,Maharashtra,Wardha,Malaria,18.14,32.32,65.17,23.0
2015-09-15,Uttar Pradesh,Jhansi,Acute Diarrhoeal Disease,22.32,35.56,67.3,28.0
2015-09-15,Uttar Pradesh,Lucknow,Acute Diarrhoeal Disease,19.01,32.79,65.71,19.0
2015-09-16,Dadra and Nagar Haveli,Dadra and Nagar Haveli,Dengue,128.98,27.65,84.17,16.0
2015-09-16,Jammu and Kashmir,Doda,Acute Diarrhoeal Disease,3.19,22.58,54.06,36.0
2015-09-16,Maharashtra,Nanded,Dengue,104.72,31.0,83.07,15.0
2015-09-17,Andhra Pradesh,West Godavari,Acute Diarrhoeal Disease,133.52,30.51,83.32,11.0
2015-09-17,Maharashtra,Bhandara,Acute Diarrhoeal Disease,50.52,31.7,79.77,24.0
2015-09-18,Andhra Pradesh,Visakhapatnam,Acute Diarrhoeal Disease,269.23,28.35,84.0,52.0
2015-09-19,Chandigarh,Chandigarh,Cholera,4.93,29.1,53.91,3.0
2015-09-19,Madhya Pradesh,Katni,Dengue,53.21,30.1,80.71,9.0
2015-09-19,Tamil Nadu,Tiruvannamalai,Acute Diarrhoeal Disease,0.55,36.92,47.0,21.0
2015-09-20,Karnataka,Bagalkot,Cholera,70.26,31.73,81.96,66.0
2015-09-20,West Bengal,Bankura,Acute Diarrhoeal Disease,67.35,27.8,82.95,72.0
2015-09-20,West Bengal,Bankura,Acute Diarrhoeal Disease,67.35,27.8,82.95,181.0
2015-09-21,Arunachal Pradesh,Papum Pare,Dengue,187.53,23.22,85.53,33.0
2015-09-21,Arunachal Pradesh,Papum Pare,Dengue,187.53,23.22,85.53,80.0
2015-09-21,Arunachal Pradesh,Papum Pare,Dengue,187.53,23.22,85.53,106.0
2015-09-21,Karnataka,Chamarajanagar,Chikungunya,16.76,34.48,63.4,21.0
2015-09-21,Odisha,Ganjam,Acute Diarrhoeal Disease,5.0,28.68,59.09,20.0
2015-09-21,Uttar Pradesh,Chandauli,Acute Diarrhoeal Disease,42.36,30.67,78.19,19.0
2015-09-22,Maharashtra,Beed,Acute Diarrhoeal Disease,178.49,29.5,83.65,22.0
2015-09-22,Maharashtra,Nashik,Malaria,146.11,24.2,85.23,36.0
2015-09-22,Tamil Nadu,Tirunelveli,Acute Diarrhoeal Disease,3.83,36.74,50.48,19.0
2015-09-22,Uttar Pradesh,Agra,Dengue,39.32,33.25,76.48,45.0
2015-09-22,Uttar Pradesh,Jhansi,Dengue,25.84,34.65,69.85,23.0
2015-09-22,West Bengal,Purba Medinipur,Dengue,67.41,29.05,82.58,40.0
2015-09-23,Maharashtra,Thane,Acute Diarrhoeal Disease,81.65,26.53,84.02,27.0
2015-09-23,Odisha,Kalahandi,Acute Diarrhoeal Disease,96.02,28.68,83.68,25.0
2015-09-23,Tamil Nadu,Namakkal,Dengue,2.09,40.35,47.59,11.0
2015-09-23,Tamil Nadu,Thanjavur,Dengue,12.19,41.2,57.4,19.0
2015-09-24,Assam,Dhemaji,Dengue,200.1,29.35,83.69,11.0
2015-09-24,Assam,Dhemaji,Dengue,200.1,29.35,83.69,11.0
2015-09-24,Chhattisgarh,Dhamtari,Acute Diarrhoeal Disease,81.4,28.51,83.42,38.0
2015-09-24,Karnataka,Ramanagara,Chikungunya,2.72,28.94,51.67,18.0
2015-09-24,Karnataka,Tumkur,Chikungunya,4.62,29.55,53.46,15.0
2015-09-24,West Bengal,Birbhum,Dengue,138.28,29.13,83.74,26.0
2015-09-24,West Bengal,Birbhum,Dengue,138.28,29.13,83.74,112.0
2015-09-25,Andhra Pradesh,Vizianagaram,Acute Diarrhoeal Disease,69.06,32.25,81.73,54.0
2015-09-25,Assam,Udalguri,Acute Diarrhoeal Disease,252.3,16.79,87.46,55.0
2015-09-25,Maharashtra,Jalgaon,Acute Diarrhoeal Disease,5.71,29.76,54.51,100.0
2015-09-25,Tamil Nadu,Tiruchirapalli,Acute Diarrhoeal Disease,22.23,37.6,66.62,18.0
2015-09-26,Chhattisgarh,Rajnandgaon,Malaria,47.01,26.78,80.53,13.0
2015-09-26,Maharashtra,Pune,Acute Diarrhoeal Disease,14.64,28.68,63.35,35.0
2015-09-26,Uttar Pradesh,Fatehpur,Dengue,15.37,31.46,63.15,12.0
2015-09-27,Rajasthan,Pratapgarh,Acute Diarrhoeal Disease,15.31,29.19,63.78,38.0
2015-09-27,Uttar Pradesh,Hardoi,Dengue,5.06,29.41,53.95,75.0
2015-09-28,Telangana,Mahbubnagar,Cholera,12.19,35.52,59.1,172.0
2015-09-28,West Bengal,Burdwan,Acute Diarrhoeal Disease,51.6,28.6,80.89,37.0
2015-09-28,West Bengal,Paschim Medinipur,Acute Diarrhoeal Disease,20.86,28.15,68.49,22.0
2015-10-01,Jharkhand,Latehar,Malaria,0.5,28.12,49.59,24.0
2015-10-01,Jharkhand,Latehar,Malaria,0.5,28.12,49.59,162.0
2015-10-01,Madhya Pradesh,Mandsaur,Malaria,0.01,39.16,45.76,27.0
2015-10-02,Chhattisgarh,Rajnandgaon,Acute Diarrhoeal Disease,1.18,27.38,50.53,18.0
2015-10-02,Jharkhand,West Singhbhum,Malaria,2.19,30.21,50.73,21.0
2015-10-02,Karnataka,Ballari,Chikungunya,14.84,32.62,62.34,66.0
2015-10-02,Madhya Pradesh,Mandla,Malaria,0.53,29.56,49.19,27.0
2015-10-02,Rajasthan,Dungarpur,Acute Diarrhoeal Disease,0.39,31.45,48.47,52.0
2015-10-04,Kerala,Palakkad,Dengue,122.22,27.3,84.27,10.0
2015-10-04,Uttar Pradesh,Jhansi,Dengue,0.09,39.1,45.87,26.0
2015-10-04,Uttar Pradesh,Lucknow,Acute Diarrhoeal Disease,0.01,34.01,47.3,10.0
2015-10-05,Bihar,Vaishali,Acute Diarrhoeal Disease,1.34,30.97,49.62,58.0
2015-10-05,Karnataka,Bangalore,Acute Diarrhoeal Disease,40.45,28.25,78.35,30.0
2015-10-05,Rajasthan,Sawai Madhopur,Dengue,0.0,41.88,44.94,8.0
2015-10-05,Tamil Nadu,Thiruvannamalai,Chikungunya,46.34,37.51,77.16,42.0
2015-10-05,West Bengal,Birbhum,Dengue,5.97,29.61,54.82,286.0
2015-10-05,West Bengal,Birbhum,Dengue,5.97,29.61,54.82,284.0
2015-10-06,Assam,Udalguri,Acute Diarrhoeal Disease,17.79,28.03,66.17,14.0
2015-10-06,Gujarat,Anand,Cholera,0.06,36.31,46.67,72.0
2015-10-06,Madhya Pradesh,Khargone,Acute Diarrhoeal Disease,0.4,33.25,47.94,89.0
2015-10-06,West Bengal,Burdwan,Acute Diarrhoeal Disease,7.25,29.23,56.22,138.0
2015-10-06,West Bengal,Jalpaiguri,Acute Diarrhoeal Disease,3.35,25.89,53.24,10.0
2015-10-07,Andhra Pradesh,East Godavari,Acute Diarrhoeal Disease,78.62,28.51,83.33,182.0
2015-10-07,Maharashtra,Nashik,Dengue,41.82,29.9,78.26,18.0
2015-10-08,Madhya Pradesh,Betul,Malaria,2.45,31.7,50.56,13.0
2015-10-08,Tamil Nadu,Thiruvannamalai,Dengue,18.11,38.1,63.41,9.0
2015-10-09,West Bengal,Burdwan,Acute Diarrhoeal Disease,24.93,29.12,70.95,28.0
2015-10-10,Arunachal Pradesh,West Siang,Dengue,27.93,21.39,75.05,20.0
2015-10-10,Madhya Pradesh,Mandla,Malaria,0.01,33.45,47.47,135.0
2015-10-12,Chhattisgarh,Raipur,Acute Diarrhoeal Disease,0.05,31.17,48.2,31.0
2015-10-12,Lakshadweep,Lakshadweep,Dengue,5.0,29.26,58.92,56.0
2015-10-13,Assam,Chirang,Malaria,13.25,25.45,63.08,185.0
2015-10-13,Assam,Chirang,Malaria,13.25,25.45,63.08,185.0
2015-10-13,Assam,Chirang,Malaria,13.25,25.45,63.08,329.0
2015-10-13,Karnataka,Tumkur,Dengue,41.19,28.58,78.47,21.0
2015-10-14,Jharkhand,Pakur,Dengue,18.57,30.06,66.19,91.0
2015-10-14,Madhya Pradesh,Khandwa,Dengue,0.0,37.92,46.13,11.0
2015-10-14,Nagaland,Dimapur,Dengue,43.89,27.04,79.7,16.0
2015-10-14,Punjab,S.A.S Nagar,Acute Diarrhoeal Disease,1.93,29.78,50.59,18.0
2015-10-15,Andhra Pradesh,Nellore,Acute Diarrhoeal Disease,59.28,30.9,81.29,48.0
2015-10-15,West Bengal,Jalpaiguri,Chikungunya,22.29,26.42,70.02,24.0
2015-10-15,West Bengal,Jalpaiguri,Chikungunya,22.29,26.42,70.02,30.0
2015-10-20,Arunachal Pradesh,Changlang,Malaria,9.93,25.32,60.03,40.0
2015-10-20,Arunachal Pradesh,Changlang,Malaria,9.93,25.32,60.03,61.0
2015-10-20,Arunachal Pradesh,Changlang,Malaria,9.93,25.32,60.03,407.0
2015-10-20,Madhya Pradesh,Sagar,Malaria,0.15,37.58,46.39,21.0
2015-10-21,Andhra Pradesh,Visakhapatnam,Acute Diarrhoeal Disease,9.57,30.37,58.17,15.0
2015-10-21,Uttar Pradesh,Mathura,Malaria,1.92,38.42,47.99,40.0
2015-10-23,Jharkhand,Bokaro,Malaria,0.25,31.91,48.19,134.0
2015-10-23,West Bengal,Paschim Medinipur,Acute Diarrhoeal Disease,4.01,29.8,52.75,87.0
2015-10-23,West Bengal,Paschim Medinipur,Dengue,4.01,29.8,52.75,87.0
2015-10-24,Madhya Pradesh,Mandla,Malaria,8.34,32.99,56.18,12.0
2015-10-26,Karnataka,Kolar,Chikungunya,0.04,33.48,47.49,38.0
2015-10-26,Uttar Pradesh,Jalaun,Dengue,1.23,36.74,47.77,68.0
2015-10-27,Karnataka,Bagalkot,Malaria,0.01,39.71,45.6,650.0
2015-10-28,Assam,Dibrugarh,Acute Diarrhoeal Disease,6.22,26.74,55.93,28.0
2015-10-28,Karnataka,Bidar,Acute Diarrhoeal Disease,0.4,35.15,47.38,12.0
2015-10-28,Madhya Pradesh,Sehore,Acute Diarrhoeal Disease,12.21,33.83,59.63,61.0
2015-10-28,Maharashtra,Pune,Acute Diarrhoeal Disease,0.45,31.98,48.38,65.0
2015-11-02,Kerala,Ernakulam,Acute Diarrhoeal Disease,148.67,31.02,83.19,260.0
2015-11-02,Telangana,Medak,Chikungunya,1.48,32.04,49.45,14.0
2015-11-03,West Bengal,Dakshin Dinajpur,Dengue,3.31,27.76,52.63,100.0
2015-11-04,Chhattisgarh,Janjgir,Acute Diarrhoeal Disease,13.65,27.04,62.97,50.0
2015-11-06,Arunachal Pradesh,East Kameng,Acute Diarrhoeal Disease,117.89,16.03,87.63,27.0
2015-11-06,Bihar,Khagaria,Dengue,1.84,30.34,50.33,29.0
2015-11-06,Kerala,Wayanad,Acute Diarrhoeal Disease,183.08,25.71,84.79,13.0
2015-11-07,Karnataka,Chikkaballapura,Acute Diarrhoeal Disease,59.17,26.94,82.46,25.0
2015-11-07,Karnataka,Shimoga,Acute Diarrhoeal Disease,42.69,26.96,79.4,43.0
2015-11-07,Karnataka,Shimoga,Acute Diarrhoeal Disease,42.69,26.96,79.4,50.0
2015-11-07,Madhya Pradesh,Bhind,Chikungunya,4.55,31.99,52.66,49.0
2015-11-07,West Bengal,Murshidabad,Acute Diarrhoeal Disease,1.14,28.75,50.07,30.0
2015-11-09,Andhra Pradesh,Krishna,Acute Diarrhoeal Disease,8.08,27.86,57.47,25.0
2015-11-09,Himachal Pradesh,Kangra,Acute Diarrhoeal Disease,11.24,16.18,64.02,151.0
2015-11-09,Maharashtra,Satara,Chikungunya,0.07,37.16,46.42,12.0
2015-11-11,Kerala,Kozhikode,Malaria,37.5,28.91,77.15,12.0
2015-11-11,Maharashtra,Gadchiroli,Malaria,0.0,29.12,48.77,15.0
2015-11-13,Meghalaya,Jaintia Hills,Malaria,1.54,21.88,52.55,61.0
2015-11-13,Meghalaya,West Jaintia Hills,Malaria,1.54,21.88,52.55,61.0
2015-11-14,Karnataka,Hassan,Acute Diarrhoeal Disease,43.21,25.21,80.06,47.0
2015-11-14,Odisha,Cuttack,Acute Diarrhoeal Disease,0.01,28.24,49.03,23.0
2015-11-14,Rajasthan,Nagaur,Chikungunya,0.45,35.2,47.41,32.0
2015-11-14,West Bengal,Murshidabad,Acute Diarrhoeal Disease,0.02,27.58,49.25,52.0
2015-11-15,Chhattisgarh,Mahasamund,Malaria,0.01,28.65,48.91,97.0
2015-11-15,Rajasthan,Pratapgarh,Acute Diarrhoeal Disease,0.01,34.49,47.16,65.0
2015-11-15,Tamil Nadu,Salem,Acute Diarrhoeal Disease,49.26,27.97,80.65,20.0
2015-11-16,Maharashtra,Gadchiroli,Malaria,0.01,28.23,49.04,30.0
2015-11-19,Madhya Pradesh,Betul,Malaria,0.01,30.23,48.44,44.0
2015-11-19,Maharashtra,Kolhapur,Malaria,0.01,32.55,47.74,11.0
2015-11-20,Karnataka,Mysuru,Cholera,79.79,28.91,83.25,65.0
2015-11-20,Madhya Pradesh,Morena,Malaria,0.02,32.16,47.87,163.0
2015-11-20,Maharashtra,Osmanabad,Chikungunya,0.0,36.7,46.49,18.0
2015-11-22,Madhya Pradesh,Mandsaur,Acute Diarrhoeal Disease,0.0,32.87,47.65,30.0
2015-11-24,Karnataka,Mysuru,Acute Diarrhoeal Disease,53.33,24.71,82.35,65.0
2015-11-24,Madhya Pradesh,Sagar,Malaria,0.02,32.29,47.83,10.0
2015-11-24,Odisha,Balasore,Acute Diarrhoeal Disease,0.02,29.61,48.64,10.0
2015-11-24,Odisha,Mayurbhanj,Acute Diarrhoeal Disease,0.01,28.26,49.03,13.0
2015-11-25,Maharashtra,Satara,Chikungunya,30.08,32.27,72.93,32.0
2015-11-27,Madhya Pradesh,Bhind,Dengue,0.01,26.19,49.65,10.0
2015-11-27,Rajasthan,Alwar,Acute Diarrhoeal Disease,0.04,29.14,48.8,39.0
2015-11-28,Bihar,Banka,Acute Diarrhoeal Disease,0.03,27.49,49.28,22.0
2015-11-28,Jharkhand,Lohardaga,Malaria,0.01,25.87,49.75,35.0
2015-11-28,Maharashtra,Ahmednagar,Acute Diarrhoeal Disease,20.2,31.6,66.97,42.0
2015-11-28,Odisha,Bargarh,Acute Diarrhoeal Disease,0.01,29.03,48.8,17.0
2015-11-28,West Bengal,Purulia,Cholera,0.01,29.89,48.54,31.0
2015-12-01,Assam,Kamrup,Acute Diarrhoeal Disease,0.22,25.39,50.11,31.0
2015-12-01,Gujarat,Junagadh,Dengue,0.08,31.77,48.05,50.0
2015-12-01,Odisha,Khordha,Acute Diarrhoeal Disease,0.49,28.85,49.36,29.0
2015-12-01,Tamil Nadu,Tiruvannamalai,Dengue,26.62,27.84,72.36,14.0
2015-12-04,Odisha,Ganjam,Acute Diarrhoeal Disease,5.0,27.38,59.48,19.0
2015-12-05,Maharashtra,Gadchiroli,Malaria,0.99,29.31,49.75,195.0
2015-12-06,Andhra Pradesh,Nellore,Acute Diarrhoeal Disease,98.65,26.31,84.42,14.0
2015-12-06,Andhra Pradesh,Nellore,Acute Diarrhoeal Disease,98.65,26.31,84.42,14.0
2015-12-06,Karnataka,Bijapur,Dengue,3.82,32.79,51.66,23.0
2015-12-08,Himachal Pradesh,Kangra,Acute Diarrhoeal Disease,0.48,16.0,53.2,25.0
2015-12-08,Himachal Pradesh,Kangra,Acute Diarrhoeal Disease,0.48,16.0,53.2,25.0
2015-12-08,West Bengal,Bardhaman,Dengue,7.1,27.84,56.49,59.0
2015-12-09,Maharashtra,Thane,Acute Diarrhoeal Disease,0.0,31.94,47.92,14.0
2015-12-10,Jharkhand,Sahebganj,Malaria,1.13,25.55,51.03,61.0
2015-12-10,Karnataka,Dharwad,Dengue,0.0,32.48,47.76,10.0
2015-12-10,Kerala,Ernakulam,Acute Diarrhoeal Disease,72.78,25.29,84.04,86.0
2015-12-10,Kerala,Malappuram,Dengue,26.91,24.66,73.48,13.0
2015-12-10,Maharashtra,Ahmednagar,Acute Diarrhoeal Disease,0.0,32.48,47.76,104.0
2015-12-10,Tamil Nadu,Vellore,Acute Diarrhoeal Disease,12.41,23.98,62.76,11.0
2015-12-11,Maharashtra,Aurangabad,Chikungunya,0.01,34.49,47.16,30.0
2015-12-12,Odisha,Cuttack,Acute Diarrhoeal Disease,0.84,28.34,49.88,24.0
2015-12-14,Rajasthan,Jaipur,Cholera,0.01,27.49,49.26,7.0
2015-12-16,Tamil Nadu,Tiruvannamalai,Acute Diarrhoeal Disease,8.55,26.19,58.43,14.0
2015-12-17,Maharashtra,Ahmednagar,Acute Diarrhoeal Disease,0.17,34.21,47.42,29.0
2015-12-17,Maharashtra,Nashik,Dengue,0.14,31.48,48.2,10.0
2015-12-19,Maharashtra,Kolhapur,Malaria,0.04,32.59,47.77,60.0
2015-12-21,Lakshadweep,Kavaratti,Dengue,5.0,28.01,59.29,11.0
2015-12-21,Lakshadweep,Kavaratti,Dengue,5.0,28.01,59.29,11.0
2015-12-21,Lakshadweep,Lakshadweep,Dengue,5.0,27.23,59.53,15.0
2015-12-21,Lakshadweep,Minicoy,Dengue,5.0,28.01,59.29,25.0
2015-12-21,Lakshadweep,Minicoy,Dengue,5.0,28.01,59.29,25.0
2015-12-24,Kerala,Kollam,Acute Diarrhoeal Disease,26.82,29.32,72.03,12.0
2015-12-26,Maharashtra,Kolhapur,Malaria,0.01,31.89,47.95,3.0
2015-12-27,Bihar,Jamui,Malaria,3.02,22.18,54.01,48.0
2015-12-28,Karnataka,Bidar,Chikungunya,0.01,34.92,47.04,15.0
2015-12-28,Kerala,Ernakulam,Acute Diarrhoeal Disease,1.68,29.71,50.35,15.0
2015-12-28,Kerala,Kollam,Acute Diarrhoeal Disease,0.32,29.3,49.05,66.0
2016-01-02,Bihar,Jamui,Malaria,0.0,23.14,50.56,6.0
2016-01-02,Tamil Nadu,Tiruvarur,Acute Diarrhoeal Disease,3.22,26.96,52.78,35.0
2016-01-04,Assam,Nagaon,Acute Encephalitis Syndrome,0.54,20.75,51.84,27.0
2016-01-04,Assam,Tinsukia,Acute Encephalitis Syndrome,1.7,19.33,53.49,65.0
2016-01-04,Delhi,South Delhi,Acute Diarrhoeal Disease,0.0,20.18,51.45,13.0
2016-01-04,Karnataka,Shivamogga,Acute Diarrhoeal Disease,0.0,31.65,48.01,12.0
2016-01-04,Kerala,Palakkad,Dengue,0.01,28.67,48.9,25.0
2016-01-05,West Bengal,Purulia,Acute Diarrhoeal Disease,0.0,25.0,50.0,19.0
2016-01-06,Andhra Pradesh,Visakhapatnam,Acute Diarrhoeal Disease,0.47,28.73,49.37,20.0
2016-01-07,Karnataka,Chitradurga,Cholera,0.0,32.06,47.88,4.0
2016-01-08,Maharashtra,Nanded,Acute Diarrhoeal Disease,0.0,34.14,47.26,40.0
2016-01-08,Maharashtra,Pune,Dengue,0.0,30.21,48.44,22.0
2016-01-10,Karnataka,Mysuru,Acute Diarrhoeal Disease,0.0,29.39,48.69,40.0
2016-01-12,Tamil Nadu,Ramanathapuram,Dengue,5.0,28.61,59.11,5.0
2016-01-13,Gujarat,Mehsana,Acute Diarrhoeal Disease,0.0,27.79,49.17,18.0
2016-01-15,Odisha,Puri,Acute Diarrhoeal Disease,0.03,23.85,50.38,11.0
2016-01-20,Assam,Cachar,Cholera,0.2,20.82,51.47,2.0
2016-01-20,Tamil Nadu,Tirunelveli,Dengue,0.02,28.58,48.94,32.0
2016-01-20,Tamil Nadu,Tirunelveli- Sankarankovil,Dengue,0.02,28.58,48.94,28.0
2016-01-21,Maharashtra,Bhandara,Acute Diarrhoeal Disease,1.38,27.28,50.76,219.0
2016-01-26,Assam,Cachar,Cholera,6.45,22.35,57.48,174.0
2016-01-27,Assam,Cachar,Cholera,4.16,22.21,55.19,172.0
2016-01-27,Assam,Dibrugarh,Acute Encephalitis Syndrome,3.07,19.07,54.99,67.0
2016-01-27,Karnataka,Mandya,Acute Diarrhoeal Disease,2.56,29.51,51.33,19.0
2016-01-28,Andhra Pradesh,Chittoor,Acute Diarrhoeal Disease,5.76,29.11,54.75,52.0
2016-01-28,Gujarat,Kheda,Acute Diarrhoeal Disease,0.01,28.23,49.04,11.0
2016-01-28,Jharkhand,East Singhbhum,Acute Diarrhoeal Disease,0.07,22.13,50.94,82.0
2016-01-28,Kerala,Kollam,Malaria,2.14,28.77,51.11,5.0
2016-01-28,Maharashtra,Ahmednagar,Acute Diarrhoeal Disease,0.01,35.26,46.93,41.0
2016-01-28,Maharashtra,Sindhudurg,Acute Diarrhoeal Disease,0.01,30.85,48.26,15.0
2016-01-28,Manipur,Thoubal,Acute Diarrhoeal Disease,4.59,18.73,56.67,191.0
2016-01-28,Odisha,Kandhamal,Acute Diarrhoeal Disease,0.02,27.66,49.22,47.0
2016-02-01,Karnataka,Chitradurga,Gastroenteritis,0.01,35.78,46.77,33.0
2016-02-01,West Bengal,Purba Medinipur,Chikungunya,4.54,25.36,54.63,27.0
2016-02-02,Assam,Dibrugarh,Acute Diarrhoeal Disease,3.03,19.77,54.74,10.0
2016-02-02,Karnataka,Ramanagara,Acute Gastroenteritis,0.01,32.75,47.68,27.0
2016-02-02,Odisha,Koraput,Acute Diarrhoeal Disease,0.01,32.13,47.88,11.0
2016-02-02,Tamil Nadu,Tirunelveli,Dengue,0.75,26.99,50.19,13.0
2016-02-02,Tamil Nadu,Tirunelveli,Dengue,0.75,26.99,50.19,13.0
2016-02-03,Karnataka,Belgaum,Dengue,0.01,35.81,46.76,5.0
2016-02-03,Karnataka,Mysore,Cholera,0.01,33.64,47.41,33.0
2016-02-03,Odisha,Angul,Acute Diarrhoeal Disease,0.26,29.5,48.92,11.0
2016-02-03,Tamil Nadu,Namakkal,Acute Diarrhoeal Disease,0.01,34.65,47.11,16.0
2016-02-03,Tamil Nadu,Virudhunagar,Dengue,0.04,32.21,47.88,19.0
2016-02-06,Karnataka,Gadag,Chikungunya,0.01,40.85,45.25,21.0
2016-02-06,Karnataka,Gadag,Chikungunya,0.01,40.85,45.25,21.0
2016-02-08,Maharashtra,Gadchiroli,Malaria,0.01,31.93,47.93,98.0
2016-02-09,Assam,Cachar,Cholera,2.28,24.95,52.41,16.0
2016-02-09,Assam,Cachar,Cholera,2.28,24.95,52.41,3.0
2016-02-10,Assam,Jorhat,Acute Encephalitis Syndrome,10.91,23.19,61.6,1.0
2016-02-12,Assam,Cachar,Acute Diarrhoeal Disease,3.03,24.88,53.21,35.0
2016-02-12,Kerala,Idukki,Suspected Dengue,15.02,28.21,63.82,14.0
2016-02-12,Maharashtra,Kolhapur,Dengue,0.0,34.45,47.17,7.0
2016-02-12,Uttar Pradesh,Gautam Buddha Nagar,Acute Gastroenteritis,5.59,20.37,57.21,39.0
2016-02-16,Gujarat,Kheda,Acute Gastroenteritis,0.01,27.53,49.25,24.0
2016-02-16,Odisha,Keonjhar,Acute Diarrhoeal Disease,1.96,28.93,50.88,43.0
2016-02-17,Andhra Pradesh,Kurnool,Acute Diarrhoeal Disease,0.01,38.03,46.1,11.0
2016-02-18,Assam,Cachar,Acute Diarrhoeal Disease,16.08,25.68,65.48,12.0
2016-02-18,Haryana,Ambala,Acute Diarrhoeal Disease,1.45,20.7,52.81,31.0
2016-02-18,Madhya Pradesh,Khargone,Acute Gastroenteritis,0.01,34.96,47.03,103.0
2016-02-20,West Bengal,South 24 Parganas,Acute Diarrhoeal Disease,2.2,28.5,51.25,39.0
2016-02-22,Karnataka,Haveri,Acute Gastroenteritis,0.03,33.68,47.43,13.0
2016-02-22,Karnataka,Haveri,Acute Gastroenteritis,0.03,33.68,47.43,13.0
2016-02-22,Kerala,Malappuram,Dengue,0.68,32.93,48.34,14.0
2016-02-22,Maharashtra,Bhandara,Acute Diarrhoeal Disease,0.01,35.95,46.73,19.0
2016-02-23,Kerala,Ernakulam,Dengue,1.94,32.01,49.93,16.0
2016-02-23,West Bengal,Uttar Dinajpur,Dengue,0.14,25.82,49.9,140.0
2016-02-24,Tamil Nadu,Ramanathapuram- Paramakudi,Acute Diarrhoeal Disease,3.95,34.59,51.25,18.0
2016-02-25,Odisha,Ganjam,Acute Diarrhoeal Disease,5.0,31.54,58.24,43.0
2016-02-26,Tamil Nadu,Trichy,Chikungunya,0.26,31.54,48.31,13.0
2016-02-27,West Bengal,North 24 Parganas,Acute Diarrhoeal Disease,30.64,31.54,73.43,299.0
2016-02-28,Assam,Karimganj,Acute Diarrhoeal Disease,52.03,31.54,80.08,9.0
2016-02-28,Maharashtra,Beed,Dengue,2.41,41.47,47.59,11.0
2016-02-28,Maharashtra,Ratnagiri,Acute Diarrhoeal Disease,0.08,30.07,48.56,43.0
2016-03-01,Odisha,Angul,Acute Diarrhoeal Disease,51.9,28.31,81.03,15.0
2016-03-02,Odisha,Angul,Acute Diarrhoeal Disease,34.34,28.31,76.1,29.0
2016-03-02,West Bengal,North 24 Parganas,Acute Diarrhoeal Disease,29.16,27.3,73.95,1123.0
2016-03-03,Odisha,Angul,Acute Diarrhoeal Disease,27.97,28.74,72.86,15.0
2016-03-04,Karnataka,Mysuru,Cholera,0.01,39.32,45.71,40.0
2016-03-04,Karnataka,Mysuru,Cholera,0.01,39.32,45.71,40.0
2016-03-04,West Bengal,Hooghly,Acute Diarrhoeal Disease,35.02,26.39,76.95,35.0
2016-03-06,Karnataka,Bijapur,Cholera,8.49,38.06,54.81,86.0
2016-03-06,Nagaland,Kohima,Acute Diarrhoeal Disease,37.7,22.32,79.2,31.0
2016-03-07,Andhra Pradesh,East Godavari,Acute Diarrhoeal Disease,3.94,28.58,53.04,10.0
2016-03-07,West Bengal,North 24 Parganas,Acute Diarrhoeal Disease,2.0,27.83,51.25,568.0
2016-03-09,Jharkhand,Pakur,Acute Diarrhoeal Disease,3.74,34.07,51.19,40.0
2016-03-09,Kerala,Ernakulam,Dengue,2.1,32.27,50.02,22.0
2016-03-11,West Bengal,Murshidabad,Acute Diarrhoeal Disease,3.54,29.52,52.35,43.0
2016-03-12,Karnataka,Bangalore Urban,Acute Diarrhoeal Disease,0.01,36.35,46.61,4.0
2016-03-12,Karnataka,Udupi,Dengue,2.03,31.73,50.11,7.0
2016-03-12,West Bengal,Birbhum,Acute Diarrhoeal Disease,5.43,33.57,53.08,33.0
2016-03-13,Karnataka,Haveri,Acute Diarrhoeal Disease,0.65,35.14,47.64,24.0
2016-03-14,Maharashtra,Chandrapur,Acute Gastroenteritis,0.71,37.06,47.13,26.0
2016-03-15,Karnataka,Chamarajanagar,Acute Diarrhoeal Disease,11.5,37.51,57.86,49.0
2016-03-15,Maharashtra,Ahmednagar,Acute Diarrhoeal Disease,0.03,42.87,44.67,36.0
2016-03-15,West Bengal,Burdwan,Acute Diarrhoeal Disease,1.1,31.58,49.17,47.0
2016-03-16,Maharashtra,Nagpur,Acute Diarrhoeal Disease,6.84,37.23,53.42,15.0
2016-03-17,West Bengal,North 24 Parganas,Acute Diarrhoeal Disease,4.8,28.23,54.04,62.0
2016-03-19,Karnataka,Vijayapur,Chikungunya,0.04,46.46,43.6,111.0
2016-03-19,Maharashtra,Osmanabad (Maharashtra),Dengue,0.07,48.0,43.18,18.0
2016-03-21,Haryana,Ambala,Acute Diarrhoeal Disease,10.71,24.67,60.97,25.0
2016-03-21,Tamil Nadu,Dindigul,Acute Diarrhoeal Disease,0.08,37.33,46.39,25.0
2016-03-22,Jharkhand,East Singhbhum,Acute Diarrhoeal Disease,1.8,38.9,47.72,40.0
2016-03-23,Delhi,West Delhi,Acute Diarrhoeal Disease,0.78,31.19,48.96,47.0
2016-03-23,Gujarat,Kheda,Cholera,0.01,39.02,45.8,82.0
2016-03-23,West Bengal,North 24 Parganas,Acute Diarrhoeal Disease,17.1,30.27,64.95,88.0
2016-03-24,Assam,Hailakandi,Cholera,56.82,27.17,82.11,23.0
2016-03-24,Gujarat,Gandhi Nagar,Acute Diarrhoeal Disease,0.01,39.02,45.8,34.0
2016-03-24,Gujarat,Gandhinagar,Acute Diarrhoeal Disease,0.01,39.02,45.8,34.0
2016-03-25,Karnataka,Vijayapur,Chikungunya,0.01,47.94,43.13,28.0
2016-03-25,West Bengal,Purulia,Malaria,0.61,37.16,46.99,24.0
2016-03-26,Maharashtra,Ahmednagar,Acute Diarrhoeal Disease,0.24,45.31,44.16,35.0
2016-03-26,Punjab,Roopnagar,Acute Diarrhoeal Disease,1.27,26.03,51.02,42.0
2016-03-26,West Bengal,Bankura,Acute Diarrhoeal Disease,0.23,37.86,46.38,50.0
2016-03-26,West Bengal,North 24 Parganas,Cholera,3.97,30.7,52.44,509.0
2016-03-26,West Bengal,South 24 Parganas,Cholera,3.82,30.83,52.25,776.0
2016-03-26,West Bengal,Uttar Dinajpur,Cholera,1.38,31.33,49.55,870.0
2016-03-28,Gujarat,Surat,Acute Diarrhoeal Disease,0.05,39.49,45.71,16.0
2016-03-28,Madhya Pradesh,Sehore,Dengue,6.97,43.53,51.65,142.0
2016-03-28,Maharashtra,Aurangabad,Acute Diarrhoeal Disease,3.96,45.41,48.02,39.0
2016-03-28,Maharashtra,Kolhapur,Malaria,1.2,42.06,46.14,13.0
2016-03-28,Odisha,Angul,Acute Diarrhoeal Disease,3.5,34.95,50.68,14.0
2016-04-03,Gujarat,Jamnagar,Acute Diarrhoeal Disease,0.02,43.88,44.36,13.0
2016-04-03,Odisha,Mayurbhanj,Acute Diarrhoeal Disease,30.49,33.09,72.89,23.0
2016-04-04,Gujarat,Navsari,Malaria,0.0,39.46,45.67,114.0
2016-04-04,Maharashtra,Pune,Chikungunya,0.02,44.18,44.26,24.0
2016-04-04,Maharashtra,Pune,Dengue,0.02,44.18,44.26,47.0
2016-04-04,Maharashtra,Satara,Chikungunya,0.0,45.95,43.72,7.0
2016-04-04,Rajasthan,Jaipur,Cholera,0.01,40.16,45.46,59.0
2016-04-04,West Bengal,Burdwan,Acute Diarrhoeal Disease,13.17,32.06,61.04,24.0
2016-04-05,Maharashtra,Ahmednagar,Acute Diarrhoeal Disease,1.42,48.0,44.59,71.0
2016-04-05,Maharashtra,Washim,Cholera,0.77,48.0,43.9,31.0
2016-04-05,Rajasthan,Ajmer,Dengue And Chikungunya,0.01,40.67,45.31,105.0
2016-04-05,Rajasthan,Ajmer,Dengue,0.01,40.67,45.31,105.0
2016-04-07,Gujarat,Banaskantha,Cholera,0.02,37.07,46.4,45.0
2016-04-07,Karnataka,Ballari,Acute Diarrhoeal Disease,0.05,45.05,44.03,73.0
2016-04-07,Maharashtra,Sindhudurg,Dengue,1.46,35.67,48.33,23.0
2016-04-07,West Bengal,Bankura,Acute Diarrhoeal Disease,6.22,37.89,52.59,30.0
2016-04-08,Kerala,Pathanamthitta,Dengue,100.61,31.55,82.87,15.0
2016-04-08,Rajasthan,Barmer,Dengue,0.02,43.95,44.34,40.0
2016-04-10,Rajasthan,Jaipur,Acute Gastroenteritis,0.21,43.52,44.67,20.0
2016-04-11,Assam,Marigaon,Acute Encephalitis Syndrome,33.5,27.61,75.95,5.0
2016-04-11,Gujarat,Aravalli,Acute Diarrhoeal Disease,0.01,43.3,44.52,12.0
2016-04-11,Rajasthan,Banswara,Acute Diarrhoeal Disease,0.01,44.64,44.12,23.0
2016-04-12,Bihar,Patna,Acute Diarrhoeal Disease,0.15,41.17,45.3,38.0
2016-04-13,Assam,Sivasagar,Acute Encephalitis Syndrome,71.25,25.21,83.98,37.0
2016-04-13,Tamil Nadu,Salem,Malaria,6.67,36.62,53.43,19.0
2016-04-14,Assam,Golaghat,Malaria,34.55,28.4,76.16,3.0
2016-04-14,Assam,Golaghat,Malaria,34.55,28.4,76.16,3.0
2016-04-15,Kerala,Ernakulam,Dengue,15.8,29.31,64.15,9.0
2016-04-16,Kerala,Alappuzha,Dengue,16.15,29.54,64.38,10.0
2016-04-16,Maharashtra,Sangli,Dengue,0.01,46.77,43.48,25.0
2016-04-16,Maharashtra,Sangli,Dengue,0.01,46.77,43.48,13.0
2016-04-17,Karnataka,Hassan,Acute Gastroenteritis,0.72,39.93,46.28,38.0
2016-04-17,Karnataka,Mysuru,Cholera,0.83,42.6,45.59,30.0
2016-04-17,Rajasthan,Bharatpur,Dengue,0.01,44.04,44.29,64.0
2016-04-17,Uttar Pradesh,Bara-Banki,Acute Diarrhoeal Disease,0.01,40.24,45.43,67.0
2016-04-18,Assam,Nagaon,Acute Diarrhoeal Disease,58.3,27.09,82.32,25.0
2016-04-18,Telangana,Mahaboobnagar,Chikungunya,0.42,45.48,44.3,26.0
2016-04-19,Assam,Nagaon,Acute Diarrhoeal Disease,93.59,25.04,84.73,48.0
2016-04-19,Karnataka,Mysuru,Cholera,0.56,42.01,45.48,22.0
2016-04-19,Maharashtra,Pune,Chikungunya,0.04,48.0,43.14,24.0
2016-04-19,Rajasthan,Bikaner,Acute Diarrhoeal Disease,0.11,44.46,44.27,22.0
2016-04-20,Assam,Karimganj,Acute Diarrhoeal Disease,300.0,23.37,85.49,135.0
2016-04-20,Kerala,Kozhikode,Dengue,5.81,38.78,51.91,22.0
2016-04-20,Maharashtra,Ahmednagar,Acute Diarrhoeal Disease,0.01,48.0,43.11,93.0
2016-04-21,Maharashtra,Yavatmal,Acute Diarrhoeal Disease,0.42,48.0,43.55,12.0
2016-04-21,Rajasthan,Alwar,Dengue,0.0,43.96,44.32,35.0
2016-04-22,Assam,Karimganj,Acute Diarrhoeal Disease,300.0,23.9,85.33,135.0
2016-04-22,Kerala,Ernakulam,Dengue,23.67,29.26,70.1,16.0
2016-04-22,Rajasthan,Jaipur,Acute Gastroenteritis,0.14,44.6,44.26,19.0
2016-04-23,Maharashtra,Jalgaon,Acute Diarrhoeal Disease,0.01,48.0,43.11,33.0
2016-04-24,Assam,Kamrup,Dengue,141.34,24.61,85.1,27.0
2016-04-24,Assam,Kamrup,Dengue,141.34,24.61,85.1,180.0
2016-04-24,Assam,Kamrup,Dengue,141.34,24.61,85.1,313.0
2016-04-24,Maharashtra,Pune,Dengue,1.88,45.41,45.85,24.0
2016-04-25,Bihar,Gaya,Acute Diarrhoeal Disease,0.01,45.1,43.98,44.0
2016-04-25,Gujarat,Gandhi Nagar,Cholera,0.0,42.46,44.77,21.0
2016-04-25,Gujarat,Gandhi Nagar,Cholera,0.0,42.46,44.77,34.0
2016-04-25,Himachal Pradesh,Solan,Acute Gastroenteritis,2.5,28.92,51.45,17.0
2016-04-25,Karnataka,Dharwad,Chikungunya,0.56,48.0,43.69,16.0
2016-04-25,Maharashtra,Nashik,Dengue,0.28,43.68,44.69,20.0
2016-04-25,Manipur,Churachandpur,Acute Gastroenteritis,19.2,25.61,68.01,231.0
2016-04-25,Rajasthan,Jhunjhunu,Acute Diarrhoeal Disease,0.0,47.52,43.25,38.0
2016-04-26,Haryana,Ambala,Acute Diarrhoeal Disease,2.15,39.96,47.77,57.0
2016-04-26,Kerala,Pathanamthitta,Dengue,26.01,30.39,71.23,13.0
2016-04-26,West Bengal,Howrah,Acute Diarrhoeal Disease,0.1,33.94,47.42,35.0
2016-04-27,Bihar,Gaya,Acute Diarrhoeal Disease,0.01,45.6,43.83,44.0
2016-04-28,Karnataka,Dharwad,Dengue,0.71,48.0,43.84,15.0
2016-04-28,Karnataka,Hassan,Cholera,0.24,42.73,44.93,40.0
2016-04-28,Karnataka,Hassan,Acute Diarrhoeal Disease,0.23,43.66,44.64,29.0
2016-04-28,Odisha,Cuttack,Acute Diarrhoeal Disease,0.09,41.09,45.27,19.0
2016-04-28,Odisha,Rayagada,Acute Diarrhoeal Disease,36.83,40.56,73.41,15.0
2016-04-28,Rajasthan,Banswara,Acute Diarrhoeal Disease,0.01,47.33,43.31,22.0
2016-05-01,Chhattisgarh,Raigarh,Acute Diarrhoeal Disease,2.25,42.09,47.23,22.0
2016-05-01,Karnataka,Tumkur,Chikungunya,0.01,43.75,44.38,71.0
2016-05-01,Odisha,Khurda,Acute Diarrhoeal Disease,2.0,41.3,47.21,18.0
2016-05-02,Chhattisgarh,Surajpur,Acute Diarrhoeal Disease,0.37,42.63,45.1,239.0
2016-05-02,Kerala,Kollam,Dengue,14.89,30.63,62.98,13.0
2016-05-02,Maharashtra,Raigad,Dengue,0.13,41.44,45.2,26.0
2016-05-02,Maharashtra,Wardha,Cholera,3.19,48.0,46.44,24.0
2016-05-02,Odisha,Boudh,Acute Diarrhoeal Disease,3.29,43.92,47.77,34.0
2016-05-02,Tamil Nadu,Cuddalore,Acute Diarrhoeal Disease,0.79,38.4,46.81,17.0
2016-05-02,Uttar Pradesh,Kaushambi,Acute Diarrhoeal Disease,0.61,43.15,45.2,71.0
2016-05-02,Uttar Pradesh,Unnao,Acute Diarrhoeal Disease,0.01,41.71,44.99,17.0
2016-05-02,West Bengal,Bankura,Cholera,8.04,42.19,53.12,122.0
2016-05-02,West Bengal,Bankura,Cholera,8.04,42.19,53.12,122.0
2016-05-03,West Bengal,South 24 Parganas,Acute Diarrhoeal Disease,15.59,34.29,62.48,59.0
2016-05-03,West Bengal,South 24 Parganas,Acute Diarrhoeal Disease,15.59,34.29,62.48,44.0
2016-05-04,Gujarat,Kheda,Acute Diarrhoeal Disease,1.08,44.44,45.3,73.0
2016-05-04,Karnataka,Belagavi,Cholera,11.18,44.46,55.48,5.0
2016-05-04,Karnataka,Belagavi,Cholera,11.18,44.46,55.48,3.0
2016-05-04,Maharashtra,Kolhapur,Dengue,3.79,44.46,48.12,33.0
2016-05-04,Maharashtra,Raigad,Chikungunya,0.11,42.9,44.75,9.0
2016-05-04,Rajasthan,Jhalawar,Acute Diarrhoeal Disease,0.14,47.38,43.44,25.0
2016-05-05,Maharashtra,Chandrapur,Malaria,9.04,44.06,53.55,28.0
2016-05-05,Tamil Nadu,Tiruvallur,Acute Diarrhoeal Disease,0.44,39.98,45.97,28.0
2016-05-05,Uttar Pradesh,Mathura,Cholera,4.56,48.0,47.86,173.0
2016-05-05,West Bengal,South 24 Parganas,Acute Diarrhoeal Disease,22.71,33.94,68.05,28.0
2016-05-05,West Bengal,South 24 Parganas,Acute Diarrhoeal Disease,22.71,33.94,68.05,61.0
2016-05-05,West Bengal,South 24 Parganas,Acute Diarrhoeal Disease,22.71,33.94,68.05,61.0
2016-05-05,West Bengal,South 24 Parganas,Acute Diarrhoeal Disease,22.71,33.94,68.05,61.0
2016-05-06,Gujarat,Gandhi Nagar,Cholera,1.57,44.1,45.91,97.0
2016-05-06,Kerala,Kollam,Dengue,15.11,30.96,63.07,11.0
2016-05-06,Madhya Pradesh,Bhind,Acute Diarrhoeal Disease,6.3,44.44,50.7,17.0
2016-05-06,Maharashtra,Parbhani,Acute Diarrhoeal Disease,5.33,48.0,48.65,25.0
2016-05-06,Rajasthan,Banswara,Acute Diarrhoeal Disease,6.22,45.95,50.17,32.0
2016-05-06,Rajasthan,Banswara,Acute Diarrhoeal Disease,6.22,45.95,50.17,32.0
2016-05-06,West Bengal,Malda,Acute Diarrhoeal Disease,14.17,36.62,60.55,12.0
2016-05-07,Madhya Pradesh,Mandsaur,Acute Diarrhoeal Disease,6.16,46.59,49.92,37.0
2016-05-07,Uttar Pradesh,Kannauj,Acute Diarrhoeal Disease,3.95,39.62,49.74,28.0
2016-05-07,West Bengal,Jalpaiguri,Acute Diarrhoeal Disease,48.77,27.32,80.74,71.0
2016-05-07,West Bengal,Jalpaiguri,Acute Diarrhoeal Disease,48.77,27.32,80.74,71.0
2016-05-09,Assam,Udalguri,Acute Diarrhoeal Disease,32.87,28.23,75.48,35.0
2016-05-09,Bihar,Gaya,Malaria,14.79,41.23,59.72,271.0
2016-05-09,Jammu and Kashmir,Reasi,Acute Diarrhoeal Disease,14.03,24.31,64.13,56.0
2016-05-09,Karnataka,Hassan,Chikungunya,30.04,38.42,71.06,23.0
2016-05-09,West Bengal,Bankura,Acute Diarrhoeal Disease,30.35,39.05,71.04,66.0
2016-05-10,Maharashtra,Nashik,Dengue,9.26,45.62,53.3,4.0
2016-05-10,West Bengal,Hooghly,Acute Diarrhoeal Disease,57.38,32.94,80.45,14.0
2016-05-11,West Bengal,Burdwan,Acute Diarrhoeal Disease,33.32,36.01,73.35,26.0
2016-05-11,West Bengal,South 24 Parganas,Acute Diarrhoeal Disease,20.5,32.87,66.81,25.0
2016-05-12,Bihar,Gaya,Malaria,10.15,42.25,55.16,96.0
2016-05-12,Madhya Pradesh,Morena,Acute Diarrhoeal Disease,2.58,41.97,47.62,80.0
2016-05-12,Maharashtra,Nagpur,Acute Diarrhoeal Disease,5.12,44.0,49.63,55.0
2016-05-12,Maharashtra,Parbhani,Acute Diarrhoeal Disease,6.06,48.0,49.39,127.0
2016-05-12,Uttar Pradesh,Chandauli,Acute Diarrhoeal Disease,4.51,42.67,49.4,36.0
2016-05-13,Jammu and Kashmir,Baramulla,Acute Diarrhoeal Disease,31.98,19.98,77.55,62.0
2016-05-13,Karnataka,Uttara Kannada,Dengue,6.06,33.72,53.68,10.0
2016-05-13,Madhya Pradesh,Dhar,Cholera,7.68,42.56,52.66,33.0
2016-05-14,West Bengal,Malda,Cholera,38.49,34.34,75.87,101.0
2016-05-15,Maharashtra,Dhule,Acute Diarrhoeal Disease,7.96,45.95,51.92,23.0
2016-05-15,West Bengal,South 24 Parganas,Acute Diarrhoeal Disease,19.48,32.65,66.11,29.0
2016-05-16,Chhattisgarh,Balod,Acute Diarrhoeal Disease,8.16,41.01,53.6,34.0
2016-05-16,Maharashtra,Sindhudurg,Acute Diarrhoeal Disease,3.05,39.02,48.99,49.0
2016-05-16,Odisha,Angul,Acute Diarrhoeal Disease,7.24,38.33,53.48,17.0
2016-05-17,Gujarat,Surat,Acute Diarrhoeal Disease,1.48,39.34,47.25,204.0
2016-05-17,Karnataka,Hassan,Dengue,39.73,35.84,75.84,12.0
2016-05-17,Rajasthan,Dholpur,Acute Diarrhoeal Disease,3.47,43.55,48.06,26.0
2016-05-18,Chhattisgarh,Dhamtari,Acute Diarrhoeal Disease,3.19,41.59,48.36,236.0
2016-05-18,Karnataka,Uttara Kannada,Acute Gastroenteritis,31.33,29.65,74.33,33.0
2016-05-18,Madhya Pradesh,Hoshangabad,Acute Diarrhoeal Disease,0.1,47.25,43.42,13.0
2016-05-19,Kerala,Idukki,Dengue,99.75,27.11,84.19,29.0
2016-05-19,Kerala,Kozhikode,Dengue,86.11,37.14,80.96,16.0
2016-05-19,Kerala,Malappuram,Dengue,84.27,28.27,83.58,16.0
2016-05-19,Rajasthan,Pratapgarh,Acute Diarrhoeal Disease,0.01,48.0,43.11,122.0
2016-05-20,Kerala,Ernakulam,Dengue,133.58,37.14,81.34,12.0
2016-05-20,Madhya Pradesh,Indore,Cholera,0.0,48.0,43.1,3.0
2016-05-20,Madhya Pradesh,Sagar,Acute Diarrhoeal Disease,0.0,47.65,43.21,25.0
2016-05-20,Maharashtra,Pune,Chikungunya,5.59,37.18,52.16,137.0
2016-05-21,Bihar,Muzaffarpur,Acute Encephalitis Syndrome,17.12,35.45,63.41,5.0
2016-05-21,Chhattisgarh,Bemetara,Acute Diarrhoeal Disease,2.99,42.49,47.89,165.0
2016-05-21,Maharashtra,Akola,Cholera,0.25,48.0,43.36,21.0
2016-05-21,Maharashtra,Amravati,Cholera,1.31,48.0,44.47,62.0
2016-05-21,Maharashtra,Jalna,Acute Diarrhoeal Disease,0.04,48.0,43.15,47.0
2016-05-21,Meghalaya,Jaintia Hills,Acute Diarrhoeal Disease,300.0,24.12,85.26,30.0
2016-05-21,Punjab,Kapurthala,Acute Diarrhoeal Disease,2.89,43.75,47.4,14.0
2016-05-21,Rajasthan,Tonk,Acute Diarrhoeal Disease,0.06,48.0,43.16,22.0
2016-05-21,West Bengal,Burdwan,Acute Diarrhoeal Disease,22.55,31.34,68.72,52.0
2016-05-22,Assam,Sivasagar,Cholera,184.28,26.03,84.69,235.0
2016-05-22,Gujarat,Jamnagar,Cholera,0.03,48.0,43.13,47.0
2016-05-22,West Bengal,South 24 Parganas,Acute Diarrhoeal Disease,120.75,29.5,83.6,19.0
2016-05-22,West Bengal,South 24 Parganas,Acute Diarrhoeal Disease,120.75,29.5,83.6,19.0
2016-05-23,Andhra Pradesh,Visakhapatnam,Acute Diarrhoeal Disease,190.44,34.52,82.14,15.0
2016-05-23,Kerala,Ernakulam,Dengue,115.16,31.75,82.91,9.0
2016-05-23,Maharashtra,Akola,Cholera,0.27,48.0,43.38,21.0
2016-05-23,Maharashtra,Aurangabad,Acute Diarrhoeal Disease,0.03,47.63,43.24,60.0
2016-05-23,Odisha,Koraput,Acute Diarrhoeal Disease,67.31,31.42,81.86,30.0
2016-05-24,Bihar,Muzaffarpur,Acute Encephalitis Syndrome,17.14,33.83,63.92,3.0
2016-05-24,Madhya Pradesh,Betul,Acute Diarrhoeal Disease,0.12,43.44,44.59,114.0
2016-05-24,Rajasthan,Dungarpur,Acute Diarrhoeal Disease,0.03,44.8,44.09,11.0
2016-05-24,Uttarakhand,Rudraprayag,Acute Diarrhoeal Disease,17.55,26.97,66.31,48.0
2016-05-25,Maharashtra,Nagpur,Acute Diarrhoeal Disease,0.3,46.44,43.88,194.0
2016-05-25,Maharashtra,Nashik,Acute Diarrhoeal Disease,2.76,37.41,49.17,409.0
2016-05-25,Uttar Pradesh,Kannauj,Acute Diarrhoeal Disease,2.36,37.21,48.81,49.0
2016-05-25,West Bengal,Paschim Medinipur,Acute Diarrhoeal Disease,74.75,31.65,82.22,35.0
2016-05-26,Madhya Pradesh,Hoshangabad,Dengue,0.16,42.79,44.83,9.0
2016-05-26,Madhya Pradesh,Ujjain,Acute Diarrhoeal Disease,0.16,43.98,44.48,33.0
2016-05-26,Rajasthan,Jhalawar,Acute Diarrhoeal Disease,0.32,46.66,43.84,30.0
2016-05-26,West Bengal,Bankura,Acute Diarrhoeal Disease,23.01,32.47,68.69,28.0
2016-05-27,Andhra Pradesh,Nellore,Acute Diarrhoeal Disease,0.21,34.59,47.35,16.0
2016-05-27,Maharashtra,Nashik,Acute Diarrhoeal Disease,5.53,37.09,52.13,68.0
2016-05-27,Maharashtra,Sangli,Acute Diarrhoeal Disease,2.76,39.99,48.39,68.0
2016-05-27,Uttar Pradesh,Mau,Acute Diarrhoeal Disease,26.01,35.09,69.83,20.0
2016-05-28,Karnataka,Bangalore Rural,Chikungunya,8.96,34.89,56.23,19.0
2016-05-28,Karnataka,Udupi,Dengue,43.78,30.09,78.75,13.0
2016-05-28,Kerala,Pathanamthitta,Dengue,68.16,33.06,81.43,15.0
2016-05-28,Madhya Pradesh,Morena,Acute Diarrhoeal Disease,2.09,35.6,49.02,41.0
2016-05-28,Madhya Pradesh,Sagar,Acute Diarrhoeal Disease,2.64,39.08,48.54,19.0
2016-05-28,Maharashtra,Ahmednagar,Acute Diarrhoeal Disease,0.89,46.94,44.35,35.0
2016-05-28,Maharashtra,Nagpur,Acute Diarrhoeal Disease,0.0,45.61,43.82,208.0
2016-05-28,Maharashtra,Pune,Acute Diarrhoeal Disease,8.37,38.51,54.56,32.0
2016-05-28,Punjab,Amritsar,Acute Diarrhoeal Disease,10.35,37.34,56.82,43.0
2016-05-28,Rajasthan,Hanumangarh,Acute Diarrhoeal Disease,4.38,37.03,50.97,52.0
2016-05-28,Rajasthan,Jaipur,Acute Gastroenteritis,2.59,39.82,48.27,29.0
2016-05-28,Uttar Pradesh,Hardoi,Acute Diarrhoeal Disease,28.88,32.05,72.37,18.0
2016-05-28,Uttar Pradesh,Hardoi,Acute Diarrhoeal Disease,28.88,32.05,72.37,34.0
2016-05-28,West Bengal,Bankura,Cholera,33.21,34.13,73.86,49.0
2016-05-28,West Bengal,Paschim Medinipur,Acute Diarrhoeal Disease,9.11,26.68,58.83,113.0
2016-05-28,West Bengal,Purulia,Cholera,19.65,34.52,65.68,53.0
2016-05-28,West Bengal,Purulia,Cholera,28.43,34.15,71.5,117.0
2016-06-01,Assam,Sonitpur,Dengue,74.94,26.84,83.68,113.0
2016-06-01,Chhattisgarh,Durg,Acute Diarrhoeal Disease,3.34,45.21,47.43,20.0
2016-06-01,Kerala,Malappuram,Dengue,118.09,31.11,83.11,50.0
2016-06-01,Kerala,Malappuram,Dengue,118.09,31.11,83.11,50.0
2016-06-01,Maharashtra,Nagpur,Acute Diarrhoeal Disease,0.01,46.93,43.43,16.0
2016-06-01,West Bengal,Purulia,Cholera,31.01,36.52,72.12,96.0
2016-06-01,West Bengal,South 24 Parganas,Cholera,15.87,30.93,63.73,26.0
2016-06-02,Andhra Pradesh,Anantapur,Acute Diarrhoeal Disease,9.72,39.35,55.62,11.0
2016-06-02,Assam,Cachar,Acute Diarrhoeal Disease,28.55,28.51,73.25,36.0
2016-06-02,Gujarat,Sabarkantha,Acute Gastroenteritis,0.98,37.89,47.16,27.0
2016-06-02,Karnataka,Koppal,Acute Gastroenteritis,5.72,41.02,51.14,11.0
2016-06-02,Odisha,Angul,Acute Diarrhoeal Disease,4.25,34.08,51.71,38.0
2016-06-02,West Bengal,Bankura,Acute Diarrhoeal Disease,37.58,33.6,75.77,26.0
2016-06-03,Gujarat,Gandhi Nagar,Acute Diarrhoeal Disease,0.8,39.97,46.35,15.0
2016-06-03,Gujarat,Junagadh,Dengue,1.19,39.07,47.03,23.0
2016-06-03,Maharashtra,Nashik,Acute Diarrhoeal Disease,7.88,39.76,53.7,158.0
2016-06-03,Maharashtra,Osmanabad,Acute Diarrhoeal Disease,5.24,46.14,49.12,55.0
2016-06-03,Tamil Nadu,Dindigul,Dengue,35.92,35.24,74.66,92.0
2016-06-03,Tamil Nadu,Villupuram- Kallakurichi,Malaria,39.62,36.66,75.56,28.0
2016-06-04,Rajasthan,Dausa,Acute Diarrhoeal Disease,0.84,46.43,44.45,14.0
2016-06-05,Bihar,Jamui,Acute Diarrhoeal Disease,26.61,37.15,69.56,11.0
2016-06-05,Gujarat,Gandhinagar,Acute Diarrhoeal Disease,0.19,42.74,44.88,28.0
2016-06-05,Karnataka,Hassan,Acute Gastroenteritis,77.23,24.34,84.52,45.0
2016-06-05,Karnataka,Udupi,Dengue,115.4,30.22,83.36,20.0
2016-06-05,West Bengal,Purulia,Cholera,45.98,35.52,77.67,30.0
2016-06-06,Karnataka,Mandya,Chikungunya,62.4,31.97,81.29,31.0
2016-06-06,Karnataka,Shimoga,Acute Diarrhoeal Disease,46.91,35.22,77.98,64.0
2016-06-06,Karnataka,Tumkur,Chikungunya,73.85,32.71,81.86,19.0
2016-06-06,Madhya Pradesh,Betul,Acute Diarrhoeal Disease,0.21,43.54,44.66,161.0
2016-06-06,Madhya Pradesh,Bhind,Acute Diarrhoeal Disease,0.58,40.54,45.94,22.0
2016-06-06,Maharashtra,Jalgaon,Cholera,0.29,42.94,44.92,53.0
2016-06-06,Maharashtra,Yavatmal,Acute Diarrhoeal Disease,0.37,46.59,43.92,10.0
2016-06-06,Punjab,Jalandhar,Acute Diarrhoeal Disease,0.31,41.31,45.43,20.0
2016-06-06,Punjab,Patiala,Cholera,2.5,41.18,47.77,480.0
2016-06-06,Tamil Nadu,Thanjavur,Acute Diarrhoeal Disease,45.08,40.02,76.1,15.0
2016-06-06,Telangana,Karimnagar,Acute Diarrhoeal Disease,9.34,39.41,55.23,14.0
2016-06-06,West Bengal,Bankura,Acute Diarrhoeal Disease,36.97,31.3,76.24,70.0
2016-06-06,West Bengal,Bankura,Acute Diarrhoeal Disease,36.97,31.3,76.24,23.0
2016-06-06,West Bengal,Purulia,Cholera,41.39,35.02,76.6,30.0
2016-06-07,Karnataka,Kolar,Acute Diarrhoeal Disease,70.27,33.53,81.42,5.0
2016-06-07,Maharashtra,Jalna,Acute Diarrhoeal Disease,6.61,43.28,51.37,18.0
2016-06-07,Maharashtra,Solapur,Acute Gastroenteritis,31.02,42.87,70.22,23.0
2016-06-07,Rajasthan,Jodhpur,Acute Diarrhoeal Disease,0.01,48.0,43.11,24.0
2016-06-08,Gujarat,Banaskantha,Acute Diarrhoeal Disease,0.0,45.16,43.96,14.0
2016-06-08,Rajasthan,Jaipur,Acute Diarrhoeal Disease,0.01,48.0,43.11,16.0
2016-06-08,Rajasthan,Udaipur,Cholera,0.05,48.0,43.15,77.0
2016-06-09,Assam,Kamrup,Acute Diarrhoeal Disease,40.93,29.48,78.13,13.0
2016-06-09,Chandigarh,Chandigarh,Cholera,8.38,35.99,55.32,31.0
2016-06-09,Chandigarh,Chandigarh,Cholera,8.38,35.99,55.32,40.0
2016-06-09,Chandigarh,Chandigarh,Cholera,8.38,35.99,55.32,51.0
2016-06-09,Karnataka,Shimoga,Dengue,66.78,37.07,80.13,14.0
2016-06-09,Kerala,Kollam,Dengue,149.29,29.21,83.73,119.0
2016-06-09,Madhya Pradesh,Vidisha,Acute Diarrhoeal Disease,0.22,47.18,43.58,14.0
2016-06-09,Maharashtra,Satara,Dengue,42.49,34.88,76.96,21.0
2016-06-09,Uttarakhand,Almora,Acute Diarrhoeal Disease,74.98,22.85,84.88,46.0
2016-06-09,West Bengal,South 24 Parganas,Dengue,70.76,30.45,82.38,57.0
2016-06-10,Chhattisgarh,Mahasamund,Acute Diarrhoeal Disease,17.01,41.25,61.59,19.0
2016-06-10,Haryana,Kaithal,Acute Diarrhoeal Disease,4.1,36.13,50.94,28.0
2016-06-10,Jharkhand,Latehar,Malaria,4.3,36.8,50.95,17.0
2016-06-10,Maharashtra,Gadchiroli,Acute Diarrhoeal Disease,15.59,37.37,61.56,32.0
2016-06-10,West Bengal,North 24 Parganas,Dengue,54.48,26.0,82.13,598.0
2016-06-11,Andhra Pradesh,Kurnool,Acute Diarrhoeal Disease,61.2,35.04,80.25,34.0
2016-06-11,Assam,Jorhat,Acute Diarrhoeal Disease,78.01,30.22,82.79,15.0
2016-06-11,Maharashtra,Beed,Acute Diarrhoeal Disease,4.48,39.67,50.28,27.0
2016-06-11,Maharashtra,Thane,Acute Diarrhoeal Disease,10.77,39.31,56.64,389.0
2016-06-11,Uttar Pradesh,Hardoi,Acute Diarrhoeal Disease,1.79,35.86,48.61,12.0
2016-06-12,Madhya Pradesh,Jhabua,Acute Diarrhoeal Disease,0.04,44.37,44.23,22.0
2016-06-12,Odisha,Angul,Acute Diarrhoeal Disease,50.49,34.51,78.92,16.0
2016-06-12,Punjab,Barnala,Acute Diarrhoeal Disease,5.3,37.57,51.74,7.0
2016-06-12,Uttarakhand,Haridwar,Acute Diarrhoeal Disease,12.51,28.85,61.4,67.0
2016-06-12,Uttarakhand,Rudraprayag,Acute Diarrhoeal Disease,57.17,26.31,82.41,46.0
2016-06-13,Andhra Pradesh,Cuddapah,Acute Diarrhoeal Disease,29.67,36.39,71.48,14.0
2016-06-13,Andhra Pradesh,Kadapa,Acute Diarrhoeal Disease,29.67,36.39,71.48,14.0
2016-06-13,Chhattisgarh,Balod,Acute Diarrhoeal Disease,13.94,39.96,59.35,261.0
2016-06-13,Chhattisgarh,Bilaspur,Acute Diarrhoeal Disease,11.18,44.35,55.52,96.0
2016-06-13,Chhattisgarh,Raigarh,Acute Gastroenteritis,16.49,36.83,62.48,32.0
2016-06-13,Gujarat,Narmada,Cholera,0.45,40.15,45.93,41.0
2016-06-13,Karnataka,Koppal,Acute Diarrhoeal Disease,34.29,38.21,73.11,17.0
2016-06-13,Madhya Pradesh,Gwalior,Acute Diarrhoeal Disease,3.26,42.72,48.09,23.0
2016-06-13,Maharashtra,Nashik,Dengue,14.54,40.56,59.7,20.0
2016-06-13,West Bengal,Burdwan,Acute Diarrhoeal Disease,26.9,35.59,70.2,12.0
2016-06-14,Karnataka,Dharwad,Acute Diarrhoeal Disease,137.75,35.04,81.97,14.0
2016-06-14,Madhya Pradesh,Chhatarpur,Acute Diarrhoeal Disease,2.13,41.86,47.18,18.0
2016-06-15,Madhya Pradesh,Rajgarh,Acute Diarrhoeal Disease,0.67,41.99,45.6,42.0
2016-06-15,Madhya Pradesh,Sehore,Acute Diarrhoeal Disease,0.78,40.38,46.21,20.0
2016-06-15,Maharashtra,Bhandara,Acute Gastroenteritis,3.4,42.9,48.19,26.0
2016-06-15,Maharashtra,Nashik,Dengue,19.26,38.83,64.09,12.0
2016-06-16,Andhra Pradesh,Prakasam,Acute Diarrhoeal Disease,2.42,38.87,48.38,14.0
2016-06-16,Chhattisgarh,Balod,Acute Diarrhoeal Disease,10.78,39.62,56.55,101.0
2016-06-16,Karnataka,Tumkur,Dengue,20.66,27.64,68.49,49.0
2016-06-17,Uttar Pradesh,Fatehpur,Acute Diarrhoeal Disease,16.0,37.33,61.92,18.0
2016-06-18,Gujarat,Rajkot,Acute Gastroenteritis,1.9,36.69,48.48,89.0
2016-06-18,Karnataka,Bidar,Cholera,6.14,41.05,51.56,26.0
2016-06-18,Karnataka,Koppal,Acute Diarrhoeal Disease,18.21,37.79,63.58,13.0
2016-06-18,Madhya Pradesh,Sehore,Acute Diarrhoeal Disease,2.26,39.72,47.95,43.0
2016-06-18,Odisha,Bhadrak,Acute Diarrhoeal Disease,34.1,35.04,73.98,21.0
2016-06-18,West Bengal,South 24 Parganas,Cholera,53.6,28.99,81.1,43.0
2016-06-19,Assam,Jorhat,Cholera,120.23,23.53,85.39,11.0
2016-06-19,Maharashtra,Jalna,Acute Gastroenteritis,8.21,42.48,53.21,18.0
2016-06-19,Odisha,Dhenkanal,Acute Diarrhoeal Disease,44.55,35.04,77.47,20.0
2016-06-19,West Bengal,Bankura,Acute Diarrhoeal Disease,52.34,28.04,81.18,65.0
2016-06-19,West Bengal,Bankura,Cholera,52.34,28.04,81.18,56.0
2016-06-19,West Bengal,Bankura,Cholera,52.34,28.04,81.18,56.0
2016-06-19,West Bengal,South 24 Parganas,Cholera,59.15,28.99,81.85,17.0
2016-06-20,Karnataka,Gadag,Chikungunya,44.62,37.09,76.87,20.0
2016-06-20,Rajasthan,Bharatpur,Cholera,14.16,37.21,60.37,14.0
2016-06-21,Andhra Pradesh,Visakhapatnam,Acute Diarrhoeal Disease,35.16,31.38,75.52,41.0
2016-06-21,Jharkhand,West Singhbhum,Acute Diarrhoeal Disease,73.27,34.75,81.22,11.0
2016-06-22,Andhra Pradesh,Vizianagaram,Acute Diarrhoeal Disease,39.31,29.77,77.52,37.0
2016-06-22,Chhattisgarh,Raigarh,Acute Diarrhoeal Disease,85.92,38.93,80.42,39.0
2016-06-22,Karnataka,Gadag,Dengue,67.03,37.8,79.93,12.0
2016-06-22,Karnataka,Mandya,Malaria,44.21,31.15,78.55,50.0
2016-06-22,Maharashtra,Ahmednagar,Suspected Dengue,60.49,36.97,79.6,7.0
2016-06-22,Maharashtra,Amravati,Acute Gastroenteritis,68.32,42.67,78.56,24.0
2016-06-23,Maharashtra,Thane,Acute Gastroenteritis,117.21,34.08,82.21,23.0
2016-06-23,Maharashtra,Washim,Acute Gastroenteritis,79.71,38.65,80.32,23.0
2016-06-23,Odisha,Kandhamal,Acute Diarrhoeal Disease,59.89,37.29,79.44,21.0
2016-06-24,Madhya Pradesh,Jhabua,Acute Diarrhoeal Disease,33.5,32.42,74.51,30.0
2016-06-24,Madhya Pradesh,Ratlam,Cholera,42.2,32.95,77.46,66.0
2016-06-24,Maharashtra,Raigad,Suspected Dengue,149.93,31.97,82.9,43.0
2016-06-24,Uttar Pradesh,Lucknow,Acute Diarrhoeal Disease,83.03,41.49,79.58,10.0
2016-06-25,Karnataka,Raichur,Acute Diarrhoeal Disease,66.93,23.07,84.34,19.0
2016-06-25,Maharashtra,Jalna,Acute Gastroenteritis,89.32,34.99,81.68,17.0
2016-06-26,Andhra Pradesh,Chittoor,Acute Diarrhoeal Disease,45.17,29.05,79.42,75.0
2016-06-26,Madhya Pradesh,Alirajpur,Acute Diarrhoeal Disease,39.15,37.15,75.25,12.0
2016-06-26,Madhya Pradesh,Khargone,Acute Diarrhoeal Disease,49.82,39.91,77.17,118.0
2016-06-27,Assam,Goalpara,Dengue,102.66,25.52,84.7,30.0
2016-06-27,Karnataka,Bagalkot,Malaria,53.45,35.49,79.13,24.0
2016-06-27,Madhya Pradesh,Barwani,Cholera,29.37,38.33,70.74,15.0
2016-06-27,Madhya Pradesh,Chhatarpur,Acute Diarrhoeal Disease,43.05,40.2,75.52,28.0
2016-06-27,Madhya Pradesh,Ratlam,Acute Diarrhoeal Disease,25.35,41.15,67.6,150.0
2016-06-28,Bihar,Rohtas,Acute Diarrhoeal Disease,53.61,38.23,78.33,13.0
2016-06-28,Chhattisgarh,Mahasamund,Acute Diarrhoeal Disease,38.34,33.55,76.06,42.0
2016-06-28,Jharkhand,Pakur,Acute Diarrhoeal Disease,73.29,28.19,83.19,34.0
2016-06-28,Karnataka,Bangalore Rural,Acute Diarrhoeal Disease,76.54,35.04,81.29,24.0
2016-06-28,Kerala,Ernakulam,Dengue,134.05,22.95,85.59,12.0
2016-06-28,Maharashtra,Jalna,Acute Gastroenteritis,37.77,35.04,75.41,13.0
2016-06-28,Maharashtra,Mumbai (city),Acute Gastroenteritis,5.0,10.0,64.7,60.0
2016-06-28,Maharashtra,Thane,Acute Gastroenteritis,255.29,27.39,84.28,12.0
2016-06-28,Uttar Pradesh,Kannauj,Acute Diarrhoeal Disease,17.68,32.46,64.76,73.0
2016-07-01,Bihar,Jamui,Malaria,25.94,33.37,70.3,12.0
2016-07-01,Chhattisgarh,Balodabazar,Acute Diarrhoeal Disease,34.18,39.03,72.81,90.0
2016-07-01,Gujarat,Kheda,Cholera,63.36,42.91,78.1,37.0
2016-07-01,Gujarat,Navsari,Acute Diarrhoeal Disease,88.46,28.61,83.57,12.0
2016-07-01,Haryana,Yamuna Nagar,Acute Diarrhoeal Disease,20.68,32.0,67.2,12.0
2016-07-01,Madhya Pradesh,Ashok Nagar,Acute Diarrhoeal Disease,54.37,37.53,78.66,16.0
2016-07-01,Madhya Pradesh,Guna,Acute Diarrhoeal Disease,67.42,35.52,80.64,25.0
2016-07-01,Madhya Pradesh,Guna,Acute Diarrhoeal Disease,67.42,35.52,80.64,16.0
2016-07-02,Gujarat,Gandhinagar,Cholera,64.18,42.91,78.17,12.0
2016-07-02,Maharashtra,Thane,Acute Diarrhoeal Disease,161.06,27.39,84.28,25.0
2016-07-03,Andhra Pradesh,Vizianagaram,Acute Diarrhoeal Disease,220.2,30.03,83.49,13.0
2016-07-03,Kerala,Palakkad,Cholera,99.51,22.06,85.7,58.0
2016-07-03,Maharashtra,Parbhani,Acute Gastroenteritis,89.77,42.17,79.53,52.0
2016-07-03,West Bengal,North 24 Parganas,Cholera,37.03,23.94,78.47,137.0
2016-07-04,Chhattisgarh,Bemetara,Acute Diarrhoeal Disease,188.76,33.95,82.31,85.0
2016-07-04,Rajasthan,Kota,Cholera,53.5,40.37,77.67,45.0
2016-07-04,Uttar Pradesh,Etawah,Acute Diarrhoeal Disease,40.84,37.26,75.76,20.0
2016-07-04,West Bengal,North 24 Parganas,Acute Diarrhoeal Disease,57.79,22.17,83.73,82.0
2016-07-05,Delhi,North Delhi,Cholera,97.03,39.67,80.39,26.0
2016-07-05,Karnataka,Ballari,Acute Diarrhoeal Disease,28.58,30.03,72.81,61.0
2016-07-05,Kerala,Palakkad,Cholera,63.95,22.06,84.4,102.0
2016-07-05,Madhya Pradesh,Khargone,Acute Diarrhoeal Disease,46.68,30.05,79.47,45.0
2016-07-05,Telangana,Hyderabad,Acute Diarrhoeal Disease,116.44,30.03,83.43,100.0
2016-07-05,Telangana,Mahabubnagar,Acute Diarrhoeal Disease,58.49,30.03,81.46,13.0
2016-07-06,Bihar,Rohtas,Acute Diarrhoeal Disease,155.56,36.43,81.56,24.0
2016-07-06,Chhattisgarh,Balrampur,Acute Diarrhoeal Disease,91.5,39.39,80.4,17.0
2016-07-06,Chhattisgarh,Raigarh,Acute Gastroenteritis,199.0,37.37,81.29,54.0
2016-07-06,Karnataka,Koppal,Acute Diarrhoeal Disease,19.97,30.03,67.27,56.0
2016-07-06,Madhya Pradesh,Sehore,Acute Diarrhoeal Disease,109.77,32.87,82.54,12.0
2016-07-06,Maharashtra,Aurangabad,Acute Diarrhoeal Disease,56.76,30.03,81.24,20.0
2016-07-06,Odisha,Balasore,Cholera,87.15,25.05,84.61,54.0
2016-07-06,West Bengal,North 24 Parganas,Acute Diarrhoeal Disease,108.85,29.25,83.62,50.0
2016-07-07,Chhattisgarh,Rajnandgaon,Acute Diarrhoeal Disease,154.54,30.03,83.48,87.0
2016-07-07,Gujarat,Surat,Cholera,87.02,10.01,89.12,21.0
2016-07-07,West Bengal,Dakshin Dinajpur,Acute Diarrhoeal Disease,156.76,30.03,83.49,42.0
2016-07-08,Chhattisgarh,Balodabazar,Acute Diarrhoeal Disease,203.14,30.03,83.49,12.0
2016-07-08,Chhattisgarh,Koriya,Malaria,158.71,30.03,83.49,367.0
2016-07-08,Gujarat,Surat,Acute Gastroenteritis,83.7,18.0,86.64,12.0
2016-07-08,Gujarat,Surat,Acute Diarrhoeal Disease,83.7,18.0,86.64,11.0
2016-07-08,Maharashtra,Aurangabad,Cholera,53.91,30.03,80.84,9.0
2016-07-08,Uttar Pradesh,Azamgarh,Acute Diarrhoeal Disease,98.15,30.03,83.3,19.0
2016-07-08,West Bengal,Birbhum,Acute Diarrhoeal Disease,155.79,30.03,83.48,41.0
2016-07-09,Andhra Pradesh,Vizianagaram,Acute Diarrhoeal Disease,21.14,32.09,67.5,11.0
2016-07-09,Bihar,Madhubani,Acute Diarrhoeal Disease,74.78,10.0,88.72,21.0
2016-07-09,Bihar,West Champaran,Acute Diarrhoeal Disease,64.6,30.03,82.07,14.0
2016-07-09,Jharkhand,East Singhbhum,Acute Diarrhoeal Disease,105.88,30.03,83.37,50.0
2016-07-09,Madhya Pradesh,Shivpuri,Acute Diarrhoeal Disease,70.67,31.02,82.2,25.0
2016-07-09,Maharashtra,Nashik,Acute Diarrhoeal Disease,84.52,30.03,83.05,25.0
2016-07-09,West Bengal,Purulia,Acute Diarrhoeal Disease,90.65,29.65,83.3,46.0
2016-07-09,West Bengal,Purulia,Cholera,90.65,29.65,83.3,46.0
2016-07-10,Chhattisgarh,Durg,Acute Diarrhoeal Disease,174.68,30.03,83.49,200.0
2016-07-10,Chhattisgarh,Surguja,Acute Diarrhoeal Disease,100.32,30.03,83.32,4.0
2016-07-10,Kerala,Malappuram,Cholera,119.05,30.03,83.44,14.0
2016-07-10,Maharashtra,Bhandara,Acute Encephalitis Syndrome,300.0,30.03,83.49,3.0
2016-07-10,Telangana,Khammam,Acute Diarrhoeal Disease,52.23,30.03,80.57,7.0
2016-07-10,Telangana,Khammam,Acute Diarrhoeal Disease,52.23,30.03,80.57,7.0
2016-07-10,West Bengal,Purulia,Acute Diarrhoeal Disease,45.16,29.65,79.24,31.0
2016-07-10,West Bengal,Purulia,Acute Diarrhoeal Disease,45.16,29.65,79.24,31.0
2016-07-11,Bihar,Munger,Malaria,32.37,26.77,75.69,196.0
2016-07-11,Jammu and Kashmir,Baramulla,Acute Diarrhoeal Disease,11.3,24.65,61.54,27.0
2016-07-11,Kerala,Ernakulam,Suspected Dengue,127.74,26.59,84.49,13.0
2016-07-11,Madhya Pradesh,Chhatarpur,Acute Diarrhoeal Disease,282.08,30.29,83.41,46.0
2016-07-11,Madhya Pradesh,Shivpuri,Acute Diarrhoeal Disease,77.2,30.72,82.61,15.0
2016-07-11,Punjab,Rupnagar,Acute Diarrhoeal Disease,12.49,29.78,61.1,70.0
2016-07-11,Telangana,Mahabubnagar,Acute Diarrhoeal Disease,48.86,30.03,79.95,41.0
2016-07-11,Uttar Pradesh,Hardoi,Dengue,70.78,34.55,81.15,933.0
2016-07-11,West Bengal,Hooghly,Dengue,70.28,22.05,84.87,457.0
2016-07-11,West Bengal,Hooghly,Dengue,70.28,22.05,84.87,1109.0
2016-07-11,West Bengal,Hooghly,Dengue,70.28,22.05,84.87,1469.0
2016-07-11,West Bengal,Hooghly,Dengue,70.28,22.05,84.87,2513.0
2016-07-11,West Bengal,Hooghly,Dengue,70.28,22.05,84.87,2687.0
2016-07-12,Andhra Pradesh,Cuddapah,Acute Diarrhoeal Disease,10.41,27.97,59.7,42.0
2016-07-12,Andhra Pradesh,Kadapa,Acute Diarrhoeal Disease,10.41,27.97,59.7,42.0
2016-07-12,Chhattisgarh,Balodabazar,Acute Diarrhoeal Disease,119.7,30.03,83.44,41.0
2016-07-12,Chhattisgarh,Raipur,Acute Diarrhoeal Disease,146.36,30.03,83.48,26.0
2016-07-12,Madhya Pradesh,Hoshangabad,Acute Diarrhoeal Disease,300.0,30.03,83.49,33.0
2016-07-12,Madhya Pradesh,Singrauli,Acute Diarrhoeal Disease,29.45,33.05,72.37,17.0
2016-07-12,Maharashtra,Nagpur,Cholera,300.0,30.03,83.49,858.0
2016-07-12,Maharashtra,Nashik,Acute Diarrhoeal Disease,140.84,30.03,83.48,62.0
2016-07-12,Maharashtra,Yavatmal,Acute Diarrhoeal Disease,300.0,30.03,83.49,28.0
2016-07-12,Punjab,Jalandhar,Cholera,13.82,31.12,61.89,39.0
2016-07-13,Bihar,Madhubani,Acute Diarrhoeal Disease,36.39,27.34,77.21,9.0
2016-07-13,Gujarat,Valsad,Acute Diarrhoeal Disease,167.74,30.03,83.49,13.0
2016-07-13,Karnataka,Tumkur,Dengue And Chikungunya,14.53,30.03,62.85,23.0
2016-07-13,Madhya Pradesh,Raisen,Acute Diarrhoeal Disease,300.0,30.03,83.49,10.0
2016-07-13,Rajasthan,Dungarpur,Acute Diarrhoeal Disease,168.14,31.65,83.0,14.0
2016-07-13,Telangana,Adilabad,Acute Diarrhoeal Disease,300.0,30.03,83.49,126.0
2016-07-13,Uttar Pradesh,Siddharth Nagar,Acute Diarrhoeal Disease,26.74,30.03,71.78,3.0
2016-07-14,Bihar,Nalanda,Acute Diarrhoeal Disease,19.44,30.03,66.86,15.0
2016-07-14,Chhattisgarh,Balodabazar,Acute Diarrhoeal Disease,59.37,30.03,81.56,36.0
2016-07-14,Chhattisgarh,Raigarh,Acute Gastroenteritis,27.08,30.03,71.97,48.0
2016-07-14,Karnataka,Ramanagara,Cholera,8.88,23.95,59.43,84.0
2016-07-14,Madhya Pradesh,Guna,Acute Diarrhoeal Disease,161.8,30.03,83.49,16.0
2016-07-14,Madhya Pradesh,Ratlam,Cholera,300.0,30.03,83.49,744.0
2016-07-14,Madhya Pradesh,Ratlam,Cholera,300.0,30.03,83.49,1614.0
2016-07-15,Karnataka,Bidar,Cholera,119.3,29.81,83.5,22.0
2016-07-15,Karnataka,Dharwad,Acute Diarrhoeal Disease,53.83,30.89,80.57,35.0
2016-07-15,Madhya Pradesh,Barwani,Cholera,244.45,28.23,84.03,16.0
2016-07-15,Madhya Pradesh,Khargone,Acute Diarrhoeal Disease,300.0,29.07,83.78,37.0
2016-07-15,Madhya Pradesh,Khargone,Acute Diarrhoeal Disease,300.0,29.07,83.78,54.0
2016-07-15,West Bengal,Paschim Medinipur,Dengue,34.08,30.03,75.47,1665.0
2016-07-15,West Bengal,Paschim Medinipur,Dengue,34.08,30.03,75.47,1665.0
2016-07-15,West Bengal,Purulia,Acute Diarrhoeal Disease,66.55,30.03,82.22,60.0
2016-07-15,West Bengal,Purulia,Acute Diarrhoeal Disease,66.55,30.03,82.22,60.0
2016-07-16,Andhra Pradesh,Srikakulam,Acute Diarrhoeal Disease,42.4,30.71,78.19,12.0
2016-07-16,Jharkhand,Lohardaga,Acute Diarrhoeal Disease,82.48,29.93,83.03,24.0
2016-07-16,Karnataka,Bagalkot,Chikungunya,20.49,32.48,66.91,11.0
2016-07-16,Madhya Pradesh,Sidhi,Acute Diarrhoeal Disease,51.07,27.75,81.05,4.0
2016-07-16,Madhya Pradesh,Sidhi,Acute Diarrhoeal Disease,51.07,27.75,81.05,4.0
2016-07-16,Maharashtra,Wardha,Acute Diarrhoeal Disease,65.39,28.85,82.49,26.0
2016-07-16,Odisha,Angul,Acute Diarrhoeal Disease,80.12,11.33,88.53,173.0
2016-07-16,Odisha,Rayagada,Cholera,97.03,28.97,83.6,10.0
2016-07-16,Tamil Nadu,Virudhunagar,Acute Diarrhoeal Disease,9.81,43.52,54.46,77.0
2016-07-16,Uttar Pradesh,Rae-Bareilly,Acute Diarrhoeal Disease,52.97,30.03,80.69,22.0
2016-07-17,Chhattisgarh,Rajnandgaon,Acute Diarrhoeal Disease,70.08,30.03,82.46,14.0
2016-07-17,Rajasthan,Baran,Acute Diarrhoeal Disease,175.51,30.03,83.49,59.0
2016-07-17,Rajasthan,Baran,Acute Diarrhoeal Disease,175.51,30.03,83.49,56.0
2016-07-17,West Bengal,Murshidabad,Acute Diarrhoeal Disease,50.94,27.86,81.0,58.0
2016-07-18,Chhattisgarh,Bilaspur,Acute Diarrhoeal Disease,100.21,30.03,83.32,66.0
2016-07-18,Chhattisgarh,Korba,Cholera,136.29,15.35,87.88,7.0
2016-07-18,Chhattisgarh,Raigarh,Acute Gastroenteritis,154.46,30.03,83.48,11.0
2016-07-18,Madhya Pradesh,Khargone,Acute Diarrhoeal Disease,100.77,29.07,83.61,49.0
2016-07-18,Madhya Pradesh,Rajgarh,Acute Diarrhoeal Disease,106.39,30.03,83.37,31.0
2016-07-18,Maharashtra,Bhandara,Acute Diarrhoeal Disease,41.8,28.59,78.65,32.0
2016-07-18,Maharashtra,Thane,Acute Diarrhoeal Disease,81.17,26.55,84.0,11.0
2016-07-18,Odisha,Kendrapara,Acute Diarrhoeal Disease,77.84,27.17,83.7,16.0
2016-07-18,Uttarakhand,Dehradun,Dengue,300.0,19.21,86.74,41.0
2016-07-19,Chhattisgarh,Bastar,Dengue,29.59,26.45,74.43,6.0
2016-07-19,Dadra and Nagar Haveli,Dadra and Nagar Haveli,Cholera,61.11,27.73,82.44,2.0
2016-07-19,Jammu and Kashmir,Baramulla,Acute Diarrhoeal Disease,44.28,17.92,82.53,97.0
2016-07-19,Maharashtra,Pune,Dengue,39.72,29.0,77.89,31.0
2016-07-19,Maharashtra,Thane,Acute Diarrhoeal Disease,67.75,26.55,83.35,25.0
2016-07-20,Bihar,Rohtas,Acute Diarrhoeal Disease,200.44,30.03,83.49,78.0
2016-07-20,Chhattisgarh,Dhamtari,Acute Diarrhoeal Disease,54.84,30.03,80.98,88.0
2016-07-20,Chhattisgarh,Kondagaon,Acute Diarrhoeal Disease,51.67,30.03,80.47,7.0
2016-07-20,Gujarat,Navsari,Acute Diarrhoeal Disease,51.76,27.51,81.25,26.0
2016-07-20,Gujarat,Surat,Acute Diarrhoeal Disease,30.91,20.06,77.01,31.0
2016-07-20,Madhya Pradesh,Bhopal,Acute Diarrhoeal Disease,38.48,30.03,77.16,18.0
2016-07-20,Madhya Pradesh,Shajapur,Cholera,53.23,30.03,80.73,14.0
2016-07-20,Uttar Pradesh,Mirzapur,Acute Diarrhoeal Disease,76.07,30.03,82.77,43.0
2016-07-20,West Bengal,Purulia,Acute Diarrhoeal Disease,69.43,30.03,82.42,35.0
2016-07-20,West Bengal,Purulia,Acute Diarrhoeal Disease,69.43,30.03,82.42,35.0
2016-07-21,Andhra Pradesh,Srikakulam,Dengue,39.29,30.23,77.38,22.0
2016-07-21,Chhattisgarh,Jashpur,Acute Diarrhoeal Disease,168.31,30.03,83.49,3.0
2016-07-21,Gujarat,Vadodara,Cholera,41.74,27.37,79.0,47.0
2016-07-21,Madhya Pradesh,Bhopal,Acute Diarrhoeal Disease,37.75,30.03,76.91,13.0
2016-07-21,Rajasthan,Baran,Acute Diarrhoeal Disease,111.76,27.49,84.17,17.0
2016-07-21,Rajasthan,Udaipur,Acute Gastroenteritis,35.94,25.74,77.52,37.0
2016-07-21,Rajasthan,Udaipur,Acute Gastroenteritis,35.94,25.74,77.52,37.0
2016-07-22,Chhattisgarh,Janjgir,Acute Diarrhoeal Disease,125.58,30.03,83.45,46.0
2016-07-22,Chhattisgarh,Mahasamund,Acute Diarrhoeal Disease,68.51,30.03,82.36,38.0
2016-07-22,Chhattisgarh,Rajnandgaon,Acute Diarrhoeal Disease,103.92,30.03,83.35,182.0
2016-07-22,Jharkhand,Ranchi,Acute Diarrhoeal Disease,145.37,30.03,83.48,13.0
2016-07-22,Karnataka,Gadag,Dengue,55.87,30.03,81.12,12.0
2016-07-22,Karnataka,Tumkur,Chikungunya,63.49,30.03,81.97,17.0
2016-07-22,Madhya Pradesh,Barwani,Cholera,18.89,30.03,66.44,17.0
2016-07-22,Tamil Nadu,Thiruvallur,Dengue,60.04,30.03,81.63,32.0
2016-07-23,Gujarat,Navsari,Acute Diarrhoeal Disease,36.09,30.03,76.29,13.0
2016-07-23,Gujarat,Navsari,Acute Diarrhoeal Disease,36.09,30.03,76.29,172.0
2016-07-23,Jammu and Kashmir,Pulwama,Acute Diarrhoeal Disease,50.74,25.28,81.73,49.0
2016-07-23,Madhya Pradesh,Bhind,Malaria,38.08,26.35,78.13,15.0
2016-07-23,Madhya Pradesh,Narsinghpur,Acute Diarrhoeal Disease,26.89,30.03,71.86,103.0
2016-07-23,Madhya Pradesh,Narsinghpur,Acute Diarrhoeal Disease,26.89,30.03,71.86,62.0
2016-07-23,Madhya Pradesh,Shahdol,Malaria,66.63,30.03,82.23,5.0
2016-07-23,Punjab,Bathinda,Acute Diarrhoeal Disease,25.84,29.87,71.29,67.0
2016-07-23,Punjab,Bathinda,Acute Diarrhoeal Disease,25.84,29.87,71.29,67.0
2016-07-23,Tamil Nadu,Ramanathapuram- Paramakudi,Acute Diarrhoeal Disease,20.01,43.39,63.29,17.0
2016-07-23,Uttar Pradesh,Chandauli,Acute Diarrhoeal Disease,83.96,30.03,83.04,12.0
2016-07-24,Maharashtra,Ahmednagar,Chikungunya,38.59,30.07,77.19,15.0
2016-07-24,Maharashtra,Gadchiroli,Malaria,98.32,30.03,83.3,21.0
2016-07-24,Maharashtra,Jalna,Dengue,57.42,30.03,81.33,12.0
2016-07-24,Punjab,Moga,Cholera,16.28,29.56,64.49,326.0
2016-07-24,Uttar Pradesh,Azamgarh,Acute Diarrhoeal Disease,73.09,24.57,84.27,11.0
2016-07-24,Uttar Pradesh,Budaun,Acute Diarrhoeal Disease,25.09,26.73,71.77,8.0
2016-07-25,Bihar,Jamui,Acute Diarrhoeal Disease,68.76,30.03,82.38,22.0
2016-07-25,Gujarat,Banaskantha,Acute Diarrhoeal Disease,21.24,34.05,66.99,194.0
2016-07-25,Jharkhand,East Singhbhum,Dengue,51.71,30.03,80.48,7.0
2016-07-25,Karnataka,Kalaburgi (Gulbarga),Cholera,62.9,30.03,81.92,18.0
2016-07-25,Madhya Pradesh,Sheopur- Kalan,Acute Diarrhoeal Disease,38.37,35.11,75.6,15.0
2016-07-25,Maharashtra,Chandrapur,Acute Gastroenteritis,65.03,30.03,82.1,16.0
2016-07-25,Maharashtra,Nagpur,Acute Gastroenteritis,238.47,30.03,83.49,18.0
2016-07-25,West Bengal,Birbhum,Acute Diarrhoeal Disease,79.86,30.03,82.91,59.0
2016-07-26,Bihar,Munger,Acute Diarrhoeal Disease,88.03,29.29,83.36,18.0
2016-07-26,Bihar,Nalanda,Acute Diarrhoeal Disease,46.95,30.03,79.54,16.0
2016-07-26,Chhattisgarh,Raigarh,Acute Gastroenteritis,122.51,30.03,83.45,16.0
2016-07-26,West Bengal,Burdwan,Acute Diarrhoeal Disease,87.54,30.03,83.13,59.0
2016-07-27,Bihar,Arwal,Acute Diarrhoeal Disease,59.89,28.89,81.96,21.0
2016-07-27,Bihar,Bhabua,Acute Diarrhoeal Disease,85.06,33.29,82.09,24.0
2016-07-27,Bihar,Buxar,Acute Diarrhoeal Disease,77.65,10.0,88.84,15.0
2016-07-27,Bihar,Katihar,Acute Diarrhoeal Disease,79.52,30.03,82.9,26.0
2016-07-27,Bihar,Nalanda,Acute Diarrhoeal Disease,50.99,30.03,80.35,11.0
2016-07-27,Chhattisgarh,Balod,Acute Diarrhoeal Disease,82.42,25.71,84.29,37.0
2016-07-27,Chhattisgarh,Gariyaband,Acute Diarrhoeal Disease,105.41,27.81,84.03,64.0
2016-07-27,Kerala,Kasaragod,Acute Diarrhoeal Disease,169.83,31.55,83.03,75.0
2016-07-27,Maharashtra,Chandrapur,Acute Diarrhoeal Disease,87.2,27.91,83.75,68.0
2016-07-27,Maharashtra,Jalgaon,Acute Diarrhoeal Disease,42.91,30.03,78.54,26.0
2016-07-27,Odisha,Balasore,Cholera,102.19,30.03,83.34,12.0
2016-07-27,Odisha,Bhadrak,Acute Gastroenteritis,121.1,30.03,83.44,19.0
2016-07-27,Odisha,Koraput,Acute Diarrhoeal Disease,114.67,30.21,83.37,14.0
2016-07-27,Telangana,Medak,Cholera,43.84,34.47,77.45,202.0
2016-07-27,Telangana,Medak,Cholera,43.84,34.47,77.45,250.0
2016-07-27,Uttar Pradesh,Aligarh,Acute Diarrhoeal Disease,45.07,29.72,79.19,36.0
2016-07-28,Andhra Pradesh,Chittoor,Acute Diarrhoeal Disease,81.38,31.3,82.58,11.0
2016-07-28,Bihar,Nawada,Acute Diarrhoeal Disease,39.36,30.03,77.46,20.0
2016-07-28,Chhattisgarh,Raigarh,Acute Gastroenteritis,76.59,31.33,82.4,30.0
2016-07-28,Jammu and Kashmir,Baramulla,Acute Gastroenteritis,52.43,23.58,82.54,20.0
2016-07-28,Madhya Pradesh,Ashok Nagar,Acute Diarrhoeal Disease,79.73,30.03,82.91,26.0
2016-07-28,Madhya Pradesh,Barwani,Cholera,116.34,30.03,83.43,13.0
2016-07-28,Madhya Pradesh,Mandla,Cholera,63.18,30.03,81.95,49.0
2016-07-28,Madhya Pradesh,Ratlam,Cholera,143.34,30.03,83.48,6.0
2016-07-28,Madhya Pradesh,Rewa,Malaria,68.19,34.17,81.1,77.0
2016-07-28,Maharashtra,Kolhapur,Malaria,155.68,30.45,83.36,18.0
2016-07-28,Maharashtra,Sangli,Dengue,99.47,30.03,83.31,9.0
2016-07-28,Maharashtra,Sholapur,Acute Diarrhoeal Disease,69.07,36.61,80.42,160.0
2016-07-28,Maharashtra,Yavatmal,Acute Diarrhoeal Disease,82.19,28.97,83.31,5.0
2016-07-28,Odisha,Angul,Acute Diarrhoeal Disease,103.77,19.95,86.38,27.0
2016-07-28,Odisha,Nayagarh,Acute Diarrhoeal Disease,100.79,25.35,84.73,37.0
2016-07-28,Rajasthan,Dungarpur,Acute Diarrhoeal Disease,90.21,30.03,83.18,34.0
2016-07-28,Rajasthan,Pratapgarh,Cholera,102.73,31.12,83.02,49.0
2016-07-28,Rajasthan,Udaipur,Acute Gastroenteritis,108.92,29.79,83.46,6.0
2016-07-28,Uttar Pradesh,Rae-Bareilly,Acute Diarrhoeal Disease,76.7,30.03,82.8,10.0
2016-08-01,Assam,Dibrugarh,Dengue,34.93,18.47,79.3,14.0
2016-08-01,Bihar,Jamui,Acute Diarrhoeal Disease,90.8,31.01,82.9,6.0
2016-08-01,Bihar,Nalanda,Acute Diarrhoeal Disease,51.75,28.11,81.06,14.0
2016-08-01,Himachal Pradesh,Mandi,Acute Diarrhoeal Disease,144.31,20.91,86.22,21.0
2016-08-01,Madhya Pradesh,Shajapur,Acute Diarrhoeal Disease,134.46,28.11,84.05,72.0
2016-08-01,Madhya Pradesh,Shivpuri,Acute Diarrhoeal Disease,140.93,21.79,85.95,81.0
2016-08-01,Odisha,Kalahandi,Acute Diarrhoeal Disease,44.36,30.81,78.69,8.0
2016-08-01,Odisha,Nawapara,Acute Diarrhoeal Disease,59.37,31.83,81.02,13.0
2016-08-01,Punjab,Jalandhar,Cholera,55.13,28.5,81.48,165.0
2016-08-01,Rajasthan,Banswara,Acute Diarrhoeal Disease,174.78,28.11,84.07,9.0
2016-08-01,Uttar Pradesh,Kaushambi,Acute Diarrhoeal Disease,80.86,29.77,83.03,189.0
2016-08-02,Chhattisgarh,Janjgir,Acute Diarrhoeal Disease,45.73,26.69,80.26,26.0
2016-08-02,Karnataka,Bidar,Cholera,108.36,27.13,84.26,13.0
2016-08-02,Madhya Pradesh,Raisen,Acute Diarrhoeal Disease,89.59,28.11,83.74,22.0
2016-08-02,Rajasthan,Baran,Cholera,163.65,28.11,84.06,110.0
2016-08-02,Rajasthan,Bhilwara,Acute Diarrhoeal Disease,165.55,28.21,84.03,102.0
2016-08-02,Uttar Pradesh,Chandauli,Acute Diarrhoeal Disease,70.12,28.11,83.04,272.0
2016-08-03,Bihar,Jamui,Acute Diarrhoeal Disease,92.83,29.55,83.37,32.0
2016-08-03,Bihar,Rohtas,Acute Diarrhoeal Disease,65.77,27.73,82.85,24.0
2016-08-03,Karnataka,Kolar,Cholera,45.01,26.67,80.09,28.0
2016-08-03,Maharashtra,Chandrapur,Acute Gastroenteritis,62.61,28.11,82.47,48.0
2016-08-03,Maharashtra,Sangli,Dengue,99.91,23.31,85.33,13.0
2016-08-04,Andhra Pradesh,East Godavari,Acute Diarrhoeal Disease,140.04,28.11,84.05,14.0
2016-08-04,Bihar,Nalanda,Acute Diarrhoeal Disease,57.97,28.11,81.97,15.0
2016-08-04,Maharashtra,Amravati,Acute Diarrhoeal Disease,183.52,28.11,84.07,13.0
2016-08-05,Chhattisgarh,Sukma,Dengue,95.48,28.11,83.84,41.0
2016-08-05,Madhya Pradesh,Katni,Acute Diarrhoeal Disease,67.77,28.11,82.89,57.0
2016-08-05,Madhya Pradesh,Sidhi,Acute Diarrhoeal Disease,40.72,28.11,78.47,24.0
2016-08-05,Odisha,Kalahandi,Acute Diarrhoeal Disease,80.08,28.01,83.53,15.0
2016-08-05,Punjab,Jalandhar,Acute Diarrhoeal Disease,7.58,30.04,56.31,54.0
2016-08-05,Uttar Pradesh,Bara-Banki,Acute Diarrhoeal Disease,79.66,27.42,83.69,9.0
2016-08-06,Madhya Pradesh,Burhanpur,Cholera,152.64,28.11,84.06,41.0
2016-08-06,Maharashtra,Kolhapur,Cholera,111.76,28.11,83.98,50.0
2016-08-06,Uttar Pradesh,Fatehpur,Acute Diarrhoeal Disease,74.42,28.21,83.24,65.0
2016-08-07,Andhra Pradesh,Chittoor,Acute Diarrhoeal Disease,0.15,26.1,49.83,32.0
2016-08-07,Chhattisgarh,Janjgir,Cholera,197.19,23.97,85.31,28.0
2016-08-07,Madhya Pradesh,Ratlam,Cholera,231.37,28.11,84.07,22.0
2016-08-07,Maharashtra,Jalna,Dengue,117.2,28.11,84.01,12.0
2016-08-08,Chhattisgarh,Dhamtari,Acute Diarrhoeal Disease,300.0,28.11,84.07,15.0
2016-08-08,Chhattisgarh,Rajnandgaon,Acute Diarrhoeal Disease,259.85,28.11,84.07,38.0
2016-08-08,Jharkhand,Jamtara,Acute Diarrhoeal Disease,54.22,25.99,82.1,21.0
2016-08-08,Jharkhand,Pakur,Acute Diarrhoeal Disease,40.0,26.73,78.66,20.0
2016-08-08,Karnataka,Haveri,Acute Diarrhoeal Disease,123.79,28.11,84.03,16.0
2016-08-08,Maharashtra,Ahmednagar,Dengue,150.25,27.17,84.34,19.0
2016-08-08,Maharashtra,Jalgaon,Cholera,64.01,26.47,83.09,46.0
2016-08-08,Rajasthan,Jaipur,Cholera,73.7,28.86,83.01,546.0
2016-08-08,Telangana,Nizamabad,Acute Diarrhoeal Disease,55.13,24.19,82.77,54.0
2016-08-09,Bihar,Nalanda,Acute Diarrhoeal Disease,51.92,28.11,81.09,12.0
2016-08-09,Bihar,Nalanda,Acute Diarrhoeal Disease,51.92,28.11,81.09,21.0
2016-08-09,Gujarat,Gandhinagar,Cholera,80.92,28.11,83.53,52.0
2016-08-09,Gujarat,Kheda,Cholera,80.92,28.11,83.53,77.0
2016-08-09,Karnataka,Uttara Kannada,Acute Diarrhoeal Disease,220.01,26.01,84.7,21.0
2016-08-09,Madhya Pradesh,Khandwa,Cholera,100.15,30.87,83.07,121.0
2016-08-09,Madhya Pradesh,Ratlam,Acute Diarrhoeal Disease,300.0,28.11,84.07,275.0
2016-08-09,Punjab,Patiala,Acute Gastroenteritis,69.33,29.48,82.58,28.0
2016-08-09,Telangana,Medak,Acute Diarrhoeal Disease,39.51,24.04,79.31,10.0
2016-08-09,Uttar Pradesh,Budaun,Dengue,29.58,30.58,73.18,18.0
2016-08-10,Bihar,Rohtas,Acute Diarrhoeal Disease,57.45,28.11,81.91,21.0
2016-08-10,Chhattisgarh,Rajnandgaon,Acute Diarrhoeal Disease,242.57,28.11,84.07,46.0
2016-08-10,Gujarat,Gandhinagar,Cholera,98.93,28.11,83.88,52.0
2016-08-10,Madhya Pradesh,Raisen,Acute Diarrhoeal Disease,134.88,28.11,84.05,25.0
2016-08-10,Odisha,Ganjam,Acute Diarrhoeal Disease,5.0,28.11,59.26,27.0
2016-08-10,Odisha,Kalahandi,Acute Diarrhoeal Disease,130.29,28.11,84.04,61.0
2016-08-10,Punjab,Barnala,Acute Diarrhoeal Disease,45.39,29.51,79.33,34.0
2016-08-10,Uttar Pradesh,Budaun,Malaria,30.41,29.21,74.02,39.0
2016-08-10,Uttar Pradesh,Mirzapur,Acute Diarrhoeal Disease,60.56,29.67,81.8,9.0
2016-08-10,West Bengal,North 24 Parganas,Dengue,89.23,27.27,83.99,248.0
2016-08-10,West Bengal,North 24 Parganas,Dengue,89.23,27.27,83.99,279.0
2016-08-10,West Bengal,North 24 Parganas,Dengue,89.23,27.27,83.99,281.0
2016-08-11,Chhattisgarh,Janjgir,Acute Diarrhoeal Disease,119.99,28.11,84.01,5.0
2016-08-11,Meghalaya,West Garo Hills,Dengue,31.06,28.11,74.67,63.0
2016-08-11,Rajasthan,Dungarpur,Acute Diarrhoeal Disease,214.6,28.11,84.07,25.0
2016-08-11,Uttar Pradesh,Badaun,Dengue,46.8,27.45,80.28,16.0
2016-08-12,Chhattisgarh,Balod,Acute Diarrhoeal Disease,103.94,25.89,84.6,69.0
2016-08-12,Chhattisgarh,Gariyaband,Acute Diarrhoeal Disease,66.98,26.71,83.25,16.0
2016-08-12,Karnataka,Udupi,Dengue,172.21,27.45,84.26,13.0
2016-08-12,Rajasthan,Baran,Acute Diarrhoeal Disease,226.55,28.11,84.07,74.0
2016-08-13,Chhattisgarh,Balrampur,Acute Diarrhoeal Disease,265.58,28.11,84.07,55.0
2016-08-13,Chhattisgarh,Rajnandgaon,Acute Diarrhoeal Disease,48.18,28.11,80.39,8.0
2016-08-13,Punjab,Fatehgarh Sahib,Acute Gastroenteritis,125.87,27.33,84.26,15.0
2016-08-13,Tamil Nadu,Thiruvallur,Acute Diarrhoeal Disease,3.69,37.45,50.13,59.0
2016-08-14,Rajasthan,Baran,Acute Diarrhoeal Disease,188.99,10.0,89.5,129.0
2016-08-15,Bihar,Munger,Malaria,67.85,28.01,82.92,8.0
2016-08-15,Chhattisgarh,Raigarh,Acute Gastroenteritis,132.56,27.07,84.35,41.0
2016-08-15,Jharkhand,East Singhbhum,Acute Diarrhoeal Disease,100.32,28.11,83.9,10.0
2016-08-15,Karnataka,Mandya,Dengue,10.56,31.61,58.75,28.0
2016-08-15,Karnataka,Mandya,Dengue,10.56,31.61,58.75,28.0
2016-08-15,Maharashtra,Beed,Dengue,10.49,29.83,59.22,34.0
2016-08-15,Maharashtra,Jalna,Dengue,10.13,30.55,58.66,7.0
2016-08-15,Punjab,Muktsar,Acute Diarrhoeal Disease,14.97,28.49,63.69,15.0
2016-08-15,Uttar Pradesh,Azamgarh,Acute Diarrhoeal Disease,59.89,25.64,82.93,23.0
2016-08-15,Uttar Pradesh,Varanasi,Acute Diarrhoeal Disease,92.02,28.11,83.79,2.0
2016-08-16,Chhattisgarh,Janjgir,Acute Diarrhoeal Disease,177.9,28.11,84.07,27.0
2016-08-16,Himachal Pradesh,Mandi,Acute Diarrhoeal Disease,159.91,25.17,84.94,49.0
2016-08-16,Jammu and Kashmir,Anantnag,Acute Gastroenteritis,24.54,22.51,72.68,780.0
2016-08-16,Uttar Pradesh,Lakhimpur Kheri,Acute Encephalitis Syndrome,109.59,28.41,83.88,27.0
2016-08-17,Karnataka,Tumkur,Chikungunya,13.67,28.15,62.65,30.0
2016-08-17,Madhya Pradesh,Bhopal,Acute Diarrhoeal Disease,118.63,28.11,84.01,17.0
2016-08-17,Odisha,Ganjam,Acute Diarrhoeal Disease,5.0,30.72,58.48,36.0
2016-08-17,West Bengal,Murshidabad,Dengue,76.05,27.9,83.41,118.0
2016-08-17,West Bengal,Murshidabad,Dengue,76.05,27.9,83.41,148.0
2016-08-17,West Bengal,Murshidabad,Dengue,76.05,27.9,83.41,148.0
2016-08-17,West Bengal,Murshidabad,Dengue,76.05,27.9,83.41,148.0
2016-08-18,Himachal Pradesh,Mandi,Acute Diarrhoeal Disease,128.08,25.11,84.94,50.0
2016-08-18,Karnataka,Chikkaballapura,Chikungunya,9.88,28.98,58.89,28.0
2016-08-18,Uttar Pradesh,Mirzapur,Acute Diarrhoeal Disease,300.0,28.11,84.07,40.0
2016-08-18,Uttar Pradesh,Siddharth Nagar,Acute Diarrhoeal Disease,62.61,30.22,81.84,7.0
2016-08-18,West Bengal,Nadia,Dengue,60.49,28.61,82.11,162.0
2016-08-19,Chhattisgarh,Raipur,Acute Diarrhoeal Disease,118.21,26.99,84.34,31.0
2016-08-19,Jharkhand,Sahebganj,Acute Diarrhoeal Disease,54.12,27.81,81.54,51.0
2016-08-19,Karnataka,Ramanagara,Chikungunya,13.58,24.79,63.58,43.0
2016-08-19,Maharashtra,Amravati,Acute Gastroenteritis,21.56,24.87,69.97,41.0
2016-08-20,Assam,Kamrup,Chikungunya,49.38,28.3,80.57,33.0
2016-08-20,Bihar,Bhabua,Acute Diarrhoeal Disease,144.83,25.88,84.72,13.0
2016-08-20,Bihar,Bhabua,Acute Diarrhoeal Disease,144.83,25.88,84.72,13.0
2016-08-20,Jammu and Kashmir,Ramban,Acute Diarrhoeal Disease,7.88,25.03,58.11,62.0
2016-08-20,Jammu and Kashmir,Ramban,Acute Diarrhoeal Disease,7.88,25.03,58.11,62.0
2016-08-21,Andhra Pradesh,Vizianagaram,Acute Diarrhoeal Disease,28.71,29.23,73.12,14.0
2016-08-21,West Bengal,Burdwan,Acute Diarrhoeal Disease,72.5,25.15,84.06,114.0
2016-08-21,West Bengal,Purulia,Acute Diarrhoeal Disease,117.01,26.87,84.38,139.0
2016-08-22,Chhattisgarh,Janjgir,Acute Diarrhoeal Disease,92.9,23.25,85.26,17.0
2016-08-22,Karnataka,Ramanagara,Acute Diarrhoeal Disease,10.02,26.68,59.71,41.0
2016-08-22,Madhya Pradesh,Raisen,Acute Diarrhoeal Disease,167.81,28.41,83.97,71.0
2016-08-22,Madhya Pradesh,Singrauli,Acute Diarrhoeal Disease,154.4,26.64,84.5,13.0
2016-08-22,Tamil Nadu,Kancheepuram,Dengue,0.15,34.1,47.43,38.0
2016-08-23,Arunachal Pradesh,East Siang,Dengue,44.68,22.65,81.22,5.0
2016-08-23,Madhya Pradesh,Shivpuri,Acute Diarrhoeal Disease,88.64,28.11,83.73,25.0
2016-08-23,Madhya Pradesh,Singrauli,Acute Diarrhoeal Disease,146.16,26.64,84.5,11.0
2016-08-23,West Bengal,Dakshin Dinajpur,Dengue,60.63,28.94,82.02,72.0
2016-08-23,West Bengal,Hooghly,Dengue,182.37,28.11,84.07,1491.0
2016-08-24,Karnataka,Dharwad,Acute Diarrhoeal Disease,16.23,34.59,62.93,25.0
2016-08-24,Maharashtra,Yavatmal,Acute Diarrhoeal Disease,8.59,31.44,56.89,10.0
2016-08-24,Rajasthan,Alwar,Dengue And Chikungunya,43.61,26.23,79.86,115.0
2016-08-24,Rajasthan,Alwar,Chikungunya,43.61,26.23,79.86,220.0
2016-08-24,West Bengal,Hooghly,Dengue,174.33,28.49,83.95,124.0
2016-08-24,West Bengal,Purulia,Acute Diarrhoeal Disease,107.1,27.88,84.02,58.0
2016-08-24,West Bengal,Purulia,Acute Diarrhoeal Disease,107.1,27.88,84.02,58.0
2016-08-25,Bihar,Bhabua,Acute Diarrhoeal Disease,40.8,26.8,78.89,106.0
2016-08-25,Uttar Pradesh,Kushinagar,Acute Diarrhoeal Disease,40.8,28.71,78.32,44.0
2016-08-26,Karnataka,Raichur,Dengue,3.97,33.38,51.64,36.0
2016-08-26,Madhya Pradesh,Rewa,Acute Diarrhoeal Disease,39.75,28.82,77.95,12.0
2016-08-26,Madhya Pradesh,Sidhi,Acute Diarrhoeal Disease,59.71,26.3,82.72,14.0
2016-08-26,Maharashtra,Ahmednagar,Chikungunya,13.94,32.01,61.73,182.0
2016-08-26,Telangana,Nalgonda,Malaria,3.72,39.66,49.49,18.0
2016-08-26,West Bengal,Dakshin Dinajpur,Dengue,44.74,31.96,78.44,42.0
2016-08-27,Bihar,Nalanda,Dengue,27.37,30.33,72.05,29.0
2016-08-27,Bihar,Nalanda,Dengue And Chikungunya,27.37,30.33,72.05,168.0
2016-08-27,Chhattisgarh,Korba,Acute Diarrhoeal Disease,83.09,23.25,85.05,16.0
2016-08-27,Chhattisgarh,Rajnandgaon,Acute Diarrhoeal Disease,55.33,25.85,82.3,12.0
2016-08-27,Odisha,Cuttack,Acute Diarrhoeal Disease,99.44,29.64,83.43,13.0
2016-08-27,West Bengal,Nadia,Dengue,171.98,30.14,83.46,53.0
2016-08-27,West Bengal,Nadia,Dengue,171.98,30.14,83.46,53.0
2016-08-27,West Bengal,South 24 Parganas,Acute Diarrhoeal Disease,147.62,27.58,84.22,79.0
2016-08-28,Assam,Tinsukia,Dengue,47.57,27.48,80.45,16.0
2016-08-28,Bihar,Bhabua,Acute Diarrhoeal Disease,32.4,29.33,74.94,18.0
2016-08-28,Bihar,Jamui,Acute Diarrhoeal Disease,25.39,32.69,70.16,13.0
2016-08-28,Bihar,Munger,Acute Diarrhoeal Disease,33.71,31.33,74.92,49.0
2016-08-28,Bihar,Rohtas,Acute Diarrhoeal Disease,55.38,28.16,81.62,16.0
2016-08-28,Chandigarh,Chandigarh,Dengue,23.52,28.34,70.28,17.0
2016-08-28,Madhya Pradesh,Sheopur-Kalan,Acute Diarrhoeal Disease,38.89,28.9,77.64,6.0
2016-08-28,Madhya Pradesh,Singrauli,Acute Diarrhoeal Disease,98.41,27.53,84.05,21.0
2016-08-28,Maharashtra,Ahmednagar,Chikungunya,27.23,30.44,71.94,20.0
2016-08-28,Mizoram,Aizawl West,Dengue,57.35,27.59,82.05,48.0
2016-08-28,Odisha,Bolangir,Acute Diarrhoeal Disease,35.44,29.43,76.21,21.0
2016-08-28,Odisha,Dhenkanal,Acute Diarrhoeal Disease,64.0,29.76,82.1,51.0
2016-08-28,Odisha,Jajpur,Acute Diarrhoeal Disease,60.3,29.53,81.81,23.0
2016-08-28,Rajasthan,Udaipur,Cholera,59.2,27.61,82.27,84.0
2016-09-01,Bihar,Patna,Acute Gastroenteritis,49.87,29.92,80.18,30.0
2016-09-01,Kerala,Ernakulam,Dengue,82.47,26.13,84.17,16.0
2016-09-01,Rajasthan,Kota,Dengue,63.51,28.58,82.41,8.0
2016-09-01,Telangana,Khammam,Dengue,78.28,29.03,83.16,34.0
2016-09-01,Telangana,Khammam,Dengue,78.28,29.03,83.16,16.0
2016-09-02,Karnataka,Chikkaballapur,Chikungunya,22.2,28.35,69.38,12.0
2016-09-02,Karnataka,Haveri,Acute Diarrhoeal Disease,54.21,28.35,81.39,21.0
2016-09-03,Karnataka,Davangere,Cholera,31.98,28.35,75.04,51.0
2016-09-03,Punjab,Hoshiarpur,Cholera,24.59,29.0,70.77,34.0
2016-09-03,Uttar Pradesh,Badaun,Dengue,53.88,28.97,81.15,18.0
2016-09-03,Uttar Pradesh,Saharanpur,Dengue,94.22,30.24,83.18,14.0
2016-09-03,West Bengal,Bankura,Acute Diarrhoeal Disease,31.77,29.97,74.45,49.0
2016-09-04,Assam,Kamrup,Acute Diarrhoeal Disease,73.77,27.64,83.38,53.0
2016-09-04,Karnataka,Chikkaballapur,Dengue And Chikungunya,21.59,28.35,68.95,23.0
2016-09-04,Madhya Pradesh,Nimach,Dengue,57.88,25.57,82.72,10.0
2016-09-05,Bihar,Bhabua,Acute Diarrhoeal Disease,63.08,32.91,81.07,61.0
2016-09-05,Bihar,Samastipur,Acute Diarrhoeal Disease,150.39,28.19,84.03,4.0
2016-09-05,Haryana,Ambala,Acute Diarrhoeal Disease,28.67,29.94,72.89,116.0
2016-09-05,Madhya Pradesh,Morena,Dengue,34.14,28.8,75.86,154.0
2016-09-05,Rajasthan,Alwar,Chikungunya,56.93,27.84,81.92,122.0
2016-09-05,Telangana,Khammam,Dengue,109.3,27.78,84.07,22.0
2016-09-05,Uttar Pradesh,Chandauli,Acute Diarrhoeal Disease,74.4,30.92,82.43,56.0
2016-09-05,Uttar Pradesh,Chandauli,Acute Diarrhoeal Disease,74.4,30.92,82.43,32.0
2016-09-06,Andhra Pradesh,Vizianagaram,Acute Diarrhoeal Disease,60.99,28.35,82.24,37.0
2016-09-06,Chhattisgarh,Janjgir,Cholera,80.4,25.87,84.18,195.0
2016-09-06,Jharkhand,East Singhbhum,Acute Diarrhoeal Disease,149.0,28.35,83.99,18.0
2016-09-07,Chhattisgarh,Korba,Acute Diarrhoeal Disease,70.83,25.87,83.75,56.0
2016-09-07,Karnataka,Kolar,Dengue,9.67,33.51,57.32,23.0
2016-09-07,Maharashtra,Nagpur,Dengue,14.96,30.71,63.02,37.0
2016-09-07,Maharashtra,Satara,Dengue,5.18,30.45,53.76,22.0
2016-09-07,Odisha,Mayurbhanj,Acute Diarrhoeal Disease,159.02,28.35,83.99,28.0
2016-09-08,Tamil Nadu,Thanjavur,Dengue,6.72,38.41,52.94,56.0
2016-09-09,Jharkhand,East Singhbhum,Acute Diarrhoeal Disease,195.26,28.35,84.0,22.0
2016-09-09,Jharkhand,Lohardaga,Acute Diarrhoeal Disease,87.43,28.35,83.63,18.0
2016-09-09,Maharashtra,Washim,Chikungunya,5.55,24.85,55.82,23.0
2016-09-09,Uttar Pradesh,Budaun,Malaria,4.21,28.05,53.49,48.0
2016-09-09,Uttar Pradesh,Saharanpur,Dengue,3.91,27.31,53.39,44.0
2016-09-10,Chhattisgarh,Raigarh,Acute Gastroenteritis,49.62,28.35,80.6,72.0
2016-09-10,Maharashtra,Jalgaon,Dengue,8.15,28.0,57.49,60.0
2016-09-10,West Bengal,Murshidabad,Acute Diarrhoeal Disease,73.46,29.11,82.92,47.0
2016-09-11,Chhattisgarh,Bemetara,Acute Diarrhoeal Disease,23.12,28.55,69.94,129.0
2016-09-11,Tamil Nadu,Pudukkottai,Acute Diarrhoeal Disease,1.51,35.52,48.43,15.0
2016-09-11,Telangana,Medak,Acute Diarrhoeal Disease,19.11,30.08,66.6,16.0
2016-09-11,West Bengal,South 24 Parganas,Acute Diarrhoeal Disease,43.06,24.28,80.3,157.0
2016-09-12,Bihar,Samastipur,Dengue,134.8,26.99,84.38,9.0
2016-09-12,Madhya Pradesh,Rajgarh,Malaria,6.86,27.97,56.21,11.0
2016-09-12,Madhya Pradesh,Rajgarh,Malaria,6.86,27.97,56.21,17.0
2016-09-12,Odisha,Kalahandi,Acute Diarrhoeal Disease,121.6,27.1,84.32,59.0
2016-09-12,Puducherry,Puducherry,Dengue,1.32,35.57,48.22,6.0
2016-09-12,Tamil Nadu,Thiruvarur,Acute Diarrhoeal Disease,1.06,38.53,47.05,16.0
2016-09-12,Uttar Pradesh,Chandauli,Acute Diarrhoeal Disease,188.52,26.79,84.46,8.0
2016-09-13,Bihar,Jamui,Acute Diarrhoeal Disease,84.48,27.91,83.69,24.0
2016-09-13,Maharashtra,Yavatmal,Acute Diarrhoeal Disease,11.1,27.4,60.52,21.0
2016-09-14,Jharkhand,Sahebganj,Dengue,77.14,28.75,83.2,19.0
2016-09-14,Jharkhand,Sahebganj,Dengue,77.14,28.75,83.2,82.0
2016-09-14,Jharkhand,West Singhbhum,Malaria,63.84,28.79,82.38,70.0
2016-09-14,Karnataka,Tumkur,Dengue And Chikungunya,4.84,32.38,52.83,21.0
2016-09-14,Maharashtra,Beed,Chikungunya,5.66,31.87,53.83,5.0
2016-09-14,Odisha,Keonjhar,Acute Diarrhoeal Disease,111.03,27.0,84.31,19.0
2016-09-14,Uttar Pradesh,Chandauli,Acute Diarrhoeal Disease,106.95,27.37,84.17,35.0
2016-09-14,Uttar Pradesh,Chandauli,Acute Diarrhoeal Disease,106.95,27.37,84.17,13.0
2016-09-15,Maharashtra,Aurangabad,Dengue,6.49,32.57,54.46,39.0
2016-09-15,Maharashtra,Gadchiroli,Acute Gastroenteritis,166.45,28.35,83.99,12.0
2016-09-15,Odisha,Ganjam,Acute Diarrhoeal Disease,5.0,28.35,59.19,30.0
2016-09-15,Tamil Nadu,Ramanathapuram ��������������������������������������������������������������������������������������������������������������������������������������������������������������������������������������������������������������������������������������������������� Paramakudi,Dengue,5.45,39.81,51.23,99.0
2016-09-15,Uttar Pradesh,Budaun,Chikungunya,5.55,30.86,54.02,11.0
2016-09-16,Chhattisgarh,Janjgir,Acute Diarrhoeal Disease,89.93,26.97,84.09,49.0
2016-09-16,Manipur,East Imphal West Imphal,Dengue,43.53,26.34,79.81,31.0
2016-09-16,Manipur,Imphal West,Dengue,43.53,26.34,79.81,4.0
2016-09-16,Manipur,Imphal West,Dengue,43.53,26.34,79.81,18.0
2016-09-16,Manipur,Manipur,Dengue,43.53,26.34,79.81,42.0
2016-09-17,Assam,Sibsagar,Acute Diarrhoeal Disease,65.05,27.34,82.91,30.0
2016-09-17,Bihar,Jehanabad,Acute Diarrhoeal Disease,64.08,30.06,82.02,10.0
2016-09-17,Chhattisgarh,Rajnandgaon,Acute Diarrhoeal Disease,66.12,24.22,83.93,193.0
2016-09-17,West Bengal,South 24 Parganas,Dengue,75.54,27.85,83.4,127.0
2016-09-18,Chhattisgarh,Bemetara,Acute Diarrhoeal Disease,76.94,27.44,83.58,45.0
2016-09-19,Chhattisgarh,Gariyaband,Acute Diarrhoeal Disease,65.07,26.1,83.29,21.0
2016-09-19,Haryana,Fatehabad,Acute Diarrhoeal Disease,0.09,31.17,48.25,108.0
2016-09-19,Odisha,Khurda,Acute Diarrhoeal Disease,101.1,25.56,84.67,32.0
2016-09-19,Puducherry,Puducherry,Dengue,11.14,35.32,58.19,3.0
2016-09-19,Rajasthan,Nagaur (Rajasthan),Dengue,0.01,37.81,46.16,9.0
2016-09-19,Telangana,Medak,Cholera,140.13,25.99,84.69,44.0
2016-09-19,Telangana,Medak,Cholera,140.13,25.99,84.69,59.0
2016-09-20,Assam,Kamrup,Acute Diarrhoeal Disease,145.8,21.57,86.02,22.0
2016-09-20,Bihar,Munger,Acute Diarrhoeal Disease,50.5,27.47,81.03,37.0
2016-09-20,Chhattisgarh,Dhamtari,Acute Diarrhoeal Disease,97.8,25.75,84.58,83.0
2016-09-20,Madhya Pradesh,Morena,Dengue,14.63,31.02,62.64,25.0
2016-09-20,Maharashtra,Jalgaon,Dengue,84.68,23.85,84.91,65.0
2016-09-20,Rajasthan,Pratapgarh,Malaria,2.47,32.38,50.37,9.0
2016-09-20,Rajasthan,Pratapgarh,Malaria,2.47,32.38,50.37,282.0
2016-09-21,Bihar,West Champaran,Acute Diarrhoeal Disease,100.63,27.23,84.16,9.0
2016-09-22,Bihar,Darbhanga,Acute Diarrhoeal Disease,75.43,29.19,82.99,19.0
2016-09-22,Bihar,Jehanabad,Acute Diarrhoeal Disease,57.17,27.58,82.03,35.0
2016-09-22,Chhattisgarh,Janjgir,Malaria,48.93,26.59,80.99,12.0
2016-09-22,Madhya Pradesh,Singrauli,Acute Diarrhoeal Disease,69.53,28.92,82.76,14.0
2016-09-23,Andhra Pradesh,Prakasam,Dengue,42.55,29.61,78.56,50.0
2016-09-23,Jharkhand,Pakur,Dengue,65.02,27.42,82.89,33.0
2016-09-23,Karnataka,Tumkur,Chikungunya,14.12,32.48,61.75,14.0
2016-09-23,Odisha,Bargarh,Acute Diarrhoeal Disease,23.44,25.66,71.03,58.0
2016-09-23,Odisha,Khurda,Acute Diarrhoeal Disease,57.65,27.14,82.22,15.0
2016-09-23,Uttar Pradesh,Budaun,Malaria,15.32,33.49,62.49,15.0
2016-09-24,Bihar,Rohtas,Acute Diarrhoeal Disease,81.26,28.92,83.29,107.0
2016-09-24,Chhattisgarh,Bastar,Acute Diarrhoeal Disease,62.68,27.73,82.59,8.0
2016-09-24,Gujarat,Kheda,Acute Diarrhoeal Disease,2.55,31.86,50.61,101.0
2016-09-24,Maharashtra,Nashik,Cholera,113.28,28.23,83.95,79.0
2016-09-24,Odisha,Jajpur,Acute Gastroenteritis,56.41,27.45,81.97,15.0
2016-09-25,Rajasthan,Dausa,Acute Gastroenteritis,2.68,33.66,50.21,39.0
2016-09-25,Telangana,Mahabubnagar,Acute Diarrhoeal Disease,147.76,28.35,83.99,30.0
2016-09-26,Chhattisgarh,Janjgir,Acute Diarrhoeal Disease,51.39,27.78,81.1,26.0
2016-09-26,Karnataka,Koppal,Cholera,82.3,28.35,83.5,21.0
2016-09-26,Kerala,Ernakulam,Dengue,39.06,28.25,77.89,23.0
2016-09-26,Telangana,Medak,Acute Diarrhoeal Disease,176.41,28.35,83.99,30.0
2016-09-26,Telangana,Medak,Acute Diarrhoeal Disease,176.41,28.35,83.99,30.0
2016-09-27,Bihar,Patna,Acute Diarrhoeal Disease,110.48,28.49,83.86,5.0
2016-09-27,Maharashtra,Ahmednagar,Chikungunya,72.85,28.55,83.06,32.0
2016-09-27,Tamil Nadu,Tiruchirapalli,Dengue,0.48,37.79,46.66,11.0
2016-09-28,Andhra Pradesh,Chittoor,Acute Diarrhoeal Disease,27.75,29.01,72.66,12.0
2016-09-28,Bihar,Jamui,Acute Diarrhoeal Disease,86.63,28.33,83.62,32.0
2016-09-28,Chhattisgarh,Gariyaband,Acute Diarrhoeal Disease,100.87,26.41,84.41,13.0
2016-09-28,Chhattisgarh,Raipur,Acute Gastroenteritis,103.69,25.28,84.78,192.0
2016-10-01,Jharkhand,East Singhbhum,Malaria,40.44,27.48,78.58,1567.0
2016-10-01,Madhya Pradesh,Nimach,Dengue,0.62,34.38,47.84,11.0
2016-10-01,Maharashtra,Nandurbar,Acute Diarrhoeal Disease,8.09,29.49,56.99,51.0
2016-10-01,Maharashtra,Osmanabad,Acute Diarrhoeal Disease,37.76,29.66,77.02,31.0
2016-10-01,Telangana,Medak,Acute Diarrhoeal Disease,47.71,27.39,80.5,12.0
2016-10-01,Telangana,Medak,Acute Diarrhoeal Disease,47.71,27.39,80.5,27.0
2016-10-02,Himachal Pradesh,Mandi,Acute Diarrhoeal Disease,11.0,22.02,62.04,39.0
2016-10-02,Karnataka,Gadag,Acute Diarrhoeal Disease,19.71,35.3,65.49,21.0
2016-10-02,Odisha,Kalahandi,Acute Diarrhoeal Disease,87.38,26.5,84.18,20.0
2016-10-02,Odisha,Khurda,Acute Diarrhoeal Disease,111.25,27.24,84.24,63.0
2016-10-03,Bihar,Muzaffarpur,Acute Diarrhoeal Disease,52.14,27.73,81.24,27.0
2016-10-03,Bihar,Rohtas,Acute Diarrhoeal Disease,85.36,28.4,83.56,50.0
2016-10-03,Bihar,Samastipur,Acute Diarrhoeal Disease,45.64,28.41,79.73,9.0
2016-10-03,Haryana,Fatehabad,Acute Diarrhoeal Disease,1.61,33.58,49.12,294.0
2016-10-03,Madhya Pradesh,Balaghat,Acute Diarrhoeal Disease,101.67,26.14,84.5,29.0
2016-10-03,Madhya Pradesh,Guna,Acute Diarrhoeal Disease,21.65,32.5,67.75,11.0
2016-10-03,Odisha,Jajpur,Acute Diarrhoeal Disease,97.31,26.28,84.41,10.0
2016-10-04,Telangana,Medak,Acute Diarrhoeal Disease,42.95,26.97,79.46,35.0
2016-10-04,Telangana,Medak,Cholera,42.95,26.97,79.46,43.0
2016-10-04,Uttar Pradesh,Chandauli,Acute Diarrhoeal Disease,59.47,28.86,81.92,55.0
2016-10-04,Uttar Pradesh,Mirzapur,Acute Diarrhoeal Disease,80.19,29.09,83.21,14.0
2016-10-04,West Bengal,Bankura,Acute Diarrhoeal Disease,15.57,26.67,64.75,121.0
2016-10-05,Karnataka,Haveri,Acute Diarrhoeal Disease,16.69,25.81,65.95,65.0
2016-10-05,Maharashtra,Nashik,Acute Gastroenteritis,80.48,26.59,83.97,45.0
2016-10-05,Rajasthan,Hanumangarh,Dengue,3.39,33.68,50.94,130.0
2016-10-05,Telangana,Khammam,Dengue,42.27,29.19,78.61,13.0
2016-10-05,Uttar Pradesh,Chandauli,Acute Diarrhoeal Disease,35.2,28.63,76.35,16.0
2016-10-05,Uttar Pradesh,Mirzapur,Acute Diarrhoeal Disease,46.21,28.79,79.75,42.0
2016-10-06,Madhya Pradesh,Rewa,Acute Diarrhoeal Disease,30.03,29.06,73.87,18.0
2016-10-06,Telangana,Khammam,Dengue,39.87,29.45,77.8,13.0
2016-10-07,Gujarat,Mahesana,Acute Diarrhoeal Disease,101.48,29.19,83.58,38.0
2016-10-08,Assam,Kokrajhar,Malaria,57.78,25.45,82.75,7.0
2016-10-08,Maharashtra,Kolhapur,Acute Diarrhoeal Disease,19.2,31.32,66.29,49.0
2016-10-09,Madhya Pradesh,Sidhi,Acute Diarrhoeal Disease,58.75,28.03,82.09,5.0
2016-10-09,Odisha,Kalahandi,Acute Diarrhoeal Disease,85.21,27.01,83.98,20.0
2016-10-09,Odisha,Nayagarh,Acute Diarrhoeal Disease,108.14,26.92,84.32,92.0
2016-10-10,Jammu and Kashmir,Kathua,Acute Diarrhoeal Disease,1.63,28.65,50.62,116.0
2016-10-10,Madhya Pradesh,Rajgarh,Dengue,33.65,33.38,74.28,41.0
2016-10-10,Maharashtra,Dhule,Acute Diarrhoeal Disease,31.92,28.93,74.83,24.0
2016-10-10,Odisha,Nayagarh,Acute Diarrhoeal Disease,111.82,26.05,84.6,15.0
2016-10-12,Bihar,Munger,Acute Diarrhoeal Disease,108.14,27.29,84.21,87.0
2016-10-12,Bihar,Vaishali,Acute Diarrhoeal Disease,55.19,27.38,81.82,9.0
2016-10-12,Gujarat,Gandhinagar,Acute Diarrhoeal Disease,42.69,29.18,78.73,14.0
2016-10-12,Karnataka,Bidar,Acute Diarrhoeal Disease,19.62,31.23,66.65,31.0
2016-10-12,Odisha,Khurda,Acute Diarrhoeal Disease,61.49,23.85,83.64,11.0
2016-10-13,Bihar,Muzaffarpur,Acute Diarrhoeal Disease,51.53,28.25,80.98,13.0
2016-10-13,Bihar,Vaishali,Acute Diarrhoeal Disease,51.53,28.25,80.98,20.0
2016-10-13,Karnataka,Bidar,Acute Diarrhoeal Disease,19.59,28.69,67.38,13.0
2016-10-13,Kerala,Ernakulam,Acute Diarrhoeal Disease,16.94,28.6,65.32,17.0
2016-10-14,Bihar,Darbhanga,Acute Diarrhoeal Disease,62.44,26.92,82.81,24.0
2016-10-15,Bihar,Darbhanga,Acute Diarrhoeal Disease,52.78,27.13,81.53,24.0
2016-10-15,Chhattisgarh,Balod,Acute Diarrhoeal Disease,32.2,26.31,75.75,32.0
2016-10-15,West Bengal,Bankura,Dengue,21.39,27.73,69.0,149.0
2016-10-16,Odisha,Ganjam,Acute Diarrhoeal Disease,5.0,27.93,59.32,31.0
2016-10-16,Puducherry,Karaikal,Dengue,14.81,35.09,61.58,4.0
2016-10-17,Bihar,Darbhanga,Acute Diarrhoeal Disease,4.07,27.72,53.44,61.0
2016-10-17,Delhi,West Delhi,Acute Diarrhoeal Disease,0.01,36.5,46.56,25.0
2016-10-17,Karnataka,Tumkur,Dengue,17.52,34.85,63.91,25.0
2016-10-17,Madhya Pradesh,Barwani,Cholera,0.4,33.13,47.98,25.0
2016-10-17,West Bengal,Jalpaiguri,Dengue,273.07,18.17,87.05,252.0
2016-10-17,West Bengal,Jalpaiguri,Dengue,273.07,18.17,87.05,263.0
2016-10-17,West Bengal,Jalpaiguri,Dengue,273.07,18.17,87.05,263.0
2016-10-18,Bihar,Katihar,Acute Diarrhoeal Disease,5.36,29.71,54.16,9.0
2016-10-18,Maharashtra,Kolhapur,Acute Diarrhoeal Disease,2.33,34.8,49.5,47.0
2016-10-19,Kerala,Wayanad,Acute Diarrhoeal Disease,89.47,29.68,83.27,16.0
2016-10-19,Telangana,Medak,Acute Diarrhoeal Disease,0.0,31.68,48.0,23.0
2016-10-20,Tamil Nadu,Madurai,Acute Diarrhoeal Disease,12.83,36.38,59.43,35.0
2016-10-20,Uttar Pradesh,Budaun,Dengue And Malaria,0.0,32.59,47.72,29.0
2016-10-23,Gujarat,Navsari,Chikungunya,0.0,32.36,47.79,42.0
2016-10-23,Telangana,Medak,Acute Diarrhoeal Disease,0.0,30.74,48.28,20.0
2016-10-24,Assam,Kamrup,Chikungunya,0.22,28.61,49.15,33.0
2016-10-24,Madhya Pradesh,Khargone,Acute Diarrhoeal Disease,0.0,32.54,47.74,14.0
2016-10-25,Bihar,Darbhanga,Acute Diarrhoeal Disease,1.15,29.1,49.97,24.0
2016-10-26,Karnataka,Kalaburagi,Acute Diarrhoeal Disease,0.01,34.0,47.31,17.0
2016-10-26,Odisha,Ganjam,Cholera,5.0,25.93,59.92,44.0
2016-10-27,Gujarat,Mahesana,Chikungunya,0.0,33.71,47.39,27.0
2016-10-27,Maharashtra,Raigad,Acute Diarrhoeal Disease,0.03,30.07,48.51,5.0
2016-10-28,Chhattisgarh,Dhamtari,Acute Diarrhoeal Disease,1.98,27.38,51.37,153.0
2016-10-28,Gujarat,Kheda,Acute Diarrhoeal Disease,0.0,33.72,47.39,51.0
2016-10-28,Maharashtra,Latur,Dengue,1.02,32.72,48.75,13.0
2016-10-28,Mizoram,Aizawl,Dengue,33.72,25.21,76.76,141.0
2016-10-28,Rajasthan,Ganganagar,Chikungunya,0.0,34.0,47.3,15.0
2016-10-28,Telangana,Khammam,Dengue,0.38,29.29,49.11,14.0
2016-10-28,West Bengal,South 24 Parganas,Dengue,12.54,28.61,61.5,83.0
2016-11-01,Odisha,Mayurbhanj,Acute Gastroenteritis,21.17,27.09,69.03,11.0
2016-11-02,Gujarat,Mahesana,Chikungunya,0.01,34.68,47.11,12.0
2016-11-02,Maharashtra,Ratnagiri,Acute Diarrhoeal Disease,0.04,32.12,47.91,25.0
2016-11-02,West Bengal,Howrah,Acute Gastroenteritis,15.87,27.72,64.7,70.0
2016-11-03,Maharashtra,Raigad,Acute Diarrhoeal Disease,0.01,30.98,48.22,28.0
2016-11-03,Odisha,Khordha,Acute Diarrhoeal Disease,5.69,28.58,54.84,15.0
2016-11-03,Odisha,Nayagarh,Acute Diarrhoeal Disease,6.59,27.67,56.03,51.0
2016-11-03,Uttar Pradesh,Bara Banki,Acute Diarrhoeal Disease,0.01,29.96,48.52,24.0
2016-11-03,Uttar Pradesh,Mathura,Acute Diarrhoeal Disease,0.01,34.01,47.31,282.0
2016-11-04,Jharkhand,East Singhbhum,Malaria,2.97,28.36,52.11,706.0
2016-11-04,Madhya Pradesh,Barwani,Chikungunya,0.01,34.17,47.26,25.0
2016-11-04,Madhya Pradesh,Khargone,Chikungunya,0.01,33.29,47.52,25.0
2016-11-05,Kerala,Thiruvananthapuram,Dengue,84.12,28.8,83.41,7.0
2016-11-06,Karnataka,Davangere,Acute Gastroenteritis,3.64,33.26,51.33,33.0
2016-11-06,Karnataka,Vijayapur,Chikungunya,1.23,34.81,48.35,10.0
2016-11-07,Lakshadweep,Lakshadweep,Dengue,5.0,27.49,59.45,5.0
2016-11-07,Mizoram,Aizawl West,Dengue,112.41,26.76,84.39,4.0
2016-11-08,Jharkhand,West Singhbhum,Malaria,5.25,28.75,54.35,32.0
2016-11-08,Karnataka,Davangere,Dengue And Chikungunya,0.73,34.71,47.85,50.0
2016-11-09,Nagaland,Dimapur,Dengue,44.97,23.97,80.89,134.0
2016-11-14,Odisha,Khurda,Acute Diarrhoeal Disease,0.01,27.99,49.11,15.0
2016-11-14,Odisha,Khurda,Acute Diarrhoeal Disease,0.01,27.99,49.11,15.0
2016-11-15,Jharkhand,Pakur,Malaria,0.11,29.21,48.85,2012.0
2016-11-15,Odisha,Angul,Acute Diarrhoeal Disease,0.02,27.87,49.16,13.0
2016-11-18,Maharashtra,Ratnagiri,Dengue,2.06,32.04,50.05,40.0
2016-11-21,Odisha,Rayagada,Acute Diarrhoeal Disease,2.82,25.62,52.77,33.0
2016-11-23,Chhattisgarh,Rajnandgaon,Acute Diarrhoeal Disease,0.0,27.86,49.15,15.0
2016-11-23,Maharashtra,Nagpur,Dengue,0.0,30.82,48.26,6.0
2016-11-23,Tamil Nadu,Thiruvallur,Acute Diarrhoeal Disease,1.21,29.06,50.05,60.0
2016-11-24,Tamil Nadu,Ramanathapuram,Dengue,5.0,28.64,59.1,24.0
2016-11-25,Gujarat,Morbi,Acute Diarrhoeal Disease,0.01,34.44,47.17,113.0
2016-11-25,Maharashtra,Latur,Chikungunya,0.01,31.67,48.01,35.0
2016-11-28,Dadra and Nagar Haveli,Dadra and Nagar Haveli,Acute Diarrhoeal Disease,0.0,33.03,47.6,53.0
2016-11-28,Karnataka,Gadag,Chikungunya,0.0,38.18,46.05,7.0
2016-11-28,Maharashtra,Satara,Chikungunya,0.0,35.8,46.76,11.0
2016-11-28,Odisha,Nayagarh,Acute Diarrhoeal Disease,0.0,27.81,49.16,21.0
2016-11-28,Telangana,Nizamabad,Acute Diarrhoeal Disease,0.0,31.51,48.05,80.0
2016-12-01,Odisha,Khurda,Acute Diarrhoeal Disease,0.01,28.35,49.01,22.0
2016-12-03,Karnataka,Udupi,Dengue,0.01,29.47,48.67,16.0
2016-12-05,West Bengal,Paschim Medinipur,Acute Diarrhoeal Disease,0.2,26.37,49.8,20.0
2016-12-06,Odisha,Ganjam,Acute Diarrhoeal Disease,5.0,27.1,59.57,12.0
2016-12-07,Kerala,Alappuzha,Dengue,32.12,29.05,74.89,12.0
2016-12-07,Kerala,Ernakulam,Acute Diarrhoeal Disease,32.12,29.05,74.89,17.0
2016-12-07,Kerala,Ernakulam,Dengue,32.12,29.05,74.89,16.0
2016-12-07,Maharashtra,Nashik,Chikungunya,0.02,30.46,48.38,9.0
2016-12-09,Maharashtra,Dhule,Acute Diarrhoeal Disease,0.01,33.66,47.41,25.0
2016-12-09,Odisha,Ganjam,Acute Diarrhoeal Disease,5.0,27.48,59.45,14.0
2016-12-12,Karnataka,Chitradurga,Acute Diarrhoeal Disease,0.05,28.86,48.89,13.0
2016-12-13,Andhra Pradesh,West Godavari,Acute Diarrhoeal Disease,2.22,28.72,51.22,38.0
2016-12-13,Gujarat,Navsari,Acute Diarrhoeal Disease,0.0,32.09,47.88,39.0
2016-12-16,Mizoram,Kolasib,Dengue,0.04,21.5,51.09,38.0
2016-12-17,Odisha,Khurda,Acute Diarrhoeal Disease,0.13,26.92,49.56,11.0
2016-12-20,Maharashtra,Nashik,Chikungunya,0.22,31.02,48.42,15.0
2016-12-21,Assam,Dibrugarh,Acute Encephalitis Syndrome,0.04,23.39,50.52,33.0
2016-12-22,Odisha,Jajpur,Acute Gastroenteritis,0.01,26.2,49.65,33.0
2016-12-22,Tamil Nadu,Nagercoil,Dengue,17.65,31.83,64.92,12.0
2016-12-26,Tripura,West Tripura,Acute Diarrhoeal Disease,1.19,24.31,51.45,236.0
2016-12-27,Tamil Nadu,Sivaganga,Dengue,2.64,32.93,50.39,19.0
2016-12-28,Jammu and Kashmir,Bandipora,Acute Gastroenteritis,4.95,10.0,59.66,16.0
2016-12-28,Karnataka,Shimoga,Chikungunya,0.02,33.1,47.59,26.0
2017-01-01,Assam,Kamrup,Dengue,1.88,22.95,52.59,33.0
2017-01-01,Tamil Nadu,Virudhunagar,Dengue,3.14,32.18,51.13,27.0
2017-01-02,Maharashtra,Sindhudurg,Malaria,0.01,30.65,48.31,2.0
2017-01-03,Chhattisgarh,Kondagaon,Acute Diarrhoeal Disease,0.01,27.12,49.37,30.0
2017-01-03,Maharashtra,Thane,Dengue,0.01,31.8,47.97,86.0
2017-01-03,Tamil Nadu,Cuddalore,Acute Diarrhoeal Disease,3.17,30.05,51.8,12.0
2017-01-03,Tamil Nadu,Cuddalore,Acute Diarrhoeal Disease,3.17,30.05,51.8,20.0
2017-01-05,Andhra Pradesh,East Godavari,Acute Diarrhoeal Disease,0.02,27.24,49.35,15.0
2017-01-07,Tamil Nadu,Tiruvannamalai,Dengue,0.17,32.43,47.95,21.0
2017-01-08,Odisha,Nayagarh,Acute Diarrhoeal Disease,0.58,27.16,49.96,13.0
2017-01-09,Karnataka,Mandya,Dengue,0.01,32.7,47.7,65.0
2017-01-11,Odisha,Koraput,Acute Diarrhoeal Disease,0.04,27.54,49.28,15.0
2017-01-11,Tamil Nadu,Ramanathapuram-Paramakudi,Dengue,0.02,35.74,46.79,65.0
2017-01-12,Tamil Nadu,Tirunelveli- Sankarankovil,Dengue,0.06,32.81,47.72,142.0
2017-01-13,Karnataka,Mandya,Chikungunya,0.0,31.36,48.1,20.0
2017-01-14,Assam,Sibsagar,Acute Encephalitis Syndrome,1.41,20.64,52.79,24.0
2017-01-19,Punjab,S.A.S Nagar,Cholera,13.36,13.84,66.67,103.0
2017-01-20,Maharashtra,Sindhudurg,Malaria,0.01,29.35,48.7,1.0
2017-01-20,Tripura,Sepahijala,Acute Diarrhoeal Disease,0.01,22.33,50.81,19.0
2017-01-25,Chandigarh,Chandigarh,Acute Diarrhoeal Disease,1.06,14.96,54.13,246.0
2017-01-27,Karnataka,Tumkur,Chikungunya,11.86,33.35,59.45,25.0
2017-01-28,Gujarat,Anand,Acute Gastroenteritis,0.0,29.46,48.66,69.0
2017-01-28,Karnataka,Chamarajanagar,Chikungunya,32.32,33.46,73.66,46.0
2017-01-28,Kerala,Wayanad,Acute Diarrhoeal Disease,58.61,27.5,82.23,11.0
2017-02-01,Odisha,Koraput,Acute Diarrhoeal Disease,2.55,30.71,50.96,21.0
2017-02-01,Odisha,Koraput,Acute Diarrhoeal Disease,2.55,30.71,50.96,1.0
2017-02-02,Gujarat,Porbandar,Chikungunya,0.0,33.63,47.41,44.0
2017-02-04,Jammu and Kashmir,Kupwara,Acute Gastroenteritis,43.58,10.0,84.73,17.0
2017-02-05,Himachal Pradesh,Mandi,Acute Diarrhoeal Disease,21.63,10.88,74.22,81.0
2017-02-06,Tamil Nadu,Villupuram - Kallakurichi,Acute Diarrhoeal Disease,0.21,30.63,48.53,16.0
2017-02-08,Karnataka,Chitradurga,Dengue,0.01,38.79,45.87,31.0
2017-02-08,Tripura,North Tripura,Acute Diarrhoeal Disease,0.01,24.55,50.14,23.0
2017-02-09,Karnataka,Kolar,Dengue,0.01,35.23,46.94,48.0
2017-02-09,Uttar Pradesh,Siddharth Nagar,Acute Diarrhoeal Disease,1.25,21.5,52.37,15.0
2017-02-10,Assam,Dibrugarh,Acute Diarrhoeal Disease,1.24,24.97,51.31,21.0
2017-02-11,Karnataka,Tumkur,Chikungunya,0.0,36.07,46.68,35.0
2017-02-11,Maharashtra,Thane,Malaria,0.0,33.38,47.49,26.0
2017-02-13,Assam,Cachar,Acute Diarrhoeal Disease,0.01,25.33,49.91,12.0
2017-02-13,Odisha,Bolangir,Acute Diarrhoeal Disease,0.0,32.2,47.84,24.0
2017-02-15,Bihar,Purnia,Acute Diarrhoeal Disease,0.01,24.68,50.11,52.0
2017-02-16,Karnataka,Yadgiri,Chikungunya,0.0,34.91,47.03,10.0
2017-02-16,Tamil Nadu,Tiruvannamalai,Acute Diarrhoeal Disease,1.09,32.81,48.8,55.0
2017-02-18,Gujarat,Devbhumi Dwarka,Acute Diarrhoeal Disease,0.01,31.54,48.05,38.0
2017-02-20,Odisha,Angul,Acute Diarrhoeal Disease,0.03,31.61,48.05,10.0
2017-02-21,Tamil Nadu,Ramanathapuram,Dengue,5.0,34.47,57.36,13.0
2017-02-22,Tamil Nadu,Salem,Acute Diarrhoeal Disease,0.04,37.42,46.32,16.0
2017-02-23,Jharkhand,East Singhbhum,Acute Diarrhoeal Disease,0.02,32.39,47.8,40.0
2017-02-23,Tamil Nadu,Salem,Acute Diarrhoeal Disease,0.05,37.98,46.16,4.0
2017-02-26,Gujarat,Patan,Acute Gastroenteritis,0.01,37.98,46.11,59.0
2017-02-28,Gujarat,Rajkot,Acute Diarrhoeal Disease,0.01,40.33,45.41,23.0
2017-03-01,Chhattisgarh,Gariyaband,Acute Diarrhoeal Disease,0.01,32.97,47.62,55.0
2017-03-01,Punjab,S.A.S Nagar,Cholera,0.67,23.73,51.08,135.0
2017-03-01,Tripura,Dhalai,Acute Gastroenteritis,6.43,26.29,56.29,6.0
2017-03-02,Kerala,Kozhikode,Dengue,0.93,35.08,47.96,40.0
2017-03-03,Tamil Nadu,Villupuram- Kallakurichi,Acute Diarrhoeal Disease,0.42,37.29,46.76,29.0
2017-03-04,Andhra Pradesh,Chittoor,Dengue,0.03,32.97,47.64,63.0
2017-03-05,Odisha,Koraput,Acute Diarrhoeal Disease,0.01,35.53,46.85,7.0
2017-03-06,Punjab,Bathinda,Acute Diarrhoeal Disease,0.14,22.87,50.78,12.0
2017-03-08,Chandigarh,Chandigarh,Acute Diarrhoeal Disease,3.62,23.42,54.26,64.0
2017-03-09,Karnataka,Ramanagara,Acute Diarrhoeal Disease,4.14,34.71,51.41,23.0
2017-03-10,Tamil Nadu,Ramanathapuram-Paramakudi,Dengue,22.81,38.97,66.61,14.0
2017-03-11,West Bengal,North 24 Parganas,Acute Diarrhoeal Disease,40.76,27.26,78.74,48.0
2017-03-11,West Bengal,North 24 Parganas,Acute Diarrhoeal Disease,40.76,27.26,78.74,48.0
2017-03-14,Assam,Dibrugarh,Acute Diarrhoeal Disease,53.98,19.53,84.0,8.0
2017-03-14,Kerala,Malappuram,Dengue,31.3,31.28,73.83,46.0
2017-03-14,Kerala,Malappuram,Dengue,31.3,31.28,73.83,65.0
2017-03-16,Tamil Nadu,Ramanathapuram- Paramakudi,Dengue,21.13,36.79,66.09,49.0
2017-03-18,Andhra Pradesh,Kadapa,Chikungunya,1.31,39.06,47.16,32.0
2017-03-19,Madhya Pradesh,Khargone,Acute Diarrhoeal Disease,0.01,41.04,45.2,29.0
2017-03-19,Rajasthan,Banswara,Acute Diarrhoeal Disease,0.01,37.92,46.13,100.0
2017-03-20,Gujarat,Junagarh,Chikungunya,0.01,41.42,45.09,22.0
2017-03-20,Kerala,Kozhikode,Dengue,17.64,35.08,63.94,65.0
2017-03-21,Madhya Pradesh,Katni,Acute Diarrhoeal Disease,3.67,33.19,51.38,106.0
2017-03-21,Maharashtra,Dhule,Acute Gastroenteritis,0.01,41.47,45.07,11.0
2017-03-21,Tamil Nadu,Dindigul,Dengue,11.84,36.26,58.56,34.0
2017-03-23,Gujarat,Mahesana,Chikungunya,0.01,37.54,46.24,18.0
2017-03-23,Jammu and Kashmir,Leh,Acute Gastroenteritis,35.67,10.0,82.13,25.0
2017-03-23,Maharashtra,Akola,Acute Gastroenteritis,0.03,44.75,44.1,17.0
2017-03-24,Tamil Nadu,Tiruvannamalai,Dengue,4.3,38.34,50.49,35.0
2017-03-24,West Bengal,Burdwan,Acute Diarrhoeal Disease,2.46,31.97,50.49,27.0
2017-03-26,Assam,Dibrugarh,Acute Encephalitis Syndrome,10.08,26.85,59.72,18.0
2017-03-27,Kerala,Ernakulam,Acute Diarrhoeal Disease,8.2,32.54,56.18,35.0
2017-03-27,Tamil Nadu,Salem,Acute Diarrhoeal Disease,2.03,40.95,47.34,14.0
2017-03-27,Tamil Nadu,Tirunelveli,Acute Diarrhoeal Disease,1.64,39.41,47.4,12.0
2017-03-28,Kerala,Ernakulam,Dengue,7.72,31.02,56.16,13.0
2017-03-28,Kerala,Ernakulam,Dengue,7.72,31.02,56.16,43.0
2017-03-28,Tamil Nadu,Virudhunagar,Dengue,0.09,43.79,44.45,42.0
2017-03-28,Uttar Pradesh,Siddharth Nagar,Acute Diarrhoeal Disease,0.48,30.37,48.9,16.0
2017-04-01,Karnataka,Raichur,Dengue,0.01,46.49,43.56,14.0
2017-04-01,Kerala,Palakkad,Dengue,8.79,35.22,55.95,35.0
2017-04-01,Kerala,Palakkad,Dengue,8.79,35.22,55.95,64.0
2017-04-01,Punjab,Gurdaspur,Acute Diarrhoeal Disease,0.01,26.83,49.46,57.0
2017-04-02,Jammu and Kashmir,Poonch,Acute Gastroenteritis,4.27,24.21,54.69,35.0
2017-04-02,Karnataka,Ballari,Suspected Dengue,0.01,45.92,43.73,58.0
2017-04-03,Kerala,Thrissur,Dengue,18.68,29.86,66.33,8.0
2017-04-03,Kerala,Thrissur,Dengue,18.68,29.86,66.33,36.0
2017-04-04,Gujarat,Junagadh,Chikungunya,0.01,47.03,43.4,60.0
2017-04-05,Odisha,Koraput,Acute Diarrhoeal Disease,2.08,38.78,48.04,13.0
2017-04-06,Bihar,Madhubani,Acute Diarrhoeal Disease,5.73,27.53,55.2,21.0
2017-04-06,Gujarat,Junagadh,Dengue,0.04,45.1,44.01,66.0
2017-04-06,Kerala,Kollam,Dengue,29.8,29.55,73.6,30.0
2017-04-06,Kerala,Kozhikode,Dengue,15.61,38.78,61.16,32.0
2017-04-07,Andhra Pradesh,Kadapa,Acute Diarrhoeal Disease,0.19,40.55,45.53,48.0
2017-04-08,Assam,Chirang,Acute Diarrhoeal Disease,101.76,21.0,86.05,12.0
2017-04-09,Tamil Nadu,Sivaganga,Acute Diarrhoeal Disease,0.09,41.65,45.1,23.0
2017-04-10,Kerala,Kannur,Dengue,5.0,30.77,58.46,53.0
2017-04-10,Kerala,Kannur,Dengue,5.0,30.77,58.46,53.0
2017-04-11,Maharashtra,Ratnagiri,Dengue,0.06,39.7,45.66,18.0
2017-04-11,Tamil Nadu,Salem,Acute Diarrhoeal Disease,1.92,38.3,48.02,16.0
2017-04-12,Punjab,Rupnagar,Acute Diarrhoeal Disease,19.87,28.48,67.66,25.0
2017-04-13,Karnataka,Hassan,Chikungunya,0.36,36.36,46.97,25.0
2017-04-13,Tripura,West Tripura,Acute Diarrhoeal Disease,10.45,27.44,59.9,131.0
2017-04-14,Maharashtra,Nanded,Acute Gastroenteritis,0.0,46.85,43.45,27.0
2017-04-15,Karnataka,Haveri,Acute Diarrhoeal Disease,3.11,35.35,50.15,14.0
2017-04-15,Odisha,Koraput,Acute Diarrhoeal Disease,0.02,39.79,45.58,27.0
2017-04-17,Karnataka,Bagalkot,Dengue,0.01,46.98,43.42,20.0
2017-04-17,Karnataka,Davangere,Dengue,0.14,41.19,45.29,26.0
2017-04-18,Karnataka,Tumkur,Acute Diarrhoeal Disease,0.02,40.49,45.38,13.0
2017-04-21,Chhattisgarh,Gariyaband,Acute Diarrhoeal Disease,0.56,41.19,45.73,15.0
2017-04-21,Madhya Pradesh,Rewa,Acute Diarrhoeal Disease,0.01,44.19,44.25,20.0
2017-04-21,Tamil Nadu,Nagercoil,Dengue,0.82,41.32,45.96,18.0
2017-04-24,Kerala,Malappuram,Dengue,80.17,33.15,81.99,29.0
2017-04-24,Kerala,Malappuram,Dengue,80.17,33.15,81.99,35.0
2017-04-25,Karnataka,Mandya,Dengue And Chikungunya,11.19,32.89,58.96,15.0
2017-04-26,Karnataka,Mysuru,Acute Diarrhoeal Disease,17.58,34.56,64.05,40.0
2017-04-26,Rajasthan,Banswara,Acute Diarrhoeal Disease,0.31,41.55,45.36,29.0
2017-04-27,Karnataka,Tumkur,Dengue,1.11,40.59,46.49,13.0
2017-04-28,Madhya Pradesh,Raisen,Acute Diarrhoeal Disease,0.01,47.75,43.19,25.0
2017-04-28,Madhya Pradesh,Ujjain,Acute Diarrhoeal Disease,0.09,45.41,43.97,62.0
2017-04-28,Maharashtra,Thane,Dengue,0.3,45.23,44.24,89.0
2017-04-28,Uttar Pradesh,Rae-Bareilly,Acute Diarrhoeal Disease,3.46,39.17,49.36,15.0
2017-05-01,Karnataka,Mandya,Dengue,7.97,38.06,54.3,60.0
2017-05-01,Kerala,Kollam,Dengue,21.77,30.66,68.38,42.0
2017-05-01,Tamil Nadu,Krishnagiri,Acute Diarrhoeal Disease,1.5,39.14,47.33,32.0
2017-05-02,Maharashtra,Thane,Dengue,0.13,44.93,44.16,56.0
2017-05-03,Kerala,Kollam,Dengue,27.33,31.39,71.71,30.0
2017-05-03,Maharashtra,Satara,Acute Diarrhoeal Disease,0.09,48.0,43.19,71.0
2017-05-04,Kerala,Malappuram,Dengue,66.57,34.1,81.0,79.0
2017-05-04,Manipur,Churachandpur,Dengue,13.01,28.23,62.03,25.0
2017-05-04,Manipur,Churachandpur,Dengue,13.01,28.23,62.03,29.0
2017-05-05,Uttar Pradesh,Chandauli,Acute Diarrhoeal Disease,6.11,42.28,51.16,13.0
2017-05-08,Bihar,Madhubani,Acute Diarrhoeal Disease,11.39,30.2,59.95,23.0
2017-05-08,Karnataka,Haveri,Acute Diarrhoeal Disease,13.22,36.09,59.86,28.0
2017-05-08,Punjab,Patiala,Acute Diarrhoeal Disease,1.95,38.39,48.03,22.0
2017-05-08,Uttar Pradesh,Hardoi,Acute Diarrhoeal Disease,1.87,42.03,46.85,121.0
2017-05-08,Uttar Pradesh,Mirzapur,Acute Diarrhoeal Disease,0.15,44.96,44.17,69.0
2017-05-09,Karnataka,Hassan,Chikungunya,17.09,38.35,62.52,35.0
2017-05-10,Jammu and Kashmir,Poonch,Acute Gastroenteritis,5.12,30.1,53.8,892.0
2017-05-10,Rajasthan,Udaipur,Acute Diarrhoeal Disease,1.24,45.33,45.21,388.0
2017-05-11,Andhra Pradesh,Kurnool,Acute Diarrhoeal Disease,4.06,45.51,48.09,28.0
2017-05-11,Madhya Pradesh,Khargone,Acute Diarrhoeal Disease,1.32,48.0,44.49,29.0
2017-05-11,Madhya Pradesh,Khargone,Acute Diarrhoeal Disease,1.32,48.0,44.49,55.0
2017-05-11,Manipur,Tengnoupal,Acute Diarrhoeal Disease,18.85,27.81,67.08,20.0
2017-05-12,Kerala,Thrissur,Dengue,59.81,29.68,81.71,11.0
2017-05-12,Maharashtra,Pune,Dengue,8.75,44.84,53.03,26.0
2017-05-12,Telangana,Adilabad,Acute Diarrhoeal Disease,5.21,47.88,48.56,18.0
2017-05-13,Andhra Pradesh,Prakasam,Dengue,6.04,42.05,51.16,28.0
2017-05-13,Chhattisgarh,Kawardha,Acute Diarrhoeal Disease,6.35,43.13,51.14,30.0
2017-05-14,Assam,Karimganj,Acute Diarrhoeal Disease,32.97,28.32,75.5,12.0
2017-05-14,Karnataka,Chikkaballapura,Acute Diarrhoeal Disease,17.1,37.67,62.73,20.0
2017-05-15,Madhya Pradesh,Khargone,Acute Diarrhoeal Disease,0.61,48.0,43.74,85.0
2017-05-15,Madhya Pradesh,Khargone,Acute Diarrhoeal Disease,0.61,48.0,43.74,36.0
2017-05-15,Maharashtra,Jalgaon,Acute Diarrhoeal Disease,0.19,48.0,43.3,43.0
2017-05-16,Maharashtra,Wardha,Acute Diarrhoeal Disease,2.42,45.98,46.24,232.0
2017-05-17,Tamil Nadu,Virudhunagar,Acute Diarrhoeal Disease,12.82,39.45,58.5,20.0
2017-05-17,Uttar Pradesh,Fatehpur,Acute Diarrhoeal Disease,2.29,42.28,47.22,15.0
2017-05-19,Chhattisgarh,Bemetara,Acute Diarrhoeal Disease,0.84,47.68,44.08,33.0
2017-05-19,Maharashtra,Chandrapur,Acute Diarrhoeal Disease,1.36,43.59,45.85,92.0
2017-05-20,Gujarat,Gandhi Nagar,Cholera,0.01,46.11,43.67,71.0
2017-05-21,Assam,Sonitpur (Tezpur),Acute Diarrhoeal Disease,41.3,30.89,77.81,48.0
2017-05-21,Chhattisgarh,Balodabazar,Acute Diarrhoeal Disease,0.07,46.69,43.57,28.0
2017-05-21,Gujarat,Patan,Acute Diarrhoeal Disease,0.03,45.06,44.01,147.0
2017-05-21,Odisha,Bolangir,Acute Diarrhoeal Disease,3.85,45.4,47.9,19.0
2017-05-21,Rajasthan,Churu,Acute Diarrhoeal Disease,2.53,46.02,46.35,30.0
2017-05-22,Andhra Pradesh,Kadapa,Acute Diarrhoeal Disease,3.94,42.42,48.89,62.0
2017-05-22,Himachal Pradesh,Mandi,Acute Diarrhoeal Disease,26.37,27.17,72.41,21.0
2017-05-22,Kerala,Ernakulam,Dengue,95.68,30.29,83.19,14.0
2017-05-22,Uttar Pradesh,Kaushambi,Acute Diarrhoeal Disease,3.32,40.1,48.94,39.0
2017-05-23,Karnataka,Chitradurga,Dengue,2.1,40.84,47.45,17.0
2017-05-23,Uttar Pradesh,Amethi,Acute Diarrhoeal Disease,5.35,40.76,50.84,6.0
2017-05-23,West Bengal,Jalpaiguri,Malaria,35.69,27.11,77.01,533.0
2017-05-24,Gujarat,Gir Somnath,Dengue,0.21,42.51,44.97,12.0
2017-05-24,Kerala,Kozhikode,Dengue,40.25,37.14,75.62,65.0
2017-05-25,Andhra Pradesh,Kurnool,Acute Diarrhoeal Disease,0.68,43.87,45.05,43.0
2017-05-25,Chhattisgarh,Janjgir,Acute Diarrhoeal Disease,0.07,42.64,44.78,17.0
2017-05-25,Karnataka,Davanagere,Dengue,9.58,41.15,54.94,28.0
2017-05-25,Uttar Pradesh,Hardoi,Malaria,6.01,36.2,52.88,6.0
2017-05-26,Gujarat,Gandhinagar,Cholera,0.53,40.95,45.77,101.0
2017-05-26,Madhya Pradesh,Rewa,Acute Diarrhoeal Disease,1.75,44.96,45.85,24.0
2017-05-26,Tamil Nadu,Udhagamandalam,Acute Diarrhoeal Disease,119.07,29.42,83.62,18.0
2017-05-27,Karnataka,Tumkur,Chikungunya,20.95,32.71,67.18,39.0
2017-05-27,Maharashtra,Jalgaon,Acute Diarrhoeal Disease,0.58,48.0,43.71,110.0
2017-05-27,Odisha,Bolangir,Acute Diarrhoeal Disease,3.15,45.05,47.28,5.0
2017-05-27,Tripura,Dhalai,Malaria,9.31,26.55,59.06,39.0
2017-05-28,Arunachal Pradesh,Dibang Valley,Acute Gastroenteritis,202.64,26.69,84.49,28.0
2017-05-28,Chhattisgarh,Bemetara,Acute Diarrhoeal Disease,1.68,48.0,44.86,38.0
2017-05-28,Chhattisgarh,Kondagaon,Acute Diarrhoeal Disease,6.36,40.43,51.97,17.0
2017-05-28,Himachal Pradesh,Mandi,Acute Diarrhoeal Disease,14.75,29.06,63.33,13.0
2017-05-28,Kerala,Palakkad,Dengue,65.51,31.17,81.8,300.0
2017-05-28,Kerala,Palakkad,Dengue,65.51,31.17,81.8,76.0
2017-05-28,Kerala,Palakkad,Dengue,65.51,31.17,81.8,617.0
2017-05-28,Madhya Pradesh,Umaria,Acute Diarrhoeal Disease,12.57,43.02,57.2,16.0
2017-05-28,Tamil Nadu,Nagapattinam,Dengue,19.59,40.67,63.78,23.0
2017-05-28,Tamil Nadu,Theni,Dengue,18.21,39.08,63.2,31.0
2017-06-01,Gujarat,Junagadh,Chikungunya,2.07,40.96,47.38,13.0
2017-06-01,Karnataka,Raichur,Malaria,3.42,41.31,48.68,4.0
2017-06-01,Karnataka,Tumkur,Chikungunya,14.34,31.14,62.35,73.0
2017-06-01,Maharashtra,Sindhudurg,Malaria,32.92,30.78,74.74,93.0
2017-06-02,Karnataka,Udupi,Dengue,101.72,29.57,83.47,63.0
2017-06-02,Kerala,Alappuzha,Dengue,196.57,31.01,83.2,8.0
2017-06-02,Uttar Pradesh,Mirzapur,Acute Diarrhoeal Disease,10.74,41.17,56.05,25.0
2017-06-03,Assam,Tinsukia,Acute Diarrhoeal Disease,101.27,31.23,82.97,22.0
2017-06-03,Karnataka,Haveri,Suspected Chikungunya,52.94,32.4,79.98,31.0
2017-06-03,Maharashtra,Aurangabad,Acute Diarrhoeal Disease,20.09,43.95,63.18,181.0
2017-06-04,Bihar,Nawada,Acute Gastroenteritis,8.23,42.86,53.11,33.0
2017-06-04,Manipur,Imphal West,Dengue,140.86,35.04,81.97,164.0
2017-06-05,Maharashtra,Satara,Chikungunya,24.9,39.89,67.7,32.0
2017-06-05,Tamil Nadu,Tiruppur,Acute Diarrhoeal Disease,30.65,42.78,70.06,25.0
2017-06-06,Bihar,Nawada,Acute Diarrhoeal Disease,5.37,41.8,50.55,19.0
2017-06-06,Karnataka,Tumkur,Chikungunya,34.29,36.2,73.71,13.0
2017-06-06,Maharashtra,Thane,Malaria,36.04,36.51,74.32,15.0
2017-06-07,Meghalaya,West Garo Hills,Dengue,111.51,26.6,84.43,126.0
2017-06-09,Gujarat,Banaskantha,Acute Diarrhoeal Disease,2.64,38.03,48.85,25.0
2017-06-09,Himachal Pradesh,Kangra,Acute Diarrhoeal Disease,23.05,30.32,69.37,40.0
2017-06-09,Telangana,Nizamabad,Acute Diarrhoeal Disease,46.66,42.68,75.68,18.0
2017-06-11,Chhattisgarh,Bilaspur,Acute Diarrhoeal Disease,10.24,41.69,55.42,558.0
2017-06-12,Chhattisgarh,Rajnandgaon,Acute Diarrhoeal Disease,18.88,39.28,63.66,21.0
2017-06-12,Maharashtra,Osmanabad,Acute Diarrhoeal Disease,40.01,35.07,76.16,368.0
2017-06-12,Maharashtra,Pune,Chikungunya,47.19,37.69,77.3,128.0
2017-06-13,Chhattisgarh,Balod,Acute Diarrhoeal Disease,46.26,36.34,77.49,101.0
2017-06-13,Karnataka,Mandya,Dengue,42.9,27.03,79.43,28.0
2017-06-13,Madhya Pradesh,Ratlam,Acute Diarrhoeal Disease,21.13,38.63,65.54,425.0
2017-06-13,Tamil Nadu,Tiruvannamalai,Dengue,7.76,35.04,54.99,13.0
2017-06-13,Uttar Pradesh,Mau,Acute Diarrhoeal Disease,12.46,35.72,59.29,11.0
2017-06-14,Chhattisgarh,Bemetara,Acute Diarrhoeal Disease,29.64,42.69,69.58,157.0
2017-06-14,Gujarat,Gandhinagar,Cholera,8.44,37.09,55.05,189.0
2017-06-14,Karnataka,Tumkur,Dengue,33.94,35.04,73.91,23.0
2017-06-16,Chandigarh,Chandigarh,Cholera,0.81,37.84,47.0,3.0
2017-06-16,Chhattisgarh,Raigarh,Acute Diarrhoeal Disease,27.72,37.35,70.14,47.0
2017-06-16,Tamil Nadu,Tiruchirapalli,Dengue,13.59,39.24,59.25,19.0
2017-06-17,Gujarat,Surendranagar,Acute Diarrhoeal Disease,0.86,37.29,47.21,102.0
2017-06-17,Karnataka,Chikkaballapur,Dengue,27.72,34.05,71.13,12.0
2017-06-17,Karnataka,Kalaburagi,Dengue,193.4,35.04,81.99,23.0
2017-06-17,Karnataka,Kalaburagi,Dengue And Chikungunya,193.4,35.04,81.99,35.0
2017-06-18,Andhra Pradesh,Srikakulam,Acute Diarrhoeal Disease,87.92,27.67,83.84,16.0
2017-06-18,Himachal Pradesh,Mandi,Acute Diarrhoeal Disease,12.77,28.73,61.67,60.0
2017-06-19,Karnataka,Kolar,Acute Gastroenteritis,16.0,32.56,63.35,70.0
2017-06-19,Maharashtra,Satara,Chikungunya,57.64,33.11,80.43,52.0
2017-06-19,Tamil Nadu,Salem,Dengue,14.53,35.55,61.2,18.0
2017-06-21,Tamil Nadu,Tiruvannamalai,Dengue,29.75,40.17,70.39,26.0
2017-06-22,Chhattisgarh,Jashpur,Acute Diarrhoeal Disease,62.75,34.31,80.62,14.0
2017-06-22,Jharkhand,Saraikela Kharsawan,Dengue,119.14,36.14,81.6,8.0
2017-06-22,Karnataka,Kalaburagi,Acute Gastroenteritis,57.6,35.04,79.85,38.0
2017-06-22,Maharashtra,Nagpur,Acute Diarrhoeal Disease,12.15,41.12,57.39,100.0
2017-06-22,Meghalaya,West Garo Hills,Chikungunya,114.29,24.72,85.01,33.0
2017-06-22,Tamil Nadu,Tiruvallur,Acute Diarrhoeal Disease,24.3,36.83,68.24,14.0
2017-06-22,West Bengal,Burdwan,Acute Diarrhoeal Disease,69.81,34.04,81.24,71.0
2017-06-23,Karnataka,Kalaburagi,Acute Diarrhoeal Disease,44.46,35.53,77.3,28.0
2017-06-23,Karnataka,Tumkur,Dengue And Chikungunya,25.4,27.75,71.65,30.0
2017-06-23,Madhya Pradesh,Khargone,Acute Diarrhoeal Disease,5.86,35.99,52.79,33.0
2017-06-23,Maharashtra,Kolhapur,Acute Diarrhoeal Disease,25.46,33.73,69.9,25.0
2017-06-23,Punjab,Jalandhar,Cholera,42.62,35.44,76.83,414.0
2017-06-23,Punjab,Ludhiana,Cholera,42.62,35.44,76.83,86.0
2017-06-23,Rajasthan,Sikar,Acute Diarrhoeal Disease,14.24,36.89,60.54,24.0
2017-06-23,Uttar Pradesh,Varanasi,Acute Diarrhoeal Disease,30.44,37.74,71.47,16.0
2017-06-24,Punjab,Rupnagar,Acute Diarrhoeal Disease,61.16,33.45,80.73,61.0
2017-06-24,Uttar Pradesh,Mirzapur,Acute Diarrhoeal Disease,20.18,39.16,64.68,16.0
2017-06-25,Madhya Pradesh,Khargone,Acute Diarrhoeal Disease,24.64,36.89,68.44,72.0
2017-06-25,Maharashtra,Sindhudurg,Acute Diarrhoeal Disease,73.46,26.7,83.65,16.0
2017-06-26,Maharashtra,Washim,Acute Gastroenteritis,20.41,35.98,65.81,21.0
2017-06-26,Nagaland,Kiphire,Malaria,103.15,20.22,86.29,5.0
2017-06-26,Telangana,Kamareddy,Acute Diarrhoeal Disease,10.85,33.14,58.57,185.0
2017-06-28,Chhattisgarh,Mahasamund,Malaria,112.97,31.59,82.94,13.0
2017-06-28,Chhattisgarh,Rajnandgaon,Acute Diarrhoeal Disease,101.95,38.17,80.9,89.0
2017-06-28,Gujarat,Anand,Cholera,91.91,35.89,81.45,57.0
2017-06-28,Gujarat,Vadodara,Cholera,79.61,35.47,81.27,19.0
2017-06-28,Karnataka,Hassan,Dengue,22.01,30.54,68.59,16.0
2017-06-28,Madhya Pradesh,Khargone,Acute Diarrhoeal Disease,62.54,37.1,79.77,337.0
2017-06-28,Maharashtra,Aurangabad,Acute Diarrhoeal Disease,68.93,36.07,80.58,83.0
2017-06-28,Telangana,Kamareddy,Acute Diarrhoeal Disease,36.2,27.4,77.12,11.0
2017-06-28,Telangana,Rajanna Sircilla,Acute Diarrhoeal Disease,30.04,28.99,73.89,29.0
2017-07-02,Jharkhand,Dhanbad,Acute Diarrhoeal Disease,35.67,25.61,77.45,91.0
2017-07-03,Himachal Pradesh,Kangra,Acute Diarrhoeal Disease,166.83,16.84,87.44,32.0
2017-07-03,Karnataka,Hassan,Acute Diarrhoeal Disease,15.49,32.89,62.82,20.0
2017-07-03,Karnataka,Ramanagara,Chikungunya,14.35,31.43,62.27,19.0
2017-07-03,Maharashtra,Latur,Acute Diarrhoeal Disease,28.24,30.03,72.63,17.0
2017-07-03,Maharashtra,Satara,Chikungunya,14.11,33.12,61.55,53.0
2017-07-04,Chhattisgarh,Raigarh,Acute Gastroenteritis,122.78,30.03,83.45,53.0
2017-07-04,Telangana,RAJANNA SIRCILLA,Dengue,25.63,30.03,71.11,135.0
2017-07-04,West Bengal,North 24 Parganas,Acute Diarrhoeal Disease,67.55,22.81,84.46,193.0
2017-07-05,Chhattisgarh,Bastar,Malaria,99.83,30.03,83.32,73.0
2017-07-05,Tamil Nadu,Madurai,Acute Diarrhoeal Disease,13.78,43.69,58.09,33.0
2017-07-06,Bihar,Arwal,Acute Diarrhoeal Disease,190.09,26.09,84.67,12.0
2017-07-06,Himachal Pradesh,Kullu,Acute Diarrhoeal Disease,50.09,14.86,84.74,210.0
2017-07-06,Karnataka,Davangere,Dengue,15.99,32.43,63.38,48.0
2017-07-06,Punjab,Moga,Cholera,13.15,28.88,61.97,21.0
2017-07-06,Tamil Nadu,Vellore,Acute Diarrhoeal Disease,5.85,34.33,53.28,13.0
2017-07-08,Karnataka,Chikkaballapura,Dengue,12.98,31.21,61.12,21.0
2017-07-08,Telangana,Mahabubabad,Acute Gastroenteritis,22.42,30.03,69.03,44.0
2017-07-09,Telangana,Warangal,Acute Gastroenteritis,15.68,32.39,63.13,22.0
2017-07-09,West Bengal,Malda,Dengue And Chikungunya,129.59,30.03,83.46,493.0
2017-07-09,West Bengal,Malda,Dengue And Chikungunya,129.59,30.03,83.46,735.0
2017-07-10,Andhra Pradesh,Kadapa,Malaria,14.72,36.87,60.96,7.0
2017-07-10,Chhattisgarh,Raigarh,Acute Gastroenteritis,48.39,30.03,79.85,22.0
2017-07-11,Gujarat,Mahesana,Acute Diarrhoeal Disease,11.05,37.34,57.49,59.0
2017-07-11,Haryana,Karnal,Acute Diarrhoeal Disease,13.39,27.96,62.46,10.0
2017-07-11,Maharashtra,Osmanabad,Cholera,10.89,36.6,57.56,3.0
2017-07-11,Rajasthan,Baran,Acute Diarrhoeal Disease,1.67,37.67,47.95,97.0
2017-07-11,Tamil Nadu,Sivaganga,Dengue,12.73,38.55,58.69,19.0
2017-07-12,Assam,Kokrajhar,Malaria,300.0,30.03,83.49,10.0
2017-07-12,Karnataka,Bangalore Rural,Suspected Chikungunya,26.67,30.03,71.73,13.0
2017-07-12,Madhya Pradesh,Sehore,Dengue,18.16,36.01,64.08,49.0
2017-07-12,Punjab,Ludhiana,Cholera,31.42,29.13,74.53,171.0
2017-07-12,Punjab,Sangrur,Cholera,23.17,27.67,70.24,124.0
2017-07-13,Maharashtra,Ratnagiri,Cholera,60.05,25.3,83.05,83.0
2017-07-13,Telangana,Mahabubabad,Acute Gastroenteritis,39.44,28.77,77.86,9.0
2017-07-15,Assam,Nagaon,Acute Encephalitis Syndrome,112.34,31.99,82.82,48.0
2017-07-15,Jammu and Kashmir,Kupwara,Acute Diarrhoeal Disease,47.72,19.96,82.73,75.0
2017-07-15,Tamil Nadu,Tirunelveli,Dengue,2.59,36.41,49.29,37.0
2017-07-16,Gujarat,Kheda,Acute Diarrhoeal Disease,300.0,30.47,83.36,45.0
2017-07-17,Chhattisgarh,Rajnandgaon,Acute Diarrhoeal Disease,52.46,30.03,80.61,18.0
2017-07-17,Karnataka,Hassan,Chikungunya,44.65,34.23,77.73,15.0
2017-07-17,Maharashtra,Kolhapur,Acute Diarrhoeal Disease,28.13,32.67,71.77,41.0
2017-07-17,Punjab,Barnala,Acute Diarrhoeal Disease,106.0,27.79,84.04,12.0
2017-07-17,Tamil Nadu,Tirunelveli,Dengue,2.53,30.03,51.14,37.0
2017-07-18,Rajasthan,Dungarpur,Acute Diarrhoeal Disease,64.31,10.15,88.01,10.0
2017-07-19,Chhattisgarh,Raigarh,Acute Gastroenteritis,72.99,30.51,82.48,25.0
2017-07-19,Karnataka,Kalaburagi,Dengue,127.2,29.05,83.75,24.0
2017-07-20,Chhattisgarh,Bemetara,Acute Diarrhoeal Disease,68.99,30.03,82.39,59.0
2017-07-20,Karnataka,Ramanagara,Chikungunya,49.56,30.68,79.89,34.0
2017-07-20,Kerala,Pathanamthitta,Cholera,41.66,25.7,79.48,4.0
2017-07-20,Maharashtra,Gadchiroli,Malaria,300.0,30.03,83.49,127.0
2017-07-21,Bihar,Vaishali,Acute Diarrhoeal Disease,43.98,31.88,78.27,32.0
2017-07-21,Chhattisgarh,Kawardha,Acute Diarrhoeal Disease,84.3,30.03,83.05,27.0
2017-07-21,Jammu and Kashmir,Anantnag,Acute Diarrhoeal Disease,69.64,19.48,85.6,13.0
2017-07-21,Uttarakhand,Rudraprayag,Acute Diarrhoeal Disease,160.27,11.34,89.09,13.0
2017-07-22,Bihar,Arwal,Acute Diarrhoeal Disease,70.43,34.04,81.28,19.0
2017-07-23,Chhattisgarh,Balod,Acute Diarrhoeal Disease,300.0,30.03,83.49,72.0
2017-07-23,Chhattisgarh,Mahasamund,Acute Diarrhoeal Disease,93.77,30.03,83.24,44.0
2017-07-23,Madhya Pradesh,Khandwa,Acute Diarrhoeal Disease,105.15,29.11,83.64,165.0
2017-07-23,West Bengal,Birbhum,Dengue,58.14,33.25,80.45,340.0
2017-07-23,West Bengal,Birbhum,Dengue,58.14,33.25,80.45,383.0
2017-07-23,West Bengal,Birbhum,Dengue,58.14,33.25,80.45,383.0
2017-07-24,Jharkhand,West Singhbhum,Acute Diarrhoeal Disease,157.22,28.73,83.88,9.0
2017-07-24,Karnataka,Tumkur,Chikungunya,16.79,30.97,64.49,34.0
2017-07-24,Puducherry,Karaikal,Dengue,1.82,38.15,47.96,32.0
2017-07-24,Telangana,Khammam,Dengue,83.86,27.12,83.91,26.0
2017-07-24,West Bengal,Burdwan,Acute Diarrhoeal Disease,138.74,30.03,83.47,154.0
2017-07-25,Chhattisgarh,Bilaspur,Acute Diarrhoeal Disease,155.47,30.03,83.48,5.0
2017-07-25,Chhattisgarh,Janjgir,Acute Diarrhoeal Disease,255.55,30.03,83.49,15.0
2017-07-25,Haryana,Gurgaon,Cholera,32.74,30.94,74.61,40.0
2017-07-25,Maharashtra,Kolhapur,Malaria,72.84,25.76,83.9,6.0
2017-07-25,Rajasthan,Kota,Acute Diarrhoeal Disease,83.24,40.71,79.82,34.0
2017-07-25,Uttar Pradesh,Chandauli,Acute Diarrhoeal Disease,202.9,30.63,83.31,27.0
2017-07-26,Gujarat,Valsad,Acute Diarrhoeal Disease,300.0,30.03,83.49,13.0
2017-07-26,Karnataka,Bijapur,Chikungunya,6.49,30.59,55.05,18.0
2017-07-26,Madhya Pradesh,Narsinghpur,Acute Diarrhoeal Disease,47.55,30.03,79.67,14.0
2017-07-26,Madhya Pradesh,Sidhi,Acute Diarrhoeal Disease,250.04,30.03,83.49,16.0
2017-07-26,West Bengal,Purulia,Acute Diarrhoeal Disease,135.65,30.03,83.47,115.0
2017-07-27,Gujarat,Navsari,Cholera,121.4,30.03,83.44,47.0
2017-07-27,Jammu and Kashmir,Kupwara,Acute Diarrhoeal Disease,50.78,17.33,84.12,325.0
2017-07-27,Karnataka,Chikkaballapura,Chikungunya,3.19,34.58,50.46,62.0
2017-07-28,Andhra Pradesh,Cuddapah,Acute Diarrhoeal Disease,8.71,34.9,55.97,51.0
2017-07-28,Assam,Nagaon,Dengue,107.11,28.53,83.83,82.0
2017-07-28,Chhattisgarh,Janjgir,Acute Diarrhoeal Disease,194.75,30.03,83.49,18.0
2017-07-28,Chhattisgarh,Korba,Acute Diarrhoeal Disease,163.07,30.03,83.49,58.0
2017-07-28,Chhattisgarh,Korba,Acute Diarrhoeal Disease,147.17,30.03,83.48,43.0
2017-07-28,Chhattisgarh,Surajpur,Malaria,246.14,30.03,83.49,1422.0
2017-07-28,Jammu and Kashmir,Baramulla,Acute Diarrhoeal Disease,23.38,23.87,71.52,289.0
2017-07-28,Karnataka,Chikkaballapur,Dengue,9.97,33.47,57.63,95.0
2017-07-28,Karnataka,Dharwad,Acute Diarrhoeal Disease,19.82,31.23,66.79,46.0
2017-07-28,Maharashtra,Pune,Dengue,84.14,24.56,84.69,8.0
2017-07-28,Punjab,Ludhiana,Cholera,33.8,30.19,75.3,106.0
2017-07-28,Tamil Nadu,Madurai,Dengue,5.06,42.2,50.11,49.0
2017-07-28,Tamil Nadu,Villupuram,Acute Diarrhoeal Disease,6.54,38.58,52.7,54.0
2017-07-28,Uttar Pradesh,Azamgarh,Acute Diarrhoeal Disease,146.52,30.29,83.4,11.0
2017-07-28,Uttar Pradesh,Chandauli,Acute Diarrhoeal Disease,256.91,30.03,83.49,15.0
2017-07-28,Uttar Pradesh,Chandauli,Acute Diarrhoeal Disease,256.91,30.03,83.49,22.0
2017-07-28,West Bengal,Dakshin Dinajpur,Acute Diarrhoeal Disease,51.9,27.81,81.18,72.0
2017-07-28,West Bengal,Purba Medinipur,Dengue,159.81,30.03,83.49,147.0
2017-07-28,West Bengal,Purba Medinipur,Dengue,159.81,30.03,83.49,186.0
2017-07-28,West Bengal,Purba Medinipur,Dengue,159.81,30.03,83.49,90.0
2017-08-01,Jharkhand,East Singhbhum,Dengue,87.96,27.67,83.84,10.0
2017-08-01,Kerala,Kozhikode,Cholera,26.66,28.11,72.31,6.0
2017-08-01,West Bengal,North 24 Parganas,Dengue,66.68,24.67,83.84,387.0
2017-08-01,West Bengal,North 24 Parganas,Acute Diarrhoeal Disease,66.68,24.67,83.84,18.0
2017-08-01,West Bengal,North 24 Parganas,Dengue,66.68,24.67,83.84,680.0
2017-08-01,West Bengal,North 24 Parganas,Dengue,66.68,24.67,83.84,757.0
2017-08-02,Gujarat,Anand,Acute Diarrhoeal Disease,107.48,26.29,84.5,33.0
2017-08-02,Jammu and Kashmir,Kulgam,Acute Diarrhoeal Disease,70.91,20.1,85.49,85.0
2017-08-02,Karnataka,Hassan,Acute Diarrhoeal Disease,18.75,32.67,65.54,26.0
2017-08-02,Madhya Pradesh,Khandwa,Cholera,44.65,24.89,80.54,34.0
2017-08-02,Madhya Pradesh,Sehore,Dengue,110.57,28.11,83.98,32.0
2017-08-02,Madhya Pradesh,Sehore,Acute Diarrhoeal Disease,110.57,28.11,83.98,84.0
2017-08-02,Uttar Pradesh,Chandauli,Acute Diarrhoeal Disease,75.35,28.11,83.31,12.0
2017-08-03,Arunachal Pradesh,Papum Pare,Acute Diarrhoeal Disease,146.14,24.74,85.07,112.0
2017-08-03,Goa,South Goa,Dengue,63.81,24.81,83.57,179.0
2017-08-03,Jharkhand,Deoghar,Acute Diarrhoeal Disease,86.44,28.11,83.68,23.0
2017-08-03,Karnataka,Chitradurga,Dengue,7.65,35.73,54.68,23.0
2017-08-03,Telangana,Kamareddy,Acute Diarrhoeal Disease,13.47,27.97,62.53,39.0
2017-08-04,Jammu and Kashmir,Jammu and Kashmir,Acute Diarrhoeal Disease,159.46,13.84,88.34,12.0
2017-08-04,Maharashtra,Gadchiroli,Malaria,27.76,29.84,72.42,4.0
2017-08-04,West Bengal,North 24 Parganas,Dengue,82.37,22.76,85.18,806.0
2017-08-04,West Bengal,North 24 Parganas,Dengue,82.37,22.76,85.18,794.0
2017-08-04,West Bengal,North 24 Parganas,Dengue,82.37,22.76,85.18,834.0
2017-08-05,Jammu and Kashmir,Pulwama,Acute Diarrhoeal Disease,95.02,13.51,88.21,31.0
2017-08-05,Jammu and Kashmir,Pulwama,Acute Diarrhoeal Disease,95.02,13.51,88.21,31.0
2017-08-05,Uttar Pradesh,Ghazipur,Acute Diarrhoeal Disease,75.97,28.11,83.34,18.0
2017-08-06,Jammu and Kashmir,Baramulla,Acute Diarrhoeal Disease,48.94,23.87,81.81,13.0
2017-08-06,Tamil Nadu,Thoothukudi,Chikungunya,9.79,43.34,54.49,29.0
2017-08-07,Bihar,Muzaffarpur,Dengue,123.61,29.61,83.57,21.0
2017-08-07,Chandigarh,Chandigarh,Dengue,180.56,28.11,84.07,33.0
2017-08-07,Chandigarh,Chandigarh,Dengue,180.56,28.11,84.07,77.0
2017-08-07,Chandigarh,Chandigarh,Dengue,180.56,28.11,84.07,294.0
2017-08-07,Chandigarh,Chandigarh,Dengue,180.56,28.11,84.07,327.0
2017-08-07,Chandigarh,Chandigarh,Dengue,180.56,28.11,84.07,284.0
2017-08-07,Chhattisgarh,Balodabazar,Acute Diarrhoeal Disease,37.6,30.89,76.6,28.0
2017-08-07,Jharkhand,East Singhbhum,Dengue,84.16,28.37,83.54,5.0
2017-08-07,Jharkhand,Lohardaga,Acute Diarrhoeal Disease,103.63,26.69,84.35,12.0
2017-08-07,Maharashtra,Palghar,Acute Encephalitis Syndrome,33.5,25.98,76.43,18.0
2017-08-08,Chhattisgarh,Bemetara,Acute Diarrhoeal Disease,55.16,28.11,81.6,48.0
2017-08-08,Rajasthan,Banswara,Acute Diarrhoeal Disease,19.41,26.55,67.89,8.0
2017-08-08,West Bengal,Burdwan,Acute Diarrhoeal Disease,80.86,28.11,83.52,23.0
2017-08-09,Bihar,Saharsa,Acute Diarrhoeal Disease,103.16,19.0,86.66,16.0
2017-08-10,Bihar,Jamui,Malaria,50.72,28.11,80.88,5.0
2017-08-11,Jharkhand,East Singhbhum,Chikungunya,50.99,27.05,81.25,9.0
2017-08-11,Madhya Pradesh,Morena,Dengue,77.45,28.11,83.4,18.0
2017-08-11,Rajasthan,Kota,Acute Diarrhoeal Disease,81.95,18.55,86.43,49.0
2017-08-12,Jammu and Kashmir,Kupwara,Acute Diarrhoeal Disease,54.67,22.27,83.28,104.0
2017-08-12,Tamil Nadu,Salem,Chikungunya,76.34,37.49,80.54,25.0
2017-08-13,Bihar,Jehanabad,Acute Diarrhoeal Disease,65.32,30.07,82.12,17.0
2017-08-14,Assam,Goalpara,Dengue,267.08,28.11,84.07,27.0
2017-08-14,Chhattisgarh,Bastar,Acute Diarrhoeal Disease,81.54,28.11,83.55,26.0
2017-08-14,Karnataka,Vijayapura,Chikungunya,33.64,35.9,73.52,20.0
2017-08-14,Madhya Pradesh,Khandwa,Chikungunya,12.39,28.11,61.51,65.0
2017-08-14,Punjab,Ludhiana,Cholera,27.42,28.21,72.72,459.0
2017-08-14,Telangana,Khammam,Dengue,54.15,32.08,80.26,42.0
2017-08-16,Bihar,Patna,Acute Diarrhoeal Disease,126.8,10.0,89.47,20.0
2017-08-16,Chhattisgarh,Mahasamund,Cholera,40.04,28.29,78.21,39.0
2017-08-16,Maharashtra,Sangli,Dengue,14.04,30.81,62.19,11.0
2017-08-16,Tamil Nadu,Madurai,Chikungunya,36.22,28.11,76.91,72.0
2017-08-16,Tamil Nadu,Thiruvallur,Dengue,48.63,33.19,78.95,20.0
2017-08-17,Karnataka,Tumkur,Dengue,43.42,28.11,79.25,56.0
2017-08-17,Karnataka,Tumkur,Dengue And Chikungunya,43.42,28.11,79.25,32.0
2017-08-17,Telangana,Mahaboobnagar,Chikungunya,38.55,31.33,76.8,39.0
2017-08-17,Uttar Pradesh,Budaun,Malaria,5.63,27.45,55.13,160.0
2017-08-18,Bihar,Vaishali,Acute Diarrhoeal Disease,148.76,28.11,84.06,21.0
2017-08-18,Karnataka,Tumkur,Chikungunya,21.42,28.11,68.9,48.0
2017-08-18,Maharashtra,Nagpur,Chikungunya,12.05,28.11,61.2,38.0
2017-08-18,Maharashtra,Satara,Dengue,10.45,34.36,57.82,26.0
2017-08-18,Tamil Nadu,Tiruvannamalai,Acute Diarrhoeal Disease,39.98,28.73,78.05,46.0
2017-08-18,West Bengal,Purba Medinipur,Dengue,62.58,28.11,82.47,65.0
2017-08-18,West Bengal,Purba Medinipur,Dengue,62.58,28.11,82.47,104.0
2017-08-19,Maharashtra,Pune,Dengue,27.18,27.56,72.77,40.0
2017-08-19,Maharashtra,Sangli,Dengue,13.12,29.37,61.8,58.0
2017-08-20,Bihar,Nawada,Acute Diarrhoeal Disease,57.49,28.11,81.91,14.0
2017-08-20,Bihar,Nawada,Acute Diarrhoeal Disease,57.49,28.11,81.91,25.0
2017-08-21,Bihar,Jamui,Acute Diarrhoeal Disease,97.55,25.1,84.77,12.0
2017-08-21,Jammu and Kashmir,Bandipora,Acute Diarrhoeal Disease,5.0,23.77,55.58,24.0
2017-08-21,West Bengal,Nadia,Dengue,91.29,28.04,83.8,124.0
2017-08-21,West Bengal,Nadia,Dengue,91.29,28.04,83.8,284.0
2017-08-21,West Bengal,Nadia,Dengue,91.29,28.04,83.8,284.0
2017-08-21,West Bengal,Nadia,Dengue,91.29,28.04,83.8,286.0
2017-08-22,Bihar,Madhubani,Acute Diarrhoeal Disease,67.1,24.87,83.81,10.0
2017-08-22,Jharkhand,East Singhbhum,Dengue,65.19,28.76,82.5,11.0
2017-08-22,Karnataka,Dharwad,Cholera,24.9,36.07,68.85,78.0
2017-08-22,Karnataka,Haveri,Dengue,53.16,24.98,82.24,14.0
2017-08-22,Uttar Pradesh,Jaunpur,Acute Diarrhoeal Disease,33.33,27.81,75.81,25.0
2017-08-23,Karnataka,Tumkur,Chikungunya,31.05,28.75,74.47,25.0
2017-08-23,Karnataka,Tumkur,Dengue And Chikungunya,31.05,28.75,74.47,15.0
2017-08-23,Maharashtra,Sindhudurg,Malaria,113.53,25.2,84.86,11.0
2017-08-24,Assam,Dibrugarh,Cholera,40.18,18.12,81.3,24.0
2017-08-25,Himachal Pradesh,Solan,Dengue,58.33,22.75,83.62,10.0
2017-08-25,Madhya Pradesh,Khargone,Chikungunya,63.6,25.05,83.48,41.0
2017-08-25,Uttar Pradesh,Ghazipur,Acute Diarrhoeal Disease,37.69,30.08,76.87,14.0
2017-08-27,Assam,Kamrup,Acute Diarrhoeal Disease,63.09,28.27,82.47,16.0
2017-08-27,Bihar,Nawada,Acute Diarrhoeal Disease,27.12,30.5,71.85,19.0
2017-08-28,Assam,Lakhimpur,Acute Diarrhoeal Disease,26.24,29.92,71.52,8.0
2017-08-28,Assam,Tinsukia,Acute Diarrhoeal Disease,52.38,30.23,80.53,280.0
2017-08-28,Bihar,Nawada,Acute Diarrhoeal Disease,38.23,32.85,76.23,14.0
2017-08-28,Jammu and Kashmir,Shopian,Acute Diarrhoeal Disease,32.73,22.38,77.17,18.0
2017-08-28,Karnataka,Bidar,Acute Diarrhoeal Disease,150.78,28.11,84.06,17.0
2017-08-28,Karnataka,Gadag,Acute Gastroenteritis,74.7,30.53,82.56,15.0
2017-08-28,Karnataka,Haveri,Acute Gastroenteritis,95.73,28.11,83.84,31.0
2017-08-28,Madhya Pradesh,Khandwa,Chikungunya,75.65,28.11,83.33,45.0
2017-08-28,Maharashtra,Pune,Dengue,70.18,27.15,83.33,6.0
2017-08-28,Telangana,Sangareddy,Acute Diarrhoeal Disease,54.57,27.21,81.78,27.0
2017-08-28,Uttar Pradesh,Mau,Acute Diarrhoeal Disease,62.3,28.16,82.43,10.0
2017-09-01,Uttar Pradesh,Amethi,Acute Diarrhoeal Disease,67.77,26.4,83.4,47.0
2017-09-02,Bihar,West Champaran,Acute Diarrhoeal Disease,78.02,28.87,83.2,13.0
2017-09-02,Karnataka,Bidar,Acute Gastroenteritis,115.03,29.89,83.46,49.0
2017-09-03,Andhra Pradesh,East Godavari,Acute Diarrhoeal Disease,32.45,27.78,75.42,24.0
2017-09-03,Bihar,Nawada,Acute Diarrhoeal Disease,62.99,30.53,81.78,9.0
2017-09-03,Maharashtra,Jalgaon,Acute Diarrhoeal Disease,38.76,29.68,77.36,20.0
2017-09-03,Maharashtra,Latur,Acute Diarrhoeal Disease,69.19,28.81,82.77,12.0
2017-09-03,Maharashtra,Latur,Acute Diarrhoeal Disease,69.19,28.81,82.77,22.0
2017-09-04,Karnataka,Tumkur,Dengue,34.68,34.26,74.45,30.0
2017-09-04,Maharashtra,Pune,Chikungunya,83.77,23.33,85.04,10.0
2017-09-04,Maharashtra,Sangli,Acute Diarrhoeal Disease,22.58,25.83,70.4,40.0
2017-09-04,Telangana,Khammam,Dengue,10.19,28.61,59.29,16.0
2017-09-04,West Bengal,Birbhum,Acute Diarrhoeal Disease,80.89,23.12,85.02,97.0
2017-09-05,Assam,Kamrup,Acute Diarrhoeal Disease,101.6,27.83,83.99,25.0
2017-09-05,Jharkhand,East Singhbhum,Dengue,78.8,29.08,83.16,19.0
2017-09-05,Karnataka,Tumkur,Chikungunya,22.65,34.26,67.91,22.0
2017-09-05,Uttarakhand,Tehri Garhwal,Acute Diarrhoeal Disease,152.67,14.87,88.03,7.0
2017-09-06,Maharashtra,Beed,Acute Gastroenteritis,5.9,31.09,54.31,14.0
2017-09-06,Maharashtra,Wardha,Acute Diarrhoeal Disease,9.73,30.52,58.28,15.0
2017-09-07,Bihar,Muzaffarpur,Acute Diarrhoeal Disease,38.26,27.05,77.98,54.0
2017-09-08,Karnataka,Tumkur,Chikungunya,68.76,29.27,82.61,10.0
2017-09-09,Bihar,Bhabua,Acute Diarrhoeal Disease,30.27,29.23,73.94,17.0
2017-09-10,Assam,Kokrajhar,Dengue,85.25,24.21,84.82,4.0
2017-09-10,Bihar,Madhubani,Acute Diarrhoeal Disease,20.68,28.13,68.36,13.0
2017-09-10,Bihar,Samastipur,Dengue,13.36,29.03,62.12,9.0
2017-09-10,Uttar Pradesh,Bara-Banki,Acute Diarrhoeal Disease,6.12,28.0,55.45,15.0
2017-09-10,West Bengal,Malda,Acute Diarrhoeal Disease,29.16,28.81,73.49,124.0
2017-09-11,Jammu and Kashmir,Leh (Ladakh),Acute Gastroenteritis,9.71,19.87,61.45,30.0
2017-09-11,Karnataka,Shimoga,Dengue And Chikungunya,84.62,26.42,84.14,18.0
2017-09-12,Assam,Nagaon,Acute Diarrhoeal Disease,94.73,28.78,83.63,13.0
2017-09-12,Karnataka,Mandya,Dengue And Chikungunya,54.4,29.03,81.21,111.0
2017-09-12,Madhya Pradesh,Barwani,Dengue,16.89,30.04,64.85,18.0
2017-09-12,Maharashtra,Aurangabad,Dengue,19.42,27.7,67.55,18.0
2017-09-13,Bihar,Muzaffarpur,Acute Diarrhoeal Disease,25.73,29.7,71.27,15.0
2017-09-13,Gujarat,Surat,Acute Diarrhoeal Disease,75.14,31.72,82.22,18.0
2017-09-13,Karnataka,Raichur,Chikungunya,34.38,30.27,75.53,11.0
2017-09-13,Madhya Pradesh,Raisen,Malaria,39.82,31.76,77.09,13.0
2017-09-13,Maharashtra,Nashik,Acute Diarrhoeal Disease,73.03,24.63,84.25,33.0
2017-09-14,Bihar,Bhabua,Acute Diarrhoeal Disease,45.27,28.52,79.6,14.0
2017-09-14,Bihar,Bhabua,Acute Diarrhoeal Disease,45.27,28.52,79.6,26.0
2017-09-14,Maharashtra,Satara,Chikungunya,56.88,29.01,81.56,16.0
2017-09-14,Maharashtra,Thane,Malaria,77.48,27.46,83.6,1.0
2017-09-15,Maharashtra,Nagpur,Dengue,103.12,27.45,84.12,5.0
2017-09-15,Uttar Pradesh,Chandauli,Acute Diarrhoeal Disease,31.27,30.22,74.14,11.0
2017-09-16,Madhya Pradesh,Khandwa,Chikungunya,101.03,31.75,82.81,27.0
2017-09-16,Maharashtra,Sindhudurg,Malaria,74.14,28.9,83.02,5.0
2017-09-17,Karnataka,Hassan,Acute Gastroenteritis,27.11,28.38,72.49,4.0
2017-09-17,Maharashtra,Ahmednagar,Chikungunya,83.21,24.29,84.74,28.0
2017-09-18,Delhi,South Delhi,Dengue,0.16,34.5,47.31,22.0
2017-09-18,Madhya Pradesh,Barwani,Chikungunya,120.62,29.66,83.55,126.0
2017-09-18,Puducherry,Pondicherry,Dengue,39.85,20.71,80.42,55.0
2017-09-18,Tamil Nadu,Thiruvallur,Dengue,36.6,29.35,76.69,36.0
2017-09-19,Chhattisgarh,Kawardha,Acute Diarrhoeal Disease,53.53,29.84,80.84,29.0
2017-09-19,Maharashtra,Kolhapur,Acute Diarrhoeal Disease,71.73,31.17,82.22,107.0
2017-09-21,Gujarat,Sabarkantha,Acute Diarrhoeal Disease,33.3,29.9,75.17,34.0
2017-09-21,West Bengal,North 24 Parganas,Dengue,166.82,27.97,84.11,917.0
2017-09-21,West Bengal,North 24 Parganas,Dengue,166.82,27.97,84.11,1305.0
2017-09-23,Chhattisgarh,Bemetara,Acute Diarrhoeal Disease,129.62,24.69,85.06,15.0
2017-09-23,Maharashtra,Aurangabad,Dengue,70.68,27.97,83.12,25.0
2017-09-23,Maharashtra,Thane,Dengue,300.0,24.69,85.09,7.0
2017-09-25,Maharashtra,Beed,Dengue And Chikungunya,92.75,27.4,84.01,25.0
2017-09-25,West Bengal,Malda,Dengue,65.36,27.21,82.98,278.0
2017-09-26,Gujarat,Valsad,Acute Diarrhoeal Disease,40.2,26.14,78.9,32.0
2017-09-27,Odisha,Jajpur,Acute Gastroenteritis,31.68,28.94,74.71,21.0
2017-09-27,Tamil Nadu,Madurai,Dengue,1.21,39.37,46.97,77.0
2017-09-28,Maharashtra,Jalgaon,Dengue,1.3,30.68,49.66,8.0
2017-09-28,Maharashtra,Pune,Dengue,28.11,29.54,72.7,13.0
2017-09-28,Maharashtra,Sangli,Acute Diarrhoeal Disease,32.39,29.59,74.85,19.0
2017-10-01,Jharkhand,East Singhbhum,Acute Diarrhoeal Disease,51.85,28.73,80.89,22.0
2017-10-01,Maharashtra,Nashik,Dengue,7.06,30.1,55.77,7.0
2017-10-01,Maharashtra,Satara,Dengue,24.48,32.15,69.76,18.0
2017-10-02,Karnataka,Tumkur,Dengue And Chikungunya,114.69,29.26,83.65,31.0
2017-10-02,Madhya Pradesh,Khargone,Chikungunya,0.63,31.53,48.7,32.0
2017-10-03,Assam,Sonitpur (Tezpur),Acute Diarrhoeal Disease,179.82,20.08,86.47,11.0
2017-10-04,Bihar,Munger,Acute Diarrhoeal Disease,58.08,26.43,82.49,10.0
2017-10-04,Kerala,Thiruvananthapuram,Acute Diarrhoeal Disease,55.11,30.44,80.9,86.0
2017-10-04,Madhya Pradesh,Barwani,Acute Diarrhoeal Disease,0.09,35.91,46.82,12.0
2017-10-04,Maharashtra,Nagpur,Dengue,1.1,30.79,49.42,529.0
2017-10-04,Rajasthan,Nagaur,Dengue,0.0,46.5,43.55,30.0
2017-10-04,Sikkim,Singtam,Dengue,120.02,10.0,89.45,60.0
2017-10-06,Maharashtra,Pune,Acute Encephalitis Syndrome,8.93,31.48,57.21,9.0
2017-10-07,Madhya Pradesh,Morena,Malaria,0.01,38.13,46.07,3.0
2017-10-07,Maharashtra,Osmanabad,Acute Encephalitis Syndrome,31.58,35.26,72.77,24.0
2017-10-07,Tamil Nadu,Thiruvallur,Acute Diarrhoeal Disease,70.7,34.86,81.05,26.0
2017-10-07,Tamil Nadu,Tiruvallur,Dengue,70.7,34.86,81.05,47.0
2017-10-09,Andhra Pradesh,East Godavari,Acute Diarrhoeal Disease,57.81,24.94,82.9,67.0
2017-10-09,Assam,Dhubri,Dengue,61.71,28.26,82.34,7.0
2017-10-09,Assam,Kamrup,Acute Diarrhoeal Disease,52.47,28.4,81.1,34.0
2017-10-09,Bihar,Muzaffarpur,Acute Diarrhoeal Disease,7.86,28.97,56.91,8.0
2017-10-09,Bihar,Muzaffarpur,Acute Diarrhoeal Disease,7.86,28.97,56.91,20.0
2017-10-09,Karnataka,Chikkaballapura,Chikungunya,62.98,25.13,83.4,36.0
2017-10-09,Kerala,Thiruvananthapuram,Acute Gastroenteritis,43.37,27.49,79.42,86.0
2017-10-09,Maharashtra,Thane,Dengue,113.65,30.59,83.25,24.0
2017-10-09,Nagaland,Dimapur,Dengue,44.53,27.22,79.81,2.0
2017-10-09,Uttarakhand,Udham Singh Nagar,Dengue,1.37,25.71,51.23,9.0
2017-10-10,Gujarat,Morbi,Chikungunya,0.01,36.81,46.47,19.0
2017-10-10,Karnataka,Bidar,Acute Diarrhoeal Disease,56.95,33.17,80.32,24.0
2017-10-10,Karnataka,Mandya,Acute Diarrhoeal Disease,20.49,23.39,69.64,11.0
2017-10-12,Madhya Pradesh,Burhanpur,Chikungunya,93.13,34.57,81.87,41.0
2017-10-13,Karnataka,Dharwad,Acute Diarrhoeal Disease,38.96,34.18,76.08,97.0
2017-10-13,Uttar Pradesh,Mirzapur,Acute Diarrhoeal Disease,22.45,31.05,68.74,85.0
2017-10-14,Madhya Pradesh,Raisen,Cholera,19.83,30.79,66.93,18.0
2017-10-14,Maharashtra,Satara,Dengue,75.14,30.49,82.59,23.0
2017-10-14,Maharashtra,Satara,Dengue,75.14,30.49,82.59,28.0
2017-10-15,Karnataka,Kalaburagi,Acute Diarrhoeal Disease,78.91,29.11,83.16,17.0
2017-10-15,Karnataka,Kalaburagi,Acute Diarrhoeal Disease,78.91,29.11,83.16,22.0
2017-10-16,Bihar,Jamui,Acute Diarrhoeal Disease,91.92,27.89,83.85,34.0
2017-10-16,Karnataka,Bidar,Acute Diarrhoeal Disease,64.73,29.33,82.29,22.0
2017-10-17,Jharkhand,Jamtara,Acute Diarrhoeal Disease,12.35,29.53,61.04,22.0
2017-10-18,Kerala,Wayanad,Acute Diarrhoeal Disease,87.03,22.81,85.28,12.0
2017-10-19,Maharashtra,Beed,Dengue,19.58,29.96,67.0,50.0
2017-10-20,Madhya Pradesh,Datia,Acute Gastroenteritis,0.01,39.52,45.65,10.0
2017-10-20,Maharashtra,Satara,Chikungunya,31.52,29.42,74.5,10.0
2017-10-21,Madhya Pradesh,Sehore,Chikungunya,1.58,36.05,48.34,121.0
2017-10-21,Maharashtra,Nagpur,Acute Gastroenteritis,6.93,30.58,55.5,55.0
2017-10-21,Rajasthan,Dungarpur,Acute Diarrhoeal Disease,0.0,35.26,46.93,191.0
2017-10-22,Assam,Lakhimpur,Dengue,46.55,28.17,80.01,10.0
2017-10-22,Bihar,Darbhanga,Acute Diarrhoeal Disease,7.97,27.61,57.43,33.0
2017-10-22,Karnataka,Kalaburagi,Acute Diarrhoeal Disease,5.52,31.14,53.91,19.0
2017-10-23,Himachal Pradesh,Bilaspur,Suspected Dengue,0.23,25.1,50.21,32.0
2017-10-23,Himachal Pradesh,Bilaspur,Suspected Dengue,0.23,25.1,50.21,13.0
2017-10-23,Karnataka,Bangalore Urban,Suspected Cholera,3.13,27.26,52.6,19.0
2017-10-23,Madhya Pradesh,Khargone,Chikungunya,0.2,32.08,48.09,48.0
2017-10-23,Madhya Pradesh,Sehore,Chikungunya,2.21,35.22,49.25,125.0
2017-10-23,Maharashtra,Parbhani,Acute Encephalitis Syndrome,2.39,29.73,51.08,10.0
2017-10-24,Madhya Pradesh,Raisen,Malaria,2.11,32.6,49.93,60.0
2017-10-25,Assam,Nagaon,Acute Diarrhoeal Disease,125.68,27.07,84.34,17.0
2017-10-25,Karnataka,Chitradurga,Dengue And Chikungunya,0.76,28.88,49.64,29.0
2017-10-25,Karnataka,Tumkur,Malaria,0.41,27.6,49.65,81.0
2017-10-25,Nagaland,mon,Malaria,97.31,26.39,84.38,3.0
2017-10-26,Karnataka,Chikkaballapur,Suspected Chikungunya,1.04,29.01,49.89,10.0
2017-10-26,Maharashtra,Sangli,Chikungunya,3.6,30.09,52.24,17.0
2017-10-27,Karnataka,Dharwad,Acute Gastroenteritis,9.57,30.81,58.04,18.0
2017-10-27,Maharashtra,Satara,Dengue,4.11,32.97,51.9,16.0
2017-10-28,Bihar,Aurangabad,Malaria,0.09,30.1,48.57,20.0
2017-10-28,Jharkhand,Godda,Acute Diarrhoeal Disease,1.19,29.16,50.0,14.0
2017-10-28,Karnataka,Kalaburagi,Acute Diarrhoeal Disease,12.94,32.1,60.81,25.0
2017-10-28,Maharashtra,Beed,Dengue,0.75,32.75,48.46,19.0
2017-10-28,Maharashtra,Pune,Dengue,5.72,32.5,53.7,1.0
2017-10-28,Mizoram,Serchhip,Acute Gastroenteritis,31.62,23.61,76.28,9.0
2017-11-01,Maharashtra,Nagpur,Acute Diarrhoeal Disease,0.14,30.65,48.46,27.0
2017-11-01,Maharashtra,Parbhani,Acute Gastroenteritis,0.3,33.67,47.72,32.0
2017-11-02,Jharkhand,Sahebganj,Dengue,4.94,27.84,54.3,20.0
2017-11-02,Maharashtra,Parbhani,Dengue,0.3,33.78,47.68,14.0
2017-11-03,Gujarat,Mahesana,Acute Diarrhoeal Disease,0.0,34.43,47.18,56.0
2017-11-05,Jharkhand,East Singhbhum,Acute Diarrhoeal Disease,2.33,26.01,52.14,70.0
2017-11-06,Maharashtra,Pune,Dengue,0.01,31.18,48.15,3.0
2017-11-07,Maharashtra,Palghar,Suspected Dengue,0.01,31.8,47.97,7.0
2017-11-08,Maharashtra,Ahmednagar,Dengue,0.01,31.67,48.01,10.0
2017-11-09,Maharashtra,Jalgaon,Chikungunya,0.01,33.42,47.48,40.0
2017-11-10,Maharashtra,Aurangabad,Cholera,0.01,32.9,47.64,5825.0
2017-11-10,Maharashtra,Jalgaon,Suspected Dengue And Chikungunya,0.01,33.44,47.48,49.0
2017-11-11,Madhya Pradesh,Khargone,Chikungunya,0.01,33.41,47.49,47.0
2017-11-13,Arunachal Pradesh,Lower Dibang Valley,Acute Gastroenteritis,0.04,25.64,49.85,39.0
2017-11-13,Maharashtra,Nashik,Chikungunya,0.0,31.71,47.99,60.0
2017-11-13,Maharashtra,Palghar,Dengue,0.0,31.99,47.91,20.0
2017-11-14,Madhya Pradesh,Mandsaur,Acute Diarrhoeal Disease,0.0,33.19,47.55,35.0
2017-11-14,Maharashtra,Kolhapur,Dengue,0.0,33.18,47.55,4.0
2017-11-14,West Bengal,Bankura,Acute Diarrhoeal Disease,0.0,26.86,49.45,101.0
2017-11-15,Jharkhand,Latehar,Malaria,0.0,24.33,50.2,18.0
2017-11-16,Tamil Nadu,Perambalur,Chikungunya,35.41,30.33,75.93,4.0
2017-11-17,Maharashtra,Beed,Chikungunya,0.0,31.05,48.19,21.0
2017-11-17,Maharashtra,Nashik,Acute Diarrhoeal Disease,0.0,30.05,48.49,251.0
2017-11-17,Odisha,Koraput,Acute Diarrhoeal Disease,25.47,24.79,72.59,12.0
2017-11-18,Jharkhand,East Singhbhum,Acute Diarrhoeal Disease,22.5,24.18,70.83,10.0
2017-11-20,Himachal Pradesh,Kangra,Acute Diarrhoeal Disease,46.07,16.08,83.52,302.0
2017-11-21,Maharashtra,Kolhapur,Dengue,5.93,32.72,53.84,1.0
2017-11-23,Assam,Nalbari,Acute Diarrhoeal Disease,0.92,22.57,51.69,2.0
2017-11-23,Maharashtra,Sangli,Chikungunya,12.19,31.25,60.38,28.0
2017-11-24,Karnataka,Yadgiri,Acute Diarrhoeal Disease,2.98,32.44,50.89,25.0
2017-11-27,Maharashtra,Sangli,Chikungunya,8.31,31.52,56.59,15.0
2017-11-28,Bihar,Nawada,Acute Diarrhoeal Disease,0.01,26.8,49.47,75.0
2017-11-28,Kerala,Wayanad,Acute Diarrhoeal Disease,11.63,25.8,61.5,12.0
2017-11-28,Maharashtra,Beed,Dengue,0.01,32.24,47.84,6.0
2017-12-02,Maharashtra,Jalna,Chikungunya,0.01,31.13,48.17,11.0
2017-12-04,Gujarat,Anand,Acute Diarrhoeal Disease,0.01,31.14,48.16,87.0
2017-12-08,Gujarat,Kheda,Acute Diarrhoeal Disease,28.11,23.32,74.57,23.0
2017-12-08,Maharashtra,Sangli,Chikungunya,5.93,27.2,55.5,10.0
2017-12-09,Jharkhand,West Singhbhum,Malaria,0.05,24.08,50.33,28.0
2017-12-11,Assam,Udalguri,Malaria,0.02,21.27,51.14,93.0
2017-12-11,Maharashtra,Osmanabad,Chikungunya,0.35,31.63,48.38,17.0
2017-12-12,Assam,Dibrugarh,Acute Diarrhoeal Disease,0.02,22.87,50.66,30.0
2017-12-12,Maharashtra,Sindhudurg,Dengue,3.44,27.64,52.81,6.0
2017-12-13,Gujarat,Kheda,Cholera,0.46,27.08,49.86,2.0
2017-12-13,Maharashtra,Sangli,Chikungunya,3.24,31.69,51.39,13.0
2017-12-14,Maharashtra,Nandurbar,Chikungunya,1.75,30.39,50.22,13.0
2017-12-14,Telangana,Warangal Urban,Acute Diarrhoeal Disease,0.01,32.07,47.89,44.0
2017-12-15,Maharashtra,Sangli,Acute Diarrhoeal Disease,0.01,31.02,48.2,32.0
2017-12-17,Maharashtra,Sangli,Acute Diarrhoeal Disease,0.01,30.49,48.36,21.0
2017-12-18,Himachal Pradesh,Kangra,Acute Diarrhoeal Disease,60.54,10.25,87.62,50.0
2017-12-18,Himachal Pradesh,Kangra,Acute Diarrhoeal Disease,60.54,10.25,87.62,20.0
2017-12-18,Maharashtra,Latur,Acute Diarrhoeal Disease,0.01,32.51,47.76,41.0
2017-12-20,Himachal Pradesh,Mandi,Acute Diarrhoeal Disease,1.52,13.42,55.07,44.0
2017-12-24,Gujarat,Surat,Cholera,0.01,25.38,49.89,65.0
2017-12-28,Assam,Udalguri,Acute Diarrhoeal Disease,0.01,22.09,50.89,28.0
2017-12-28,Karnataka,Bangalore Urban,Cholera,0.02,27.73,49.2,19.0
2017-12-28,Maharashtra,Gadchiroli,Malaria,0.01,27.01,49.4,13.0
2018-01-02,Karnataka,Kalaburagi,Chikungunya,0.0,33.44,47.47,55.0
2018-01-02,West Bengal,Nayabasti,Acute Diarrhoeal Disease,0.0,24.34,50.2,39.0
2018-01-03,Kerala,Trivandrum,Acute Diarrhoeal Disease,1.23,27.63,50.5,21.0
2018-01-08,Chandigarh,Chandigarh,Acute Diarrhoeal Disease,0.08,15.74,52.86,31.0
2018-01-11,Karnataka,Kalaburgi,Chikungunya,0.01,31.98,47.92,85.0
2018-01-16,Maharashtra,Jalna,Dengue,0.05,30.56,48.38,11.0
2018-01-17,Karnataka,Dharwad,Chikungunya,0.03,35.75,46.8,12.0
2018-01-17,Karnataka,Ramanagara,Acute Diarrhoeal Disease,0.04,31.64,48.05,33.0
2018-01-18,Gujarat,Anand,Acute Diarrhoeal Disease,0.01,29.39,48.7,196.0
2018-01-18,Karnataka,Davangere,Chikungunya,0.01,34.13,47.27,15.0
2018-01-18,Kerala,Trivandrum,Acute Diarrhoeal Disease,3.09,25.61,53.05,112.0
2018-01-21,Punjab,Roopnagar,Acute Diarrhoeal Disease,0.01,18.14,52.06,37.0
2018-01-21,Sikkim,East Sikkim,Dengue,5.69,13.12,59.48,42.0
2018-01-23,Karnataka,Bidar,Acute Diarrhoeal Disease,0.0,34.14,47.26,23.0
2018-01-26,Gujarat,Surendranagar,Acute Diarrhoeal Disease,0.01,30.06,48.49,25.0
2018-01-27,Tamil Nadu,Ariyalur,Dengue,0.04,31.78,48.0,12.0
2018-01-28,Andhra Pradesh,Guntur,Acute Diarrhoeal Disease,0.49,31.23,48.65,7.0
2018-02-03,Tamil Nadu,Tiruppur,Acute Diarrhoeal Disease,0.0,37.44,46.27,23.0
2018-02-04,Odisha,Khurda,Acute Diarrhoeal Disease,0.01,30.33,48.41,20.0
2018-02-05,Andhra Pradesh,East Godavari,Acute Diarrhoeal Disease,0.0,29.63,48.61,9.0
2018-02-05,Goa,North Goa,Acute Diarrhoeal Disease,0.0,31.07,48.18,46.0
2018-02-05,Karnataka,Haveri,Acute Diarrhoeal Disease,0.0,31.25,48.13,26.0
2018-02-06,Telangana,Medak,Acute Diarrhoeal Disease,0.0,33.66,47.41,172.0
2018-02-07,Arunachal Pradesh,East Kameng,Acute Diarrhoeal Disease,70.55,10.53,88.34,17.0
2018-02-07,Gujarat,Vadodara,Acute Diarrhoeal Disease,0.03,31.83,47.98,203.0
2018-02-09,Karnataka,Shimoga,Cholera,0.17,32.76,47.85,54.0
2018-02-10,Tamil Nadu,Salem,Acute Diarrhoeal Disease,37.04,32.11,76.02,48.0
2018-02-11,Andhra Pradesh,Chittoor,Acute Diarrhoeal Disease,9.34,31.08,57.73,42.0
2018-02-14,Karnataka,Gadag,Acute Diarrhoeal Disease,3.55,36.75,50.19,27.0
2018-02-15,Karnataka,Shimoga,Acute Diarrhoeal Disease,3.18,32.34,51.13,12.0
2018-02-16,Tamil Nadu,Tiruvallur,Dengue,0.48,32.53,48.25,17.0
2018-02-16,Telangana,Sangareddy,Acute Diarrhoeal Disease,2.47,32.71,50.28,19.0
2018-02-17,Himachal Pradesh,Mandi,Acute Diarrhoeal Disease,39.66,13.3,82.58,25.0
2018-02-18,Tamil Nadu,Tiruchirapalli,Chikungunya,1.35,35.58,48.24,23.0
2018-02-18,Tamil Nadu,Virudhunagar,Dengue,0.11,34.76,47.18,15.0
2018-02-19,Puducherry,Karaikal,Acute Diarrhoeal Disease,2.08,31.87,50.12,18.0
2018-02-21,Andhra Pradesh,Kurnool,Acute Diarrhoeal Disease,0.01,35.96,46.72,27.0
2018-02-21,Maharashtra,Nashik,Dengue,0.01,34.54,47.15,4.0
2018-02-23,Tripura,North Tripura,Acute Diarrhoeal Disease,0.01,23.95,50.33,96.0
2018-02-26,Tamil Nadu,Dindigul,Chikungunya,0.11,35.29,47.03,36.0
2018-02-28,Tripura,North Tripura,Acute Diarrhoeal Disease,4.98,25.36,55.09,9.0
2018-03-03,Gujarat,Surat,Acute Diarrhoeal Disease,0.19,34.94,47.22,77.0
2018-03-04,Andhra Pradesh,Guntur,Acute Diarrhoeal Disease,0.01,38.81,45.87,168.0
2018-03-05,Tamil Nadu,Madurai,Chikungunya,0.77,42.14,45.67,49.0
2018-03-06,Andhra Pradesh,Guntur,Acute Diarrhoeal Disease,0.01,38.75,45.88,1987.0
2018-03-06,Karnataka,Ballari,Acute Diarrhoeal Disease,0.01,39.49,45.66,23.0
2018-03-06,Karnataka,Yadgiri,Acute Diarrhoeal Disease,0.01,39.49,45.66,23.0
2018-03-07,Gujarat,Banaskantha,Acute Diarrhoeal Disease,0.01,35.49,46.86,23.0
2018-03-08,Gujarat,Navsari,Acute Diarrhoeal Disease,0.0,35.26,46.93,27.0
2018-03-08,Odisha,Kalahandi,Acute Diarrhoeal Disease,0.02,35.32,46.92,11.0
2018-03-08,Tamil Nadu,Dindigul,Chikungunya,0.03,40.69,45.32,23.0
2018-03-10,Assam,Jorhat,Cholera,26.2,24.62,73.08,19.0
2018-03-13,Karnataka,Davangere,Chikungunya,0.01,39.53,45.65,48.0
2018-03-13,Kerala,Thrissur,Chikungunya,1.38,31.67,49.45,30.0
2018-03-18,Chhattisgarh,Balod,Acute Diarrhoeal Disease,8.59,35.57,55.66,72.0
2018-03-18,Madhya Pradesh,Morena,Chikungunya,0.21,36.37,46.82,36.0
2018-03-18,Telangana,Nizamabad,Acute Diarrhoeal Disease,5.87,34.09,53.37,158.0
2018-03-18,West Bengal,Howrah,Acute Diarrhoeal Disease,4.5,32.3,52.51,6.0
2018-03-19,Arunachal Pradesh,Dibang Valley,Acute Diarrhoeal Disease,166.85,10.0,89.5,30.0
2018-03-20,Karnataka,Bagalkot,Chikungunya,8.37,41.35,53.71,32.0
2018-03-20,Maharashtra,Hingoli,Dengue,11.81,41.02,57.1,17.0
2018-03-21,Karnataka,Davangere,Acute Diarrhoeal Disease,16.29,37.77,62.04,149.0
2018-03-21,Karnataka,Tumkur,Acute Diarrhoeal Disease,43.99,35.06,77.32,13.0
2018-03-24,Tamil Nadu,Sivaganga,Chikungunya,1.02,41.94,45.99,10.0
2018-03-25,Kerala,Kasaragod,Acute Diarrhoeal Disease,8.89,30.53,57.46,53.0
2018-03-28,Andhra Pradesh,Cuddapah,Acute Diarrhoeal Disease,0.44,36.97,46.87,25.0
2018-03-28,Andhra Pradesh,Guntur,Acute Diarrhoeal Disease,0.95,38.51,46.94,21.0
2018-03-28,Himachal Pradesh,Mandi,Acute Diarrhoeal Disease,2.56,24.24,52.91,25.0
2018-03-28,Kerala,Wayanad,Acute Diarrhoeal Disease,7.33,34.15,54.83,30.0
2018-03-28,Tamil Nadu,Dindigul,Chikungunya,2.17,36.39,48.86,26.0
2018-04-01,Kerala,Cannanore (Kannur),Dengue,5.0,30.78,58.46,41.0
2018-04-02,Gujarat,Narmada,Acute Diarrhoeal Disease,0.01,43.31,44.51,19.0
2018-04-02,Maharashtra,Jalna,Dengue,0.01,48.0,43.11,18.0
2018-04-05,Bihar,Patna,Malaria,4.05,33.04,51.82,5.0
2018-04-05,Maharashtra,Yavatmal,Cholera,0.03,46.74,43.5,4.0
2018-04-05,Tamil Nadu,Ramanathapuram,Chikungunya,5.0,37.25,56.52,20.0
2018-04-06,Andhra Pradesh,Krishna,Acute Diarrhoeal Disease,1.05,32.49,48.86,28.0
2018-04-06,Assam,Kamrup,Acute Diarrhoeal Disease,6.84,28.37,56.08,41.0
2018-04-06,Rajasthan,Pratapgarh,Acute Diarrhoeal Disease,0.0,44.91,44.03,91.0
2018-04-07,Gujarat,Bharuch,Acute Diarrhoeal Disease,0.0,42.93,44.62,40.0
2018-04-07,Himachal Pradesh,Kullu,Acute Diarrhoeal Disease,1.48,15.62,54.37,23.0
2018-04-07,Tamil Nadu,Dindigul,Chikungunya,0.31,38.39,46.31,85.0
2018-04-08,Goa,South Goa,Acute Diarrhoeal Disease,0.26,32.73,47.95,22.0
2018-04-08,Tamil Nadu,Thanjavur,Acute Diarrhoeal Disease,0.72,40.0,46.25,68.0
2018-04-10,Kerala,Ernakulam,Dengue,20.08,30.63,67.17,37.0
2018-04-12,Karnataka,Tumkur,Acute Diarrhoeal Disease,0.33,36.94,46.77,92.0
2018-04-13,Andhra Pradesh,Guntur,Acute Diarrhoeal Disease,1.11,38.33,47.17,19.0
2018-04-13,Karnataka,Bijapur,Chikungunya,7.33,43.14,52.13,26.0
2018-04-13,Kerala,Thrissur,Dengue,31.02,30.37,73.97,9.0
2018-04-13,Maharashtra,Sangli,Acute Diarrhoeal Disease,4.94,40.78,50.41,47.0
2018-04-14,Maharashtra,Pune,Chikungunya,1.84,44.59,46.05,18.0
2018-04-15,Assam,Lakhimpur,Acute Diarrhoeal Disease,140.62,29.48,83.64,28.0
2018-04-15,Telangana,Jogulamba Gadwal,Chikungunya,0.45,42.7,45.16,56.0
2018-04-17,Maharashtra,Ahmednagar,Dengue,2.18,42.54,47.03,16.0
2018-04-17,Maharashtra,Akola,Cholera,1.1,46.76,44.62,13.0
2018-04-17,Maharashtra,Nashik,Chikungunya,0.33,43.97,44.65,66.0
2018-04-18,West Bengal,Purulia,Acute Diarrhoeal Disease,5.38,35.16,52.56,41.0
2018-04-19,Madhya Pradesh,Rajgarh,Dengue,0.53,47.85,43.7,24.0
2018-04-19,Tamil Nadu,Dindigul,Chikungunya,20.37,36.95,65.49,22.0
2018-04-20,Rajasthan,Banswara,Acute Diarrhoeal Disease,0.04,46.37,43.63,52.0
2018-04-20,Tamil Nadu,Tirupattur,Acute Diarrhoeal Disease,2.72,37.22,49.18,13.0
2018-04-21,Gujarat,Dahod,Acute Diarrhoeal Disease,0.04,48.0,43.14,23.0
2018-04-21,Maharashtra,Latur,Acute Diarrhoeal Disease,7.54,46.72,51.27,120.0
2018-04-22,Gujarat,Navsari,Acute Diarrhoeal Disease,0.01,39.15,45.76,22.0
2018-04-22,West Bengal,Purulia,Acute Diarrhoeal Disease,0.8,37.25,47.16,42.0
2018-04-23,Chhattisgarh,Balodabazar,Acute Diarrhoeal Disease,1.33,43.82,45.75,81.0
2018-04-23,Kerala,Idukki,Acute Diarrhoeal Disease,35.26,29.08,76.24,25.0
2018-04-23,Madhya Pradesh,Khargone,Acute Diarrhoeal Disease,0.01,48.0,43.11,46.0
2018-04-23,Tamil Nadu,Ramanathapuram,Chikungunya,5.0,38.19,56.24,23.0
2018-04-24,Punjab,Mansa,Acute Diarrhoeal Disease,1.23,37.03,47.68,460.0
2018-04-25,Karnataka,Bijapur,Chikungunya,0.09,45.15,44.06,49.0
2018-04-26,Kerala,Malappuram,Dengue,104.54,31.97,82.78,39.0
2018-04-26,Maharashtra,Nanded,Acute Diarrhoeal Disease,0.01,48.0,43.11,56.0
2018-04-26,Tamil Nadu,Ariyalur,Acute Diarrhoeal Disease,0.21,41.26,45.34,6.0
2018-04-26,Uttarakhand,Rudraprayag,Acute Diarrhoeal Disease,16.32,23.26,66.41,9.0
2018-04-26,West Bengal,Malda,Acute Diarrhoeal Disease,4.14,31.45,52.39,61.0
2018-04-27,Himachal Pradesh,Mandi,Acute Diarrhoeal Disease,3.63,26.87,53.23,27.0
2018-04-27,Manipur,Chandel,Acute Diarrhoeal Disease,8.51,30.51,57.09,7.0
2018-04-28,Chhattisgarh,Balod,Acute Diarrhoeal Disease,1.52,40.01,47.1,30.0
2018-04-28,Chhattisgarh,Durg,Acute Diarrhoeal Disease,1.18,42.66,45.94,22.0
2018-04-28,Gujarat,Junagadh,Chikungunya,0.03,48.0,43.13,48.0
2018-04-28,Karnataka,Kalaburagi,Chikungunya,0.11,48.0,43.21,22.0
2018-04-28,Kerala,Kannur,Dengue,5.0,29.48,58.85,32.0
2018-04-28,Maharashtra,Yavatmal,Acute Diarrhoeal Disease,0.01,48.0,43.11,6.0
2018-04-28,Tamil Nadu,Perambalur,Acute Diarrhoeal Disease,0.51,41.69,45.53,8.0
2018-05-02,Tamil Nadu,Thoothukudi,Acute Diarrhoeal Disease,6.16,41.82,51.35,15.0
2018-05-02,Tamil Nadu,Tiruvarur,Acute Diarrhoeal Disease,1.9,37.46,48.25,57.0
2018-05-03,Assam,Dhubri,Acute Diarrhoeal Disease,128.43,27.29,84.28,12.0
2018-05-03,Karnataka,Bidar,Acute Diarrhoeal Disease,0.04,48.0,43.14,22.0
2018-05-03,Maharashtra,Palghar,Acute Diarrhoeal Disease,0.05,40.01,45.54,19.0
2018-05-03,Odisha,Koraput,Acute Diarrhoeal Disease,9.13,35.34,56.25,20.0
2018-05-04,Assam,Kamrup,Acute Diarrhoeal Disease,81.74,27.64,83.69,11.0
2018-05-05,Jharkhand,East Singhbhum,Acute Diarrhoeal Disease,66.39,31.52,81.76,17.0
2018-05-05,Maharashtra,Nashik,Chikungunya,0.02,45.9,43.75,137.0
2018-05-07,Assam,Hailakandi,Acute Diarrhoeal Disease,128.08,26.37,84.56,16.0
2018-05-07,Kerala,Pathanamthitta,Dengue,91.66,27.07,84.09,38.0
2018-05-08,Himachal Pradesh,Kangra,Acute Diarrhoeal Disease,56.11,27.2,82.01,397.0
2018-05-08,Maharashtra,Amravati,Acute Diarrhoeal Disease,0.01,48.0,43.11,21.0
2018-05-08,Tamil Nadu,Madurai,Chikungunya,23.08,41.31,66.09,26.0
2018-05-11,Maharashtra,Osmanabad,Dengue,0.25,45.64,44.07,11.0
2018-05-11,Maharashtra,Satara,Chikungunya,0.15,45.21,44.09,9.0
2018-05-12,Jharkhand,Bokaro,Acute Diarrhoeal Disease,1.68,38.27,47.78,112.0
2018-05-12,Kerala,Kasaragod,Dengue,65.04,28.32,82.62,11.0
2018-05-14,Maharashtra,Satara,Acute Diarrhoeal Disease,1.42,46.02,45.18,88.0
2018-05-15,Kerala,Ernakulam,Acute Diarrhoeal Disease,108.46,29.14,83.65,37.0
2018-05-15,Maharashtra,Chandrapur,Dengue,1.66,45.03,45.74,77.0
2018-05-16,Karnataka,Kalaburagi,Acute Diarrhoeal Disease,7.4,43.88,51.98,39.0
2018-05-17,Maharashtra,Palghar,Acute Diarrhoeal Disease,0.15,37.13,46.52,59.0
2018-05-18,Chhattisgarh,Balodabazar,Acute Diarrhoeal Disease,5.28,39.08,51.27,54.0
2018-05-18,Uttar Pradesh,Chandauli,Acute Diarrhoeal Disease,4.42,38.35,50.61,17.0
2018-05-19,Assam,Nalbari,Acute Diarrhoeal Disease,15.77,26.52,64.97,8.0
2018-05-19,Maharashtra,Sangli,Dengue,7.0,39.81,52.8,14.0
2018-05-19,Maharashtra,Sholapur,Dengue,4.58,41.42,49.85,7.0
2018-05-19,Rajasthan,Sirohi,Acute Diarrhoeal Disease,0.01,38.37,45.99,61.0
2018-05-21,Himachal Pradesh,Solan,Acute Encephalitis Syndrome,3.71,30.14,52.33,4.0
2018-05-21,Jammu and Kashmir,Baramulla,Acute Diarrhoeal Disease,29.55,17.82,76.99,273.0
2018-05-22,Andhra Pradesh,Krishna,Dengue,0.7,32.35,48.53,35.0
2018-05-23,Chhattisgarh,Balodabazar,Acute Diarrhoeal Disease,3.0,38.93,48.96,103.0
2018-05-23,Kerala,Ernakulam,Dengue,88.08,37.14,81.01,39.0
2018-05-23,Maharashtra,Kolhapur,Chikungunya,17.04,37.13,62.84,9.0
2018-05-24,Gujarat,Sabarkantha,Acute Diarrhoeal Disease,0.01,41.3,45.12,60.0
2018-05-25,Haryana,Jind,Acute Diarrhoeal Disease,0.33,42.51,45.09,61.0
2018-05-25,Karnataka,Bangalore,Acute Diarrhoeal Disease,94.32,29.21,83.5,54.0
2018-05-25,Maharashtra,Nanded,Acute Diarrhoeal Disease,1.59,43.19,46.21,34.0
2018-05-26,Gujarat,Sabarkantha,Acute Diarrhoeal Disease,0.01,43.91,44.33,18.0
2018-05-27,Assam,Udalguri,Acute Diarrhoeal Disease,100.17,20.57,86.16,50.0
2018-05-27,Gujarat,Kheda,Acute Diarrhoeal Disease,0.01,45.99,43.71,23.0
2018-05-27,Haryana,Gurugram,Acute Diarrhoeal Disease,0.01,44.77,44.08,52.0
2018-05-28,Assam,Udalguri,Malaria,125.86,37.14,81.32,47.0
2018-05-28,Chhattisgarh,Janjgir,Acute Diarrhoeal Disease,6.7,37.17,53.29,16.0
2018-05-28,Goa,North Goa,Dengue,24.9,32.88,69.8,49.0
2018-05-28,Gujarat,Vadodara,Acute Diarrhoeal Disease,0.01,43.77,44.38,15.0
2018-05-28,Karnataka,Hassan,Chikungunya,69.92,28.42,82.93,15.0
2018-05-28,Karnataka,Haveri,Acute Diarrhoeal Disease,28.16,27.56,73.32,17.0
2018-05-28,Madhya Pradesh,Morena,Dengue,0.01,45.59,43.84,17.0
2018-05-28,Maharashtra,Nashik,Cholera,2.33,39.74,48.02,195.0
2018-05-28,Rajasthan,Dungarpur,Acute Diarrhoeal Disease,0.01,45.86,43.75,10.0
2018-05-28,Tamil Nadu,Tiruchirapalli,Chikungunya,13.8,37.23,60.04,31.0
2018-05-28,West Bengal,Paschim Medinipur,Dengue,35.85,29.93,76.23,1173.0
2018-06-01,Andhra Pradesh,Guntur,Acute Diarrhoeal Disease,1.7,38.92,47.61,35.0
2018-06-01,Kerala,Kasaragod,Dengue,300.0,27.15,84.35,17.0
2018-06-02,Andhra Pradesh,Prakasam,Diarrhea,9.97,38.67,56.07,30.0
2018-06-02,Karnataka,Gadag,Chikungunya,24.08,38.31,67.65,26.0
2018-06-02,Tamil Nadu,Tiruchirapalli,Acute Diarrhoeal Disease,2.97,37.23,49.44,17.0
2018-06-02,West Bengal,West Medinipur,Acute Diarrhoeal Disease,15.17,31.01,63.11,43.0
2018-06-03,Assam,Lakhimpur,Acute Diarrhoeal Disease,56.01,27.7,81.84,49.0
2018-06-03,Chhattisgarh,Janjgir,Acute Diarrhoeal Disease,7.1,37.62,53.56,22.0
2018-06-03,Maharashtra,Parbhani,Acute Diarrhoeal Disease,11.54,43.79,56.01,35.0
2018-06-03,Tamil Nadu,Madurai,Chikungunya,8.34,36.29,55.19,30.0
2018-06-04,Karnataka,Belagavi,Acute Diarrhoeal Disease,70.51,36.12,80.66,32.0
2018-06-04,Maharashtra,Nanded,Acute Diarrhoeal Disease,9.51,40.93,54.94,38.0
2018-06-04,Rajasthan,Pratapgarh,Acute Diarrhoeal Disease,1.62,38.19,47.74,7.0
2018-06-05,Goa,North Goa,Dengue,46.81,31.31,79.13,43.0
2018-06-05,Haryana,Fatehabad,Acute Diarrhoeal Disease,0.07,40.66,45.38,134.0
2018-06-05,Karnataka,Haveri,Chikungunya,37.08,29.39,76.86,13.0
2018-06-05,Karnataka,Ramanagara,Chikungunya,59.53,27.32,82.39,52.0
2018-06-05,Madhya Pradesh,Panna,Acute Diarrhoeal Disease,2.92,42.81,47.71,27.0
2018-06-06,Karnataka,Dharwad,Chikungunya,68.74,37.56,80.12,45.0
2018-06-06,Tamil Nadu,Villupuram,Acute Diarrhoeal Disease,21.89,39.33,65.87,36.0
2018-06-06,West Bengal,Bardhaman,Acute Diarrhoeal Disease,65.29,33.54,81.07,67.0
2018-06-07,Jharkhand,Jamtara,Acute Diarrhoeal Disease,45.52,36.34,77.32,125.0
2018-06-08,Maharashtra,Satara,Dengue,62.8,34.08,80.7,26.0
2018-06-08,Tamil Nadu,Dindigul,Dengue,63.13,37.57,79.68,17.0
2018-06-08,Tamil Nadu,Ramanathapuram,Chikungunya,5.0,40.04,55.68,9.0
2018-06-08,West Bengal,North 24 Parganas,Acute Diarrhoeal Disease,62.08,28.99,82.16,112.0
2018-06-09,Haryana,Fatehabad,Acute Diarrhoeal Disease,0.62,39.16,46.4,81.0
2018-06-10,Bihar,Muzaffarpur,Acute Encephalitis Syndrome,16.87,39.36,62.04,5.0
2018-06-10,Jammu and Kashmir,Udhampur,Acute Diarrhoeal Disease,33.59,25.84,76.52,12.0
2018-06-10,Maharashtra,Kolhapur,Dengue,152.34,35.96,81.7,5.0
2018-06-11,Assam,Jorhat,Malaria,39.06,31.05,77.06,9.0
2018-06-11,Maharashtra,Kolhapur,Dengue,148.34,34.01,82.29,170.0
2018-06-12,Bihar,Vaishali,Acute Diarrhoeal Disease,20.51,40.48,64.53,10.0
2018-06-12,Chhattisgarh,Bemetara,Acute Diarrhoeal Disease,105.13,41.4,79.95,24.0
2018-06-12,Karnataka,Kalaburagi,Acute Diarrhoeal Disease,91.8,41.75,79.69,50.0
2018-06-12,Tamil Nadu,Ariyalur,Acute Diarrhoeal Disease,8.97,39.38,54.88,9.0
2018-06-13,Karnataka,Chikkamagaluru,Acute Diarrhoeal Disease,97.72,35.04,81.79,30.0
2018-06-13,Maharashtra,Kolhapur,Dengue,133.65,26.51,84.52,69.0
2018-06-14,Andhra Pradesh,Guntur,Acute Diarrhoeal Disease,14.08,34.61,61.08,53.0
2018-06-14,Assam,Chirang,Acute Encephalitis Syndrome,65.04,27.2,82.96,1.0
2018-06-14,Assam,Sibsagar,Acute Diarrhoeal Disease,176.64,32.21,82.84,23.0
2018-06-14,Karnataka,Udupi,Malaria,300.0,35.04,81.99,57.0
2018-06-14,Tamil Nadu,Ramanathapuram,Chikungunya,5.0,43.17,54.74,12.0
2018-06-15,Kerala,Kozhikode,Dengue,212.22,35.04,81.99,37.0
2018-06-15,Madhya Pradesh,Khargone,Acute Diarrhoeal Disease,1.03,34.46,48.24,48.0
2018-06-16,Chandigarh,Chandigarh,Acute Diarrhoeal Disease,20.24,35.74,65.76,141.0
2018-06-17,Jharkhand,West Singhbhum,Acute Diarrhoeal Disease,24.47,33.45,69.36,13.0
2018-06-17,Maharashtra,Jalna,Acute Diarrhoeal Disease,1.81,36.14,48.56,62.0
2018-06-18,Assam,Dibrugarh,Dengue,101.55,19.27,86.56,7.0
2018-06-18,Gujarat,Bhavnagar,Acute Diarrhoeal Disease,2.09,37.5,48.45,103.0
2018-06-18,Karnataka,Chikkamagaluru,Dengue,22.4,25.02,70.52,21.0
2018-06-18,Punjab,Ludhiana,Acute Diarrhoeal Disease,13.39,37.8,59.51,75.0
2018-06-18,Punjab,Ludhiana,Acute Diarrhoeal Disease,13.39,37.8,59.51,79.0
2018-06-19,Haryana,Yamuna Nagar,Acute Diarrhoeal Disease,11.12,30.79,59.53,99.0
2018-06-19,Jammu and Kashmir,Kulgam,Acute Diarrhoeal Disease,73.42,22.47,84.91,20.0
2018-06-19,Karnataka,Dharwad,Chikungunya,22.71,34.06,68.01,43.0
2018-06-19,Madhya Pradesh,Barwani,Acute Diarrhoeal Disease,3.85,36.34,50.62,36.0
2018-06-19,Odisha,Koraput,Acute Diarrhoeal Disease,7.75,30.53,56.34,40.0
2018-06-20,Gujarat,Surat,Acute Diarrhoeal Disease,14.77,30.84,62.81,12.0
2018-06-20,Himachal Pradesh,Bilaspur,Dengue,30.01,21.38,76.16,23.0
2018-06-20,Himachal Pradesh,Bilaspur,Dengue,30.01,21.38,76.16,341.0
2018-06-20,Jharkhand,Dhanbad,Acute Diarrhoeal Disease,3.97,34.28,51.37,45.0
2018-06-20,Karnataka,Bijapur,Chikungunya,22.05,35.79,67.04,15.0
2018-06-21,Assam,Nalbari,Acute Encephalitis Syndrome,88.04,13.52,88.09,1.0
2018-06-21,Assam,Udalguri,Malaria,59.68,35.04,80.09,14.0
2018-06-21,Maharashtra,Amravati,Cholera,17.78,43.54,61.52,27.0
2018-06-21,Maharashtra,Kolhapur,Acute Diarrhoeal Disease,37.94,34.15,75.74,45.0
2018-06-21,Tamil Nadu,Theni,Chikungunya,6.69,38.73,52.81,28.0
2018-06-22,Karnataka,Shivamogga,Chikungunya,42.31,29.11,78.64,11.0
2018-06-23,Madhya Pradesh,Bhopal,Cholera,11.14,37.64,57.49,19.0
2018-06-23,Madhya Pradesh,Khargone,Acute Diarrhoeal Disease,28.46,37.04,70.65,34.0
2018-06-25,Madhya Pradesh,Khargone,Acute Diarrhoeal Disease,38.22,35.94,75.3,57.0
2018-06-25,Maharashtra,Palghar,Dengue,196.29,33.31,82.51,10.0
2018-06-25,Maharashtra,Sangli,Dengue,58.13,37.31,79.23,10.0
2018-06-26,Maharashtra,Yavatmal,Cholera,60.43,39.02,78.98,3.0
2018-06-27,Maharashtra,Akola,Acute Diarrhoeal Disease,64.77,43.93,77.91,13.0
2018-06-27,Maharashtra,Amravati,Acute Diarrhoeal Disease,56.47,35.23,79.64,32.0
2018-06-28,Chhattisgarh,Raigarh,Acute Gastroenteritis,66.22,35.04,80.7,49.0
2018-06-28,Madhya Pradesh,Mandla,Acute Diarrhoeal Disease,101.51,36.02,81.54,9.0
2018-06-28,Maharashtra,Bhandara,Acute Encephalitis Syndrome,60.14,38.85,79.0,1.0
2018-06-28,Maharashtra,Thane,Suspected Dengue,146.83,26.75,84.46,16.0
2018-07-01,Maharashtra,Sangli,Dengue,18.76,31.25,65.98,13.0
2018-07-02,Tamil Nadu,Ramanathapuram,Chikungunya,5.0,41.95,55.11,15.0
2018-07-03,Gujarat,Navsari,Acute Diarrhoeal Disease,38.8,26.99,78.18,23.0
2018-07-03,Karnataka,Haveri,Chikungunya,82.48,30.03,83.0,50.0
2018-07-03,Maharashtra,Ahmednagar,Acute Diarrhoeal Disease,20.07,34.08,66.12,82.0
2018-07-04,Gujarat,Vadodara,Cholera,44.68,30.03,79.0,107.0
2018-07-04,Gujarat,Vadodara,Acute Diarrhoeal Disease,44.68,30.03,79.0,26.0
2018-07-04,Himachal Pradesh,Mandi,Acute Diarrhoeal Disease,164.7,20.62,86.31,92.0
2018-07-04,Telangana,Adilabad,Acute Diarrhoeal Disease,31.23,34.36,72.88,17.0
2018-07-05,Himachal Pradesh,Solan,Acute Diarrhoeal Disease,113.15,24.77,84.99,20.0
2018-07-05,Punjab,S.A.S Nagar,Acute Diarrhoeal Disease,44.32,29.62,79.03,18.0
2018-07-05,Tamil Nadu,Madurai,Chikungunya,32.03,37.98,72.17,20.0
2018-07-05,Tamil Nadu,Virudhunagar,Chikungunya,18.96,38.02,64.1,19.0
2018-07-06,Himachal Pradesh,Bilaspur,Dengue,73.25,22.23,84.98,339.0
2018-07-06,Rajasthan,Dholpur,Acute Diarrhoeal Disease,5.58,39.31,51.51,28.0
2018-07-08,Assam,Cachar,Malaria,107.15,30.03,83.38,1.0
2018-07-08,Gujarat,Anand,Cholera,66.9,30.03,82.25,31.0
2018-07-08,Gujarat,Dahod,Cholera,42.78,30.67,78.31,2.0
2018-07-08,Maharashtra,Nashik,Acute Diarrhoeal Disease,107.3,31.74,82.87,75.0
2018-07-08,Telangana,Suryapet,Dengue,40.35,30.03,77.78,14.0
2018-07-09,Goa,South Goa,Dengue,232.31,30.03,83.49,24.0
2018-07-09,Himachal Pradesh,Kangra,Acute Diarrhoeal Disease,78.86,28.03,83.48,56.0
2018-07-09,Himachal Pradesh,Kangra,Acute Diarrhoeal Disease,78.86,28.03,83.48,37.0
2018-07-09,Karnataka,Haveri,Chikungunya,76.27,30.03,82.78,15.0
2018-07-09,Madhya Pradesh,Barwani,Acute Diarrhoeal Disease,58.94,33.45,80.48,138.0
2018-07-09,Punjab,Kapurthala,Acute Diarrhoeal Disease,20.34,33.04,66.64,54.0
2018-07-09,Tamil Nadu,Villupuram - Kallakurichi,Acute Diarrhoeal Disease,3.33,36.33,50.09,22.0
2018-07-10,Jammu and Kashmir,Anantnag,Acute Diarrhoeal Disease,78.96,22.33,85.19,12.0
2018-07-10,Maharashtra,Chandrapur,Dengue,300.0,30.03,83.49,35.0
2018-07-10,Maharashtra,Nagpur,Acute Diarrhoeal Disease,277.37,30.03,83.49,65.0
2018-07-10,Maharashtra,Nashik,Acute Diarrhoeal Disease,102.45,28.53,83.79,61.0
2018-07-10,Nagaland,Dimapur,Dengue,92.56,27.24,84.06,8.0
2018-07-11,Maharashtra,Yavatmal,Acute Diarrhoeal Disease,300.0,30.03,83.49,15.0
2018-07-12,Maharashtra,Nashik,Chikungunya,125.87,30.03,83.45,28.0
2018-07-12,Maharashtra,Raigad,Acute Diarrhoeal Disease,183.92,23.15,85.55,50.0
2018-07-12,Rajasthan,Pali,Acute Diarrhoeal Disease,8.07,36.98,54.72,130.0
2018-07-13,Dadra and Nagar Haveli,Dadra and Nagar Haveli,Cholera,149.4,30.03,83.48,3.0
2018-07-13,Dadra and Nagar Haveli,Dadra and Nagar Haveli,Acute Diarrhoeal Disease,149.4,30.03,83.48,23.0
2018-07-13,Madhya Pradesh,Sehore,Acute Diarrhoeal Disease,150.51,30.93,83.21,24.0
2018-07-13,Tamil Nadu,Madurai,Chikungunya,1.74,37.23,48.15,64.0
2018-07-13,West Bengal,Nadia,Dengue,37.33,27.21,77.6,419.0
2018-07-14,Gujarat,Dahod,Cholera,88.09,30.03,83.14,1.0
2018-07-14,Gujarat,Narmada,Acute Diarrhoeal Disease,103.37,30.03,83.35,31.0
2018-07-14,Gujarat,Vadodara,Cholera,70.71,30.03,82.5,15.0
2018-07-14,Maharashtra,Gadchiroli,Malaria,267.67,30.03,83.49,15.0
2018-07-14,Odisha,Kalahandi,Acute Diarrhoeal Disease,98.29,30.03,83.3,9.0
2018-07-14,Punjab,Ferozepur,Acute Diarrhoeal Disease,15.8,31.2,63.59,59.0
2018-07-14,Punjab,Moga,Acute Diarrhoeal Disease,37.84,31.13,76.61,7.0
2018-07-14,West Bengal,Murshidabad,Dengue,37.02,26.88,77.58,241.0
2018-07-15,Gujarat,Morbi,Acute Diarrhoeal Disease,16.76,40.97,61.46,46.0
2018-07-15,Uttar Pradesh,Shravasti,Acute Diarrhoeal Disease,69.6,30.03,82.43,35.0
2018-07-16,Madhya Pradesh,Khargone,Acute Diarrhoeal Disease,153.83,30.03,83.48,38.0
2018-07-16,Tamil Nadu,Salem,Chikungunya,37.26,29.33,76.94,45.0
2018-07-17,Himachal Pradesh,Solan,Dengue,79.54,19.0,86.21,47.0
2018-07-17,Madhya Pradesh,Khargone,Acute Diarrhoeal Disease,131.38,30.03,83.46,33.0
2018-07-17,Madhya Pradesh,Mandla,Acute Diarrhoeal Disease,120.17,29.25,83.67,4.0
2018-07-17,Tamil Nadu,Sivaganga,Chikungunya,19.55,37.23,64.79,20.0
2018-07-18,Madhya Pradesh,Tikamgarh,Acute Diarrhoeal Disease,119.11,33.19,82.49,78.0
2018-07-18,Maharashtra,Chandrapur,Acute Diarrhoeal Disease,198.72,30.03,83.49,22.0
2018-07-19,Jharkhand,West Singhbhum,Acute Diarrhoeal Disease,43.19,30.03,78.61,12.0
2018-07-19,Tamil Nadu,Dindigul,Acute Diarrhoeal Disease,23.65,36.51,67.91,56.0
2018-07-20,Gujarat,Kheda,Acute Diarrhoeal Disease,146.78,17.29,87.3,18.0
2018-07-20,Punjab,Ludhiana,Cholera,101.76,29.99,83.35,66.0
2018-07-21,Punjab,Hoshiarpur,Cholera,100.35,29.64,83.44,355.0
2018-07-22,Punjab,Ludhiana,Cholera,142.36,29.3,83.7,75.0
2018-07-23,Gujarat,Porbandar,Acute Diarrhoeal Disease,126.46,30.03,83.46,26.0
2018-07-23,Maharashtra,Amravati,Acute Diarrhoeal Disease,37.31,30.03,76.75,9.0
2018-07-24,Bihar,Munger,Acute Diarrhoeal Disease,34.05,38.81,72.82,16.0
2018-07-24,Goa,South Goa,Malaria,298.07,30.03,83.49,5.0
2018-07-24,Punjab,Patiala,Acute Diarrhoeal Disease,117.03,30.03,83.43,71.0
2018-07-24,West Bengal,Purulia,Dengue,53.56,30.25,80.72,651.0
2018-07-25,Madhya Pradesh,Burhanpur,Acute Diarrhoeal Disease,61.98,30.03,81.83,10.0
2018-07-26,Haryana,Ambala,Acute Diarrhoeal Disease,111.74,29.13,83.68,21.0
2018-07-26,Telangana,Khammam,Chikungunya,49.59,30.03,80.09,40.0
2018-07-26,West Bengal,Purulia,Acute Diarrhoeal Disease,62.48,30.03,81.88,57.0
2018-07-27,Madhya Pradesh,Satna,Malaria,142.94,30.03,83.48,15.0
2018-07-27,Tamil Nadu,Pudukkottai,Dengue,4.2,36.23,51.02,73.0
2018-07-27,Tamil Nadu,Thanjavur,Acute Diarrhoeal Disease,3.71,40.05,49.37,10.0
2018-07-27,Telangana,Karimnagar,Chikungunya,34.15,30.03,75.5,31.0
2018-07-28,Haryana,Kurukshetra,Acute Diarrhoeal Disease,102.99,27.5,84.11,11.0
2018-07-28,Madhya Pradesh,Panna,Acute Diarrhoeal Disease,110.7,30.03,83.4,23.0
2018-07-28,Punjab,Jalandhar,Acute Diarrhoeal Disease,91.07,27.33,84.01,10.0
2018-07-28,Tamil Nadu,Tiruvarur,Acute Diarrhoeal Disease,9.07,36.19,55.94,270.0
2018-07-28,West Bengal,Purulia,Dengue,90.24,30.03,83.18,16.0
2018-08-01,Madhya Pradesh,Hoshangabad,Acute Diarrhoeal Disease,15.06,28.11,63.88,14.0
2018-08-02,Himachal Pradesh,Bilaspur,Dengue,40.8,24.03,79.72,416.0
2018-08-02,Jharkhand,East Singhbhum,Acute Diarrhoeal Disease,112.39,28.11,83.98,47.0
2018-08-02,Tamil Nadu,Madurai,Chikungunya,13.7,38.55,59.56,120.0
2018-08-03,Bihar,Aurangabad,Acute Diarrhoeal Disease,244.54,28.11,84.07,7.0
2018-08-03,Bihar,Muzaffarpur,Dengue,114.76,28.11,84.0,10.0
2018-08-03,Delhi,North Delhi,Cholera,6.78,29.79,55.58,12.0
2018-08-03,Jammu and Kashmir,Kupwara,Acute Diarrhoeal Disease,29.6,17.39,77.15,90.0
2018-08-03,Madhya Pradesh,Sehore,Acute Diarrhoeal Disease,6.96,26.51,56.76,22.0
2018-08-03,Tamil Nadu,Thanjavur,Acute Diarrhoeal Disease,12.67,37.18,59.05,15.0
2018-08-03,West Bengal,Murshidabad,Dengue,119.58,28.11,84.01,344.0
2018-08-04,Jharkhand,Bokaro,Acute Diarrhoeal Disease,144.52,28.11,84.05,31.0
2018-08-04,Maharashtra,Nashik,Chikungunya,37.41,26.58,77.82,73.0
2018-08-04,West Bengal,Murshidabad,Dengue,110.72,28.11,83.98,391.0
2018-08-05,Karnataka,Bijapur,Chikungunya,10.91,32.66,58.76,18.0
2018-08-06,Haryana,Kurukshetra,Acute Diarrhoeal Disease,15.33,25.53,64.89,20.0
2018-08-06,Jharkhand,East Singhbhum,Acute Diarrhoeal Disease,119.04,28.11,84.01,43.0
2018-08-06,Karnataka,Bagalkot,Chikungunya,12.4,24.77,62.52,20.0
2018-08-06,Karnataka,Bagalkot,Chikungunya,12.4,24.77,62.52,13.0
2018-08-06,Karnataka,Bengaluru,Chikungunya,6.71,27.37,56.24,22.0
2018-08-06,Maharashtra,Satara,Dengue,10.02,28.92,59.04,39.0
2018-08-06,Tamil Nadu,Virudhunagar- Sivakasi,Chikungunya,4.84,41.35,50.14,44.0
2018-08-06,Uttar Pradesh,Siddharth Nagar,Acute Diarrhoeal Disease,204.87,10.0,89.5,32.0
2018-08-06,West Bengal,Murshidabad,Dengue,114.8,28.11,84.0,532.0
2018-08-06,West Bengal,Paschim Medinipur,Dengue,131.89,28.11,84.04,1430.0
2018-08-08,Jharkhand,Simdega,Acute Diarrhoeal Disease,119.36,28.11,84.01,8.0
2018-08-08,Madhya Pradesh,Panna,Acute Diarrhoeal Disease,30.77,28.11,74.52,25.0
2018-08-09,Madhya Pradesh,Umaria,Acute Diarrhoeal Disease,65.49,28.11,82.72,10.0
2018-08-10,Bihar,Nawada,Acute Diarrhoeal Disease,104.84,26.63,84.38,10.0
2018-08-10,Delhi,North Delhi,Dengue,38.07,33.57,75.96,48.0
2018-08-10,Himachal Pradesh,Bilaspur,Dengue,129.48,19.74,86.55,680.0
2018-08-10,Madhya Pradesh,Chhatarpur,Acute Diarrhoeal Disease,49.02,29.97,80.0,15.0
2018-08-10,Madhya Pradesh,Khargone,Acute Diarrhoeal Disease,23.79,28.11,70.52,165.0
2018-08-10,Madhya Pradesh,Raisen,Acute Diarrhoeal Disease,36.34,16.55,80.43,13.0
2018-08-10,Odisha,Khordha,Acute Diarrhoeal Disease,167.26,29.3,83.71,9.0
2018-08-12,Telangana,Karimnagar,Chikungunya,39.95,27.43,78.43,17.0
2018-08-13,Jammu and Kashmir,Kupwara,Acute Diarrhoeal Disease,38.47,20.21,80.11,42.0
2018-08-13,Karnataka,Chikkaballapura,Chikungunya,30.55,31.31,73.46,15.0
2018-08-13,Maharashtra,Nagpur,Acute Diarrhoeal Disease,88.83,28.11,83.73,24.0
2018-08-13,Maharashtra,Wardha,Dengue,88.83,28.11,83.73,62.0
2018-08-13,Uttar Pradesh,Jaunpur,Acute Diarrhoeal Disease,73.27,24.97,84.16,45.0
2018-08-13,Uttar Pradesh,Siddharth Nagar,Acute Diarrhoeal Disease,70.03,28.52,82.91,10.0
2018-08-13,West Bengal,North 24 Parganas,Acute Diarrhoeal Disease,22.28,27.45,69.7,253.0
2018-08-14,Himachal Pradesh,Bilaspur,Dengue,125.91,22.9,85.59,339.0
2018-08-14,Telangana,Karimnagar,Dengue,53.69,28.11,81.38,6.0
2018-08-14,West Bengal,Paschim Medinipur,Dengue,37.91,28.01,77.57,1568.0
2018-08-16,Jharkhand,Chatra,Acute Diarrhoeal Disease,74.29,28.11,83.26,72.0
2018-08-16,Maharashtra,Satara,Dengue,20.14,28.71,67.79,13.0
2018-08-16,Puducherry,Pondicherry,Chikungunya,27.92,28.11,73.03,27.0
2018-08-17,Jharkhand,Simdega,Acute Diarrhoeal Disease,92.25,25.28,84.64,20.0
2018-08-20,Madhya Pradesh,Gwalior,Cholera,61.78,31.28,81.44,144.0
2018-08-20,Madhya Pradesh,Morena,Cholera,73.39,32.14,82.01,6.0
2018-08-20,Madhya Pradesh,Panna,Acute Diarrhoeal Disease,86.83,30.47,82.98,13.0
2018-08-20,West Bengal,North 24 Parganas,Acute Diarrhoeal Disease,40.42,27.5,78.56,253.0
2018-08-21,Bihar,Munger,Acute Diarrhoeal Disease,75.17,27.14,83.6,85.0
2018-08-21,Madhya Pradesh,Burhanpur,Cholera,99.97,28.11,83.89,16.0
2018-08-21,Madhya Pradesh,Hoshangabad,Acute Diarrhoeal Disease,128.82,28.11,84.04,11.0
2018-08-21,West Bengal,Paschim Medinipur,Dengue,53.45,27.69,81.47,497.0
2018-08-22,Jharkhand,Bokaro,Acute Diarrhoeal Disease,45.06,28.0,79.71,48.0
2018-08-23,Chhattisgarh,Bastar,Dengue,65.05,25.37,83.5,64.0
2018-08-23,Jharkhand,West Singhbhum,Acute Diarrhoeal Disease,33.4,28.56,75.62,21.0
2018-08-23,Madhya Pradesh,Narsinghpur,Acute Diarrhoeal Disease,79.57,28.11,83.48,27.0
2018-08-23,Maharashtra,Amravati,Acute Gastroenteritis,184.45,28.11,84.07,17.0
2018-08-23,Maharashtra,Nagpur,Dengue,136.02,24.97,84.99,18.0
2018-08-23,Telangana,Adilabad,Acute Diarrhoeal Disease,138.3,28.11,84.05,12.0
2018-08-23,Uttar Pradesh,Jaunpur,Acute Diarrhoeal Disease,51.99,28.83,80.89,24.0
2018-08-23,West Bengal,Murshidabad,Dengue,36.37,30.57,76.23,651.0
2018-08-24,Karnataka,Chamarajanagar,Malaria,9.08,26.86,58.75,16.0
2018-08-24,Maharashtra,Satara,Chikungunya,27.49,26.31,73.32,7.0
2018-08-24,Uttarakhand,Haridwar,Acute Diarrhoeal Disease,106.74,28.72,83.77,50.0
2018-08-25,Madhya Pradesh,Morena,Cholera,114.07,28.51,83.87,12.0
2018-08-25,Punjab,Fatehgarh Sahib,Acute Diarrhoeal Disease,31.62,26.24,75.49,52.0
2018-08-27,Madhya Pradesh,Satna,Acute Diarrhoeal Disease,118.48,28.11,84.01,12.0
2018-08-27,Punjab,S.A.S Nagar,Cholera,26.4,26.73,72.57,15.0
2018-08-28,Andhra Pradesh,Prakasam,Acute Diarrhoeal Disease,4.6,36.9,51.23,35.0
2018-08-28,Karnataka,Shimoga,Chikungunya,24.62,22.61,72.71,19.0
2018-08-28,Madhya Pradesh,Shahdol,Acute Diarrhoeal Disease,78.31,28.11,83.44,9.0
2018-08-28,Madhya Pradesh,Shivpuri,Acute Diarrhoeal Disease,76.81,27.59,83.53,15.0
2018-08-28,Madhya Pradesh,Singrauli,Acute Diarrhoeal Disease,66.01,27.68,82.89,4.0
2018-08-28,Maharashtra,Satara,Chikungunya,14.69,29.05,63.28,7.0
2018-08-28,Maharashtra,Satara,Chikungunya,14.69,29.05,63.28,16.0
2018-08-28,Maharashtra,Satara,Chikungunya,20.08,26.03,68.55,7.0
2018-08-28,Odisha,Bolangir,Acute Gastroenteritis,97.63,28.11,83.87,17.0
2018-08-28,Punjab,Ludhiana,Cholera,16.93,26.07,66.07,38.0
2018-08-28,Rajasthan,Pratapgarh,Acute Diarrhoeal Disease,39.73,23.59,79.51,114.0
2018-08-28,Rajasthan,Sikar,Acute Diarrhoeal Disease,26.89,28.24,72.4,10.0
2018-08-28,Tamil Nadu,Sivaganga,Acute Diarrhoeal Disease,7.23,42.1,52.35,11.0
2018-08-28,West Bengal,Nadia,Dengue,35.76,23.75,78.04,465.0
2018-09-01,Maharashtra,Gadchiroli,Acute Diarrhoeal Disease,101.11,28.35,83.83,62.0
2018-09-02,Bihar,Madhubani,Acute Diarrhoeal Disease,76.52,25.33,84.2,15.0
2018-09-02,Chandigarh,Chandigarh,Dengue,32.39,27.81,75.39,18.0
2018-09-02,Gujarat,Surat,Acute Diarrhoeal Disease,26.72,15.64,76.08,54.0
2018-09-02,Maharashtra,Aurangabad,Dengue,16.42,30.79,64.24,4.0
2018-09-03,Uttar Pradesh,Bareilly,Malaria,78.65,29.33,83.08,36904.0
2018-09-04,West Bengal,Paschim Medinipur,Dengue,67.97,28.41,82.81,1430.0
2018-09-05,Goa,North Goa,Acute Diarrhoeal Disease,49.32,24.97,81.56,35.0
2018-09-05,Maharashtra,Sangli,Acute Diarrhoeal Disease,16.25,27.04,65.21,17.0
2018-09-05,Tamil Nadu,Sivaganga,Chikungunya,11.28,34.38,58.59,41.0
2018-09-05,Uttarakhand,Tehri,Dengue,144.98,14.36,88.18,21.0
2018-09-06,Maharashtra,Jalgaon,Cholera,8.16,28.85,57.24,32.0
2018-09-06,Rajasthan,Jhunjhunu,Acute Diarrhoeal Disease,5.83,32.54,53.79,27.0
2018-09-07,Gujarat,Valsad,Acute Diarrhoeal Disease,51.81,24.86,82.05,48.0
2018-09-07,Haryana,Kurukshetra,Acute Diarrhoeal Disease,94.61,28.85,83.61,11.0
2018-09-07,Madhya Pradesh,Shahdol,Acute Diarrhoeal Disease,171.12,28.35,83.99,16.0
2018-09-07,West Bengal,Nadia,Dengue,61.86,27.14,82.69,479.0
2018-09-08,Assam,Sibsagar,Acute Diarrhoeal Disease,56.4,28.23,81.74,19.0
2018-09-08,Tamil Nadu,Pudukkottai,Acute Diarrhoeal Disease,2.75,38.25,48.91,25.0
2018-09-08,Uttar Pradesh,Siddharth Nagar,Acute Diarrhoeal Disease,72.11,28.23,83.12,33.0
2018-09-09,Jammu and Kashmir,Ganderbal,Acute Diarrhoeal Disease,24.51,22.48,72.68,363.0
2018-09-09,West Bengal,Nadia,Dengue,56.33,27.33,82.0,286.0
2018-09-10,West Bengal,Nadia,Dengue,53.19,28.13,81.3,587.0
2018-09-11,Madhya Pradesh,Sheopur,Acute Diarrhoeal Disease,55.47,10.0,87.08,35.0
2018-09-11,Maharashtra,Nagpur,Dengue,60.24,28.46,82.13,52.0
2018-09-11,Odisha,Nayagarh,Acute Diarrhoeal Disease,133.93,28.62,83.89,12.0
2018-09-12,Punjab,Ludhiana,Cholera,60.81,28.79,82.09,12.0
2018-09-14,West Bengal,Nadia,Dengue,29.05,24.83,74.63,419.0
2018-09-15,Bihar,Saran,Acute Diarrhoeal Disease,38.91,27.85,77.96,40.0
2018-09-15,Karnataka,Haveri,Acute Diarrhoeal Disease,0.74,27.53,50.02,18.0
2018-09-15,Sikkim,Gangtok,Acute Diarrhoeal Disease,199.64,10.0,89.5,20.0
2018-09-15,Tamil Nadu,Sivaganga,Chikungunya,34.45,40.23,72.57,29.0
2018-09-17,Assam,Tinsukia,Acute Diarrhoeal Disease,53.66,25.56,82.14,79.0
2018-09-17,Chhattisgarh,Bemetara,Acute Diarrhoeal Disease,1.99,30.77,50.36,107.0
2018-09-17,Maharashtra,Beed,Dengue,2.39,37.23,48.84,10.0
2018-09-17,Telangana,Sangareddy,Acute Diarrhoeal Disease,14.46,32.45,62.06,18.0
2018-09-18,Maharashtra,Nagpur,Dengue,2.26,32.01,50.26,15.0
2018-09-19,Chhattisgarh,Jashpur,Acute Diarrhoeal Disease,31.32,28.5,74.68,14.0
2018-09-19,Tamil Nadu,Tiruppur,Chikungunya,10.94,38.87,56.93,22.0
2018-09-21,Punjab,Patiala,Acute Diarrhoeal Disease,0.38,28.09,49.47,19.0
2018-09-21,West Bengal,South 24 Parganas,Dengue,57.99,29.52,81.55,728.0
2018-09-22,Karnataka,Bagalkot,Acute Diarrhoeal Disease,25.38,35.68,69.26,38.0
2018-09-23,Chhattisgarh,Bastar,Dengue,128.22,25.74,84.75,23.0
2018-09-23,Jharkhand,West Singhbhum,Acute Diarrhoeal Disease,43.04,28.49,79.03,12.0
2018-09-23,Maharashtra,Pune,Dengue,13.03,31.58,61.05,51.0
2018-09-23,Tamil Nadu,Vellore,Acute Diarrhoeal Disease,26.68,31.07,71.43,21.0
2018-09-24,Bihar,Jamui,Acute Diarrhoeal Disease,45.58,30.64,79.04,33.0
2018-09-24,Karnataka,Chamarajanagar,Dengue,6.57,31.86,54.75,24.0
2018-09-24,Uttar Pradesh,Kannauj,Acute Diarrhoeal Disease,17.95,30.8,65.48,39.0
2018-09-25,Assam,Barpeta,Acute Diarrhoeal Disease,54.43,28.0,81.53,32.0
2018-09-25,Jharkhand,Dhanbad,Dengue,43.12,29.07,78.88,38.0
2018-09-26,Karnataka,Kalaburagi,Chikungunya,12.73,32.9,60.39,28.0
2018-09-28,Assam,Karbi-Anglong,Dengue,49.81,27.57,80.87,18.0
2018-09-28,Maharashtra,Satara,Dengue,16.1,34.75,62.78,64.0
2018-09-28,Punjab,Hoshiarpur,Cholera,300.0,26.78,84.47,22.0
2018-09-28,Tamil Nadu,Virudhunagar,Acute Diarrhoeal Disease,54.66,39.12,78.22,45.0
2018-10-02,Assam,Darrang,Acute Diarrhoeal Disease,39.53,23.26,79.55,11.0
2018-10-02,Maharashtra,Pune,Chikungunya,32.82,31.8,74.39,33.0
2018-10-03,Uttar Pradesh,Kannauj,Acute Diarrhoeal Disease,0.28,32.4,48.07,111.0
2018-10-04,Kerala,Malappuram,Dengue,151.5,27.47,84.25,50.0
2018-10-04,Maharashtra,Pune,Dengue,34.36,30.78,75.36,51.0
2018-10-05,Maharashtra,Nashik,Dengue,20.0,31.02,66.99,14.0
2018-10-06,Madhya Pradesh,Rewa,Malaria,0.32,34.8,47.4,91.0
2018-10-08,Bihar,Muzaffarpur,Dengue,6.13,30.45,54.73,47.0
2018-10-08,Chhattisgarh,Korba,Acute Diarrhoeal Disease,0.33,30.98,48.55,41.0
2018-10-10,Rajasthan,Bikaner,Dengue,0.01,44.66,44.11,9.0
2018-10-11,Bihar,Munger,Acute Diarrhoeal Disease,5.95,29.11,54.95,13.0
2018-10-11,Rajasthan,Alwar,Acute Diarrhoeal Disease,3.52,34.66,50.78,107.0
2018-10-11,Rajasthan,Ganganagar,Dengue,4.74,32.72,52.63,126.0
2018-10-12,Nagaland,Mokokchung,Dengue,23.89,26.41,71.1,1.0
2018-10-13,Bihar,Muzaffarpur,Acute Diarrhoeal Disease,33.71,28.68,75.71,4.0
2018-10-15,Maharashtra,Amravati,Acute Diarrhoeal Disease,0.0,37.17,46.35,17.0
2018-10-16,Bihar,Siwan,Dengue,10.33,27.74,59.69,134.0
2018-10-16,Punjab,Gurdaspur,Acute Diarrhoeal Disease,6.63,26.46,56.43,40.0
2018-10-18,Himachal Pradesh,Kullu,Acute Diarrhoeal Disease,3.33,12.98,57.09,17.0
2018-10-19,Maharashtra,Nandurbar,Cholera,0.01,36.63,46.52,43.0
2018-10-19,Uttar Pradesh,Auraiya,Dengue,0.12,31.59,48.15,103.0
2018-10-22,Chhattisgarh,Bastar,Dengue,0.1,30.68,48.4,5.0
2018-10-24,Rajasthan,Sri Ganganagar,Dengue,0.17,33.35,47.68,190.0
2018-10-25,Madhya Pradesh,Guna,Dengue,0.2,39.48,45.86,10.0
2018-10-25,Maharashtra,Amravati,Dengue,0.1,37.8,46.26,17.0
2018-10-25,Maharashtra,Sholapur,Dengue,1.1,40.43,46.53,16.0
2018-10-25,Maharashtra,Thane,Acute Diarrhoeal Disease,8.74,32.82,56.63,30.0
2018-10-26,Telangana,Rangareddy,Acute Diarrhoeal Disease,1.13,33.9,48.52,27.0
2018-10-26,West Bengal,Birbhum,Cholera,0.18,29.68,48.78,49.0
2018-10-27,Maharashtra,Gadchiroli,Malaria,0.53,30.21,49.0,114.0
2018-10-27,Telangana,Nizamabad,Acute Diarrhoeal Disease,0.85,32.34,48.69,27.0
2018-10-28,Assam,Golaghat,Acute Diarrhoeal Disease,8.96,26.84,58.64,35.0
2018-10-28,Madhya Pradesh,Bhind,Chikungunya,0.04,33.15,47.6,45.0
2018-10-28,Maharashtra,Nashik,Dengue,0.25,34.97,47.27,27.0
2018-10-28,Maharashtra,Nashik,Chikungunya,0.23,34.89,47.28,30.0
2018-10-28,Maharashtra,Sholapur,Dengue,0.8,38.89,46.67,7.0
2018-10-28,Maharashtra,Yavatmal,Acute Diarrhoeal Disease,0.1,33.57,47.54,45.0
2018-10-28,Puducherry,Puducherry,Chikungunya,2.06,29.77,50.73,32.0
2018-10-28,West Bengal,Rampurhat,Cholera,0.18,29.27,48.91,102.0
2018-11-01,Kerala,Kottayam,Acute Diarrhoeal Disease,11.75,29.92,60.38,24.0
2018-11-02,Assam,Marigaon,Malaria,3.69,28.19,52.91,7.0
2018-11-02,Maharashtra,Amravati,Acute Diarrhoeal Disease,0.03,35.46,46.89,17.0
2018-11-02,Maharashtra,Kolhapur,Acute Diarrhoeal Disease,0.01,34.49,47.16,34.0
2018-11-02,West Bengal,Birbhum,Cholera,1.15,28.59,50.13,117.0
2018-11-05,Andhra Pradesh,Srikakulam,Acute Diarrhoeal Disease,3.25,29.13,52.16,36.0
2018-11-05,Maharashtra,Kolhapur,Acute Diarrhoeal Disease,2.3,33.11,49.98,71.0
2018-11-06,Odisha,Keonjhar,Acute Diarrhoeal Disease,5.57,26.67,55.29,7.0
2018-11-07,Karnataka,Tumkur,Malaria,9.55,29.28,58.48,21.0
2018-11-08,Telangana,Nizamabad,Dengue,1.69,31.94,49.69,591.0
2018-11-09,Odisha,Bhadrak,Acute Diarrhoeal Disease,6.46,29.76,55.27,14.0
2018-11-14,Kerala,Wayanad,Acute Diarrhoeal Disease,4.95,26.13,54.82,12.0
2018-11-14,Madhya Pradesh,Rewa,Acute Diarrhoeal Disease,0.0,30.52,48.35,10.0
2018-11-15,Telangana,Nizamabad,Acute Diarrhoeal Disease,0.01,33.71,47.39,27.0
2018-11-16,Karnataka,Kalaburagi,Chikungunya,0.01,39.16,45.76,33.0
2018-11-16,Karnataka,Raichur,Dengue,0.01,38.43,45.98,12.0
2018-11-17,Karnataka,Belagavi,Acute Diarrhoeal Disease,0.01,33.5,47.46,10.0
2018-11-24,Tripura,Khowai,Acute Diarrhoeal Disease,0.21,25.95,49.94,15.0
2018-11-26,Assam,Barpeta,Acute Diarrhoeal Disease,0.11,24.76,50.18,14.0
2018-11-26,Chhattisgarh,Bastar,Dengue,0.01,28.53,48.95,5.0
2018-11-26,Maharashtra,Nagpur,Acute Diarrhoeal Disease,0.0,33.39,47.48,91.0
2018-11-26,Puducherry,Puducherry & Karaikal,Dengue,70.38,26.61,83.51,49.0
2018-11-28,Bihar,Purnia,Dengue,0.0,27.01,49.4,32.0
2018-11-28,Jharkhand,Dhanbad,Dengue,0.0,28.39,48.99,10.0
2018-11-28,Jharkhand,Godda,Dengue,0.0,28.54,48.94,16.0
2018-11-28,Madhya Pradesh,Damoh,Acute Diarrhoeal Disease,0.0,29.09,48.78,18.0
2018-11-28,Maharashtra,Akola,Dengue,0.01,34.06,47.29,14.0
2018-12-01,Andhra Pradesh,Srikakulam,Acute Diarrhoeal Disease,0.01,28.24,49.04,39.0
2018-12-03,Tamil Nadu,Dharmapuri,Chikungunya,4.08,28.2,53.31,22.0
2018-12-06,Karnataka,Kalaburagi,Chikungunya,0.79,33.79,48.19,37.0
2018-12-09,Bihar,Nalanda,Acute Diarrhoeal Disease,0.0,24.76,50.07,65.0
2018-12-10,Chhattisgarh,Bastar,Dengue,0.52,28.24,49.57,5.0
2018-12-11,Maharashtra,Akola,Dengue,1.94,30.79,50.3,8.0
2018-12-12,Tripura,Agartala,Acute Diarrhoeal Disease,0.0,25.04,49.99,102.0
2018-12-15,Uttarakhand,Nainital,Acute Diarrhoeal Disease,2.04,15.57,54.96,9.0
2018-12-20,Karnataka,Davangere,Chikungunya,0.04,29.1,48.81,32.0
2018-12-23,Karnataka,Chikkaballapura,Acute Diarrhoeal Disease,0.18,31.01,48.38,17.0
2018-12-24,Kerala,Wayanad,Acute Diarrhoeal Disease,29.34,25.82,74.48,70.0
2018-12-25,Karnataka,Shivamogga,Acute Diarrhoeal Disease,0.06,30.53,48.4,170.0
2018-12-25,Punjab,S.A.S Nagar,Acute Diarrhoeal Disease,0.01,17.37,52.3,12.0
2018-12-25,Tamil Nadu,Tiruvarur,Malaria,53.09,26.04,81.91,31.0
2018-12-26,Chhattisgarh,Raigarh,Acute Diarrhoeal Disease,0.01,22.4,50.79,25.0
2018-12-26,Kerala,Kasaragod,Acute Diarrhoeal Disease,6.51,28.02,55.84,49.0
2018-12-26,Maharashtra,Sindhudurg,Acute Diarrhoeal Disease,0.01,29.24,48.74,11.0
2018-12-28,Karnataka,Haveri,Acute Diarrhoeal Disease,0.47,27.83,49.64,25.0
2019-01-01,Gujarat,Mahesana,Acute Diarrhoeal Disease,0.01,24.86,50.05,12.0
2019-01-03,Karnataka,Haveri,Acute Diarrhoeal Disease,0.03,27.69,49.22,13.0
2019-01-03,Tamil Nadu,Salem,Chikungunya,7.57,28.41,56.8,83.0
2019-01-04,Dadra and Nagar Haveli,Dadra and Nagar Haveli,Cholera,0.01,30.92,48.23,6.0
2019-01-04,Tamil Nadu,Dharmapuri,Dengue,2.92,29.98,51.57,37.0
2019-01-04,Tamil Nadu,Dharmapuri,Dengue And Chikungunya,2.92,29.98,51.57,11.0
2019-01-06,Assam,Jorhat,Dengue,2.07,20.45,53.54,12.0
2019-01-07,Maharashtra,Gadchiroli,Malaria,0.0,27.09,49.38,3.0
2019-01-10,Gujarat,Anand,Acute Diarrhoeal Disease,0.01,25.6,49.83,75.0
2019-01-10,Puducherry,Puducherry,Acute Diarrhoeal Disease,0.1,28.85,48.95,17.0
2019-01-14,Meghalaya,West Khasi Hills,Acute Diarrhoeal Disease,3.08,18.37,55.21,108.0
2019-01-15,Maharashtra,Thane,Dengue,0.01,31.37,48.09,9.0
2019-01-20,Haryana,Ambala,Acute Diarrhoeal Disease,0.14,16.12,52.81,15.0
2019-01-20,Odisha,Koraput,Acute Diarrhoeal Disease,0.01,26.53,49.55,11.0
2019-01-22,Karnataka,Hassan,Acute Diarrhoeal Disease,0.01,32.31,47.82,28.0
2019-01-23,Haryana,Yamuna Nagar,Acute Diarrhoeal Disease,53.02,18.26,84.23,45.0
2019-01-23,West Bengal,Birbhum,Acute Diarrhoeal Disease,0.01,24.67,50.11,51.0
2019-01-24,Karnataka,Bagalkot,Chikungunya,0.01,35.02,47.0,33.0
2019-01-24,Karnataka,Tumkur,Chikungunya,0.01,32.19,47.85,137.0
2019-01-24,Meghalaya,Jaintia Hills,Acute Diarrhoeal Disease,0.29,19.89,51.84,28.0
2019-01-27,Odisha,Jagatsinghpur,Acute Diarrhoeal Disease,0.39,28.99,49.21,21.0
2019-01-28,Andhra Pradesh,Visakhapatnam,Acute Diarrhoeal Disease,1.02,28.31,50.08,23.0
2019-01-28,Rajasthan,Jaipur,Acute Diarrhoeal Disease,0.2,20.3,51.62,100.0
2019-01-28,Uttar Pradesh,Bareilly,Malaria,36.76,18.37,80.04,2102.0
2019-02-01,Karnataka,Dakshina Kannada,Acute Diarrhoeal Disease,0.07,29.24,48.8,27.0
2019-02-04,Meghalaya,East Khasi Hills,Acute Diarrhoeal Disease,11.57,20.27,63.1,54.0
2019-02-05,Tamil Nadu,Pudukottai,Chikungunya,2.52,31.38,50.73,25.0
2019-02-05,Tamil Nadu,Ramanathapuram,Chikungunya,5.0,33.14,57.75,21.0
2019-02-06,Goa,North Goa,Acute Diarrhoeal Disease,0.0,29.73,48.58,19.0
2019-02-06,Meghalaya,West Garo Hills,Acute Diarrhoeal Disease,0.0,21.96,50.92,14.0
2019-02-06,Odisha,Angul,Acute Diarrhoeal Disease,0.01,26.49,49.56,14.0
2019-02-11,Karnataka,Udupi,Dengue,0.43,31.91,48.37,8.0
2019-02-12,Punjab,S.A.S Nagar,Acute Diarrhoeal Disease,70.55,17.04,86.39,8.0
2019-02-13,Kerala,Pathanamthitta,Acute Diarrhoeal Disease,23.12,28.88,69.85,6.0
2019-02-14,Tamil Nadu,Madurai,Acute Diarrhoeal Disease,10.71,34.32,58.08,41.0
2019-02-15,Tamil Nadu,Thoothukudi,Acute Diarrhoeal Disease,20.13,35.38,65.78,34.0
2019-02-17,Tamil Nadu,Erode,Chikungunya,0.42,36.23,47.07,22.0
2019-02-18,Karnataka,Dakshina Kannada,Acute Diarrhoeal Disease,0.04,33.37,47.53,13.0
2019-02-18,Tamil Nadu,Ariyalur,Chikungunya,1.82,34.51,49.06,15.0
2019-02-19,Tamil Nadu,Villupuram,Chikungunya,3.01,30.43,51.52,39.0
2019-02-22,Karnataka,Belagavi,Acute Diarrhoeal Disease,0.03,38.17,46.09,37.0
2019-02-23,Tamil Nadu,Karur,Chikungunya,0.69,38.83,46.57,12.0
2019-02-26,Telangana,Nalgonda,Dengue,0.02,39.04,45.81,59.0
2019-02-27,Andhra Pradesh,Visakhapatnam,Acute Diarrhoeal Disease,0.16,35.65,46.97,133.0
2019-02-27,Maharashtra,Kolhapur,Dengue,0.02,39.27,45.73,7.0
2019-03-03,Tamil Nadu,Erode,Chikungunya,2.0,38.53,48.04,31.0
2019-03-04,Himachal Pradesh,Mandi,Acute Diarrhoeal Disease,57.98,12.76,86.58,126.0
2019-03-05,Tamil Nadu,Ramanathapuram,Chikungunya,5.0,35.45,57.06,19.0
2019-03-07,Assam,Dima Hasao,Acute Diarrhoeal Disease,5.27,24.56,55.62,9.0
2019-03-07,Himachal Pradesh,Kangra,Acute Diarrhoeal Disease,37.5,15.12,81.29,225.0
2019-03-11,Assam,Jorhat,Acute Diarrhoeal Disease,22.39,21.21,71.65,35.0
2019-03-11,Karnataka,Tumkur,Chikungunya,0.02,39.79,45.59,49.0
2019-03-11,Odisha,Koraput,Acute Diarrhoeal Disease,0.54,33.24,48.09,13.0
2019-03-11,Tamil Nadu,Tiruvarur,Acute Diarrhoeal Disease,1.5,36.62,48.08,263.0
2019-03-12,Tamil Nadu,Nagapattinam,Acute Diarrhoeal Disease,1.49,35.63,48.37,166.0
2019-03-12,Tamil Nadu,Trichy,Chikungunya,0.65,39.48,46.34,23.0
2019-03-13,Punjab,Hoshiarpur,Cholera,21.78,22.99,70.69,98.0
2019-03-14,Chhattisgarh,Rajnandgaon,Acute Diarrhoeal Disease,1.3,34.27,48.59,13.0
2019-03-14,Karnataka,Yadgiri,Chikungunya,0.01,43.76,44.38,20.0
2019-03-14,Kerala,Pathanamthitta,Malaria,18.97,29.38,66.7,3.0
2019-03-15,Karnataka,Chitradurga,Dengue,0.03,40.47,45.39,18.0
2019-03-16,Karnataka,Hassan,Chikungunya,0.33,38.28,46.36,15.0
2019-03-18,Tamil Nadu,Ramanathapuram,Chikungunya,5.0,37.71,56.38,25.0
2019-03-25,Jharkhand,Khunti,Chikungunya,1.66,31.32,49.85,23.0
2019-03-26,Tamil Nadu,Tirunelveli,Dengue,2.21,38.06,48.4,35.0
2019-03-27,Goa,North Goa,Dengue,0.03,34.83,47.09,5.0
2019-03-27,Tamil Nadu,Madurai,Chikungunya,0.62,43.51,45.09,39.0
2019-03-28,Karnataka,Haveri,Dengue,4.26,34.04,51.74,65.0
2019-03-28,Karnataka,Mysuru,Acute Diarrhoeal Disease,0.47,40.71,45.78,61.0
2019-03-28,Maharashtra,Ratnagiri,Acute Diarrhoeal Disease,0.28,36.98,46.7,45.0
2019-03-28,Telangana,Mahabubnagar,Chikungunya,0.01,44.86,44.05,46.0
2019-03-28,Uttarakhand,Almora,Acute Diarrhoeal Disease,16.1,21.79,66.67,28.0
2019-04-01,Chhattisgarh,Durg,Acute Diarrhoeal Disease,0.13,38.23,46.17,15.0
2019-04-01,Karnataka,Dharwad,Chikungunya,6.62,45.25,50.78,20.0
2019-04-01,Puducherry,Puducherry,Chikungunya,0.09,39.55,45.73,7.0
2019-04-05,West Bengal,Bankura,Acute Diarrhoeal Disease,9.63,36.19,56.48,83.0
2019-04-05,West Bengal,Bishnupur,Acute Diarrhoeal Disease,9.63,36.19,56.48,83.0
2019-04-06,Gujarat,Rajkot,Acute Diarrhoeal Disease,0.01,48.0,43.11,70.0
2019-04-10,Goa,South Goa,Dengue,0.31,34.56,47.45,17.0
2019-04-11,Assam,Dhubri,Malaria,27.64,24.74,73.88,15.0
2019-04-12,Kerala,Kozhikode,Dengue,13.08,38.78,58.94,23.0
2019-04-14,Andhra Pradesh,Kurnool,Acute Diarrhoeal Disease,2.62,44.01,47.04,42.0
2019-04-14,Tamil Nadu,Ariyalur,Acute Diarrhoeal Disease,1.38,40.81,46.71,11.0
2019-04-16,Karnataka,Belagavi,Chikungunya,10.43,43.45,55.08,13.0
2019-04-17,Chhattisgarh,Kanker,Acute Diarrhoeal Disease,4.79,39.61,50.61,104.0
2019-04-18,Punjab,S.A.S Nagar,Acute Diarrhoeal Disease,39.97,33.4,76.65,18.0
2019-04-20,Kerala,Kozhikode,Dengue,29.89,38.78,70.88,20.0
2019-04-20,Madhya Pradesh,Dhar,Acute Diarrhoeal Disease,8.21,46.27,52.07,12.0
2019-04-21,Odisha,Jajpur,Acute Diarrhoeal Disease,6.35,36.29,53.2,16.0
2019-04-22,Assam,Lakhimpur,Acute Diarrhoeal Disease,67.48,27.55,83.04,37.0
2019-04-22,Assam,Sonitpur (Tezpur),Acute Diarrhoeal Disease,32.22,26.95,75.57,22.0
2019-04-22,West Bengal,Nadia,Acute Diarrhoeal Disease,21.6,30.07,68.44,332.0
2019-04-23,Himachal Pradesh,Mandi,Acute Diarrhoeal Disease,39.29,24.92,78.97,74.0
2019-04-24,Karnataka,Raichur,Dengue,0.15,48.0,43.25,7.0
2019-04-25,Assam,Nagaon,Acute Diarrhoeal Disease,7.97,28.91,57.04,20.0
2019-04-26,Assam,Udalguri,Acute Diarrhoeal Disease,3.25,26.15,53.06,52.0
2019-04-26,Chhattisgarh,Janjgir,Acute Diarrhoeal Disease,4.21,38.66,50.3,19.0
2019-04-26,Haryana,Kaithal,Acute Diarrhoeal Disease,4.09,36.74,50.75,28.0
2019-04-27,West Bengal,Rampurhat,Acute Diarrhoeal Disease,12.44,34.11,59.75,72.0
2019-04-28,Assam,Kamrup,Acute Diarrhoeal Disease,37.83,31.4,76.53,13.0
2019-04-28,Kerala,Kannur,Dengue,5.0,33.45,57.66,20.0
2019-04-28,Tamil Nadu,Villupuram - Kallakurichi,Acute Diarrhoeal Disease,0.67,41.71,45.7,22.0
2019-05-01,Kerala,Ernakulam,Dengue,39.52,30.31,77.43,30.0
2019-05-02,Karnataka,Chikkamagaluru,Dengue,17.01,31.27,64.58,45.0
2019-05-03,Odisha,Balangir,Acute Diarrhoeal Disease,2.15,40.91,47.49,17.0
2019-05-04,Assam,Nagaon,Malaria,72.02,28.49,83.04,9.0
2019-05-06,Kerala,Wayanad,Cholera,27.01,29.12,72.21,15.0
2019-05-08,Tamil Nadu,Dindigul - Palani,Acute Diarrhoeal Disease,15.33,31.78,63.02,19.0
2019-05-08,West Bengal,Howrah,Cholera,62.15,31.94,81.28,108.0
2019-05-09,Assam,Dibrugarh,Acute Diarrhoeal Disease,88.97,21.23,85.8,9.0
2019-05-10,Odisha,Kalahandi,Acute Diarrhoeal Disease,0.14,41.15,45.3,27.0
2019-05-13,Chhattisgarh,Rajnandgaon,Acute Diarrhoeal Disease,0.02,45.7,43.81,112.0
2019-05-13,Karnataka,Koppal,Acute Diarrhoeal Disease,0.43,43.59,44.87,49.0
2019-05-13,Maharashtra,Sangli,Chikungunya,0.17,42.81,44.84,10.0
2019-05-14,Andhra Pradesh,Guntur,Acute Diarrhoeal Disease,0.66,41.87,45.63,23.0
2019-05-14,Gujarat,Devbhoomi Dwarka,Chikungunya,0.03,42.89,44.66,5.0
2019-05-18,Kerala,Idukki,Dengue,113.06,27.28,84.24,15.0
2019-05-18,Madhya Pradesh,Khargone,Acute Diarrhoeal Disease,0.1,48.0,43.2,49.0
2019-05-19,Andhra Pradesh,Visakhapatnam,Acute Diarrhoeal Disease,2.53,35.44,49.52,16.0
2019-05-19,Maharashtra,Buldhana,Acute Diarrhoeal Disease,0.01,48.0,43.11,48.0
2019-05-20,Jharkhand,Sahebganj,Acute Diarrhoeal Disease,5.64,32.03,53.76,30.0
2019-05-20,Maharashtra,Raigad,Dengue,0.03,42.25,44.85,24.0
2019-05-21,Assam,Dhubri,Malaria,76.92,25.41,84.19,12.0
2019-05-21,Karnataka,Chikkamagaluru,Dengue,5.26,31.34,53.57,15.0
2019-05-21,Kerala,Ernakulam,Dengue,45.4,30.06,79.17,36.0
2019-05-23,Chhattisgarh,Mahasamund,Acute Diarrhoeal Disease,1.41,44.31,45.68,34.0
2019-05-24,Karnataka,Dharwad,Acute Diarrhoeal Disease,8.21,45.36,52.35,96.0
2019-05-24,Maharashtra,Palghar,Dengue,0.03,41.6,45.05,8.0
2019-05-25,Gujarat,Kheda,Acute Diarrhoeal Disease,0.01,44.44,44.17,55.0
2019-05-27,Jammu and Kashmir,Doda,Acute Diarrhoeal Disease,65.11,17.49,85.87,615.0
2019-05-27,Karnataka,Vijayapur,Acute Diarrhoeal Disease,3.8,42.3,48.78,21.0
2019-05-27,Tamil Nadu,Madurai,Chikungunya,3.96,41.82,49.09,79.0
2019-05-28,Karnataka,Belagavi,Dengue,11.95,41.08,57.21,7.0
2019-05-28,Maharashtra,Sangli,Dengue,0.2,42.76,44.88,12.0
2019-06-01,Assam,Dhemaji,Acute Diarrhoeal Disease,13.44,25.85,63.14,15.0
2019-06-01,Maharashtra,Raigad,Acute Diarrhoeal Disease,0.31,39.95,45.84,53.0
2019-06-02,Assam,Cachar,Acute Diarrhoeal Disease,30.31,28.81,74.08,8.0
2019-06-03,Andhra Pradesh,Visakhapatnam,Dengue,0.51,35.18,47.48,14.0
2019-06-03,Arunachal Pradesh,East Siang,Dengue,78.17,24.12,84.63,15.0
2019-06-03,Arunachal Pradesh,East Siang,Dengue,78.17,24.12,84.63,168.0
2019-06-03,Karnataka,Dakshina Kannada,Dengue,27.51,31.21,71.87,21.0
2019-06-03,Maharashtra,Satara,Dengue,0.05,43.92,44.38,28.0
2019-06-03,Tamil Nadu,Dharmapuri,Dengue,41.94,34.5,76.92,63.0
2019-06-04,Jharkhand,Dumka,Acute Diarrhoeal Disease,26.91,33.27,70.9,67.0
2019-06-04,Karnataka,Hassan,Acute Diarrhoeal Disease,40.23,31.88,77.19,60.0
2019-06-04,Maharashtra,Sangli,Malaria,0.91,39.32,46.66,7.0
2019-06-05,Arunachal Pradesh,Kra Daadi,Acute Diarrhoeal Disease,57.15,25.96,82.51,27.0
2019-06-05,Karnataka,Bangalore Urban,Chikungunya,70.48,32.42,81.77,40.0
2019-06-05,Maharashtra,Chandrapur,Acute Diarrhoeal Disease,0.86,43.72,45.29,142.0
2019-06-05,West Bengal,Basirhat,Acute Diarrhoeal Disease,166.65,27.52,84.24,27.0
2019-06-06,Andaman and Nicobar Islands,Andaman,Acute Diarrhoeal Disease,77.26,28.57,83.26,8.0
2019-06-06,Karnataka,Shimoga,Chikungunya,14.21,34.84,61.12,32.0
2019-06-07,Karnataka,Kolar,Chikungunya,64.59,33.58,81.0,23.0
2019-06-08,Karnataka,Kalaburagi,Acute Diarrhoeal Disease,9.13,43.16,53.9,21.0
2019-06-08,Uttar Pradesh,Auraiya,Acute Diarrhoeal Disease,0.11,39.71,45.7,70.0
2019-06-09,Madhya Pradesh,Dhar,Acute Diarrhoeal Disease,3.12,45.09,47.23,63.0
2019-06-10,Chhattisgarh,Janjgir,Acute Diarrhoeal Disease,0.29,37.15,46.66,24.0
2019-06-10,Delhi,North Delhi,Cholera,6.4,43.49,51.09,4.0
2019-06-10,Kerala,Kannur,Malaria,5.0,30.92,58.42,3.0
2019-06-10,West Bengal,Purulia,Acute Diarrhoeal Disease,13.07,36.27,59.68,25.0
2019-06-11,Karnataka,Kalaburagi,Acute Diarrhoeal Disease,12.95,41.9,57.88,40.0
2019-06-11,Odisha,Angul,Acute Diarrhoeal Disease,40.54,31.1,77.52,8.0
2019-06-12,Chhattisgarh,Surajpur,Acute Diarrhoeal Disease,0.16,42.01,45.07,74.0
2019-06-12,Gujarat,Gandhi Nagar,Cholera,0.01,42.45,44.77,3.0
2019-06-12,Madhya Pradesh,Barwani,Acute Diarrhoeal Disease,3.31,45.42,47.34,31.0
2019-06-12,Madhya Pradesh,Bhind,Acute Diarrhoeal Disease,1.13,44.92,45.21,34.0
2019-06-13,Gujarat,Mahesana,Acute Diarrhoeal Disease,4.76,44.45,49.13,13.0
2019-06-13,Tamil Nadu,The Nilgiris,Acute Diarrhoeal Disease,114.91,28.4,83.91,16.0
2019-06-15,Assam,Dibrugarh,Acute Diarrhoeal Disease,56.6,29.17,81.48,70.0
2019-06-15,Bihar,Jehanabad,Acute Encephalitis Syndrome,2.12,44.83,46.28,4.0
2019-06-15,Jharkhand,East Singhbhum,Dengue,2.64,34.82,49.82,8.0
2019-06-15,Karnataka,Chamarajanagar,Chikungunya,27.9,30.33,72.35,32.0
2019-06-15,Maharashtra,Kolhapur,Dengue,33.21,34.86,73.64,7.0
2019-06-16,Jammu and Kashmir,Poonch,Acute Diarrhoeal Disease,14.77,31.37,62.66,117.0
2019-06-16,Punjab,Patiala,Cholera,2.44,42.06,47.44,141.0
2019-06-16,Tamil Nadu,Dharmapuri,Dengue,6.69,35.67,53.73,52.0
2019-06-17,Chhattisgarh,Raipur,Acute Diarrhoeal Disease,10.78,44.65,55.04,39.0
2019-06-17,Karnataka,Hassan,Dengue,14.56,28.47,63.35,11.0
2019-06-17,Kerala,Kasaragod,Dengue,189.73,28.35,83.99,19.0
2019-06-17,Kerala,Wayanad,Dengue,56.63,26.38,82.32,17.0
2019-06-18,Karnataka,Haveri,Dengue,48.27,25.33,81.24,33.0
2019-06-18,Tripura,Gomati,Malaria,38.64,28.57,77.66,190.0
2019-06-19,Andhra Pradesh,Chittoor,Acute Diarrhoeal Disease,1.86,36.97,48.36,35.0
2019-06-20,Karnataka,Chikkaballapura,Chikungunya,9.33,34.04,56.84,45.0
2019-06-20,Madhya Pradesh,Nimach,Acute Diarrhoeal Disease,57.7,42.13,77.73,123.0
2019-06-20,Maharashtra,Sangli,Acute Diarrhoeal Disease,10.25,30.64,58.74,58.0
2019-06-21,Chhattisgarh,Rajnandgaon,Acute Diarrhoeal Disease,15.7,42.23,60.19,39.0
2019-06-22,Arunachal Pradesh,East Siang,Dengue,169.85,14.49,88.15,158.0
2019-06-22,Arunachal Pradesh,East Siang,Dengue,169.85,14.49,88.15,158.0
2019-06-23,Bihar,Munger,Acute Encephalitis Syndrome,41.63,32.72,77.36,2.0
2019-06-23,Kerala,Ernakulam,Dengue,135.38,28.95,83.79,24.0
2019-06-23,West Bengal,Burdwan,Acute Diarrhoeal Disease,139.68,34.3,82.2,40.0
2019-06-24,Chhattisgarh,Kawardha,Acute Diarrhoeal Disease,21.34,43.86,64.12,10.0
2019-06-24,Gujarat,Ahmedabad,Acute Diarrhoeal Disease,16.22,36.02,62.5,34.0
2019-06-24,Maharashtra,Gadchiroli,Acute Diarrhoeal Disease,54.61,43.14,77.01,11.0
2019-06-25,Jharkhand,West Singhbhum,Malaria,40.37,33.13,76.86,49.0
2019-06-26,Bihar,Jehanabad,Acute Diarrhoeal Disease,29.07,42.39,69.37,10.0
2019-06-26,Karnataka,Bangalore Rural,Dengue,37.79,33.23,75.96,27.0
2019-06-26,Madhya Pradesh,Datia,Acute Diarrhoeal Disease,7.55,41.4,52.87,17.0
2019-06-26,Maharashtra,Raigad,Dengue,47.89,32.66,78.96,15.0
2019-06-26,Maharashtra,Ratnagiri,Acute Diarrhoeal Disease,80.89,30.6,82.78,26.0
2019-06-26,Odisha,Ganjam,Acute Diarrhoeal Disease,5.0,30.84,58.44,19.0
2019-06-26,Punjab,Muktsar,Acute Diarrhoeal Disease,9.35,35.79,56.33,12.0
2019-06-26,Tamil Nadu,Dharmapuri,Chikungunya,13.41,38.23,59.4,39.0
2019-06-27,Bihar,Muzaffarpur,Dengue,32.67,30.25,74.78,67.0
2019-06-27,Madhya Pradesh,Jabalpur,Acute Diarrhoeal Disease,15.63,40.93,60.53,29.0
2019-06-27,Uttar Pradesh,Mathura,Acute Diarrhoeal Disease,3.73,41.19,49.04,194.0
2019-06-28,Andhra Pradesh,Kadapa,Acute Diarrhoeal Disease,22.76,40.79,66.03,282.0
2019-06-28,Andhra Pradesh,Vizianagaram,Acute Diarrhoeal Disease,11.62,32.99,59.34,14.0
2019-06-28,Himachal Pradesh,Mandi,Acute Diarrhoeal Disease,22.38,29.82,69.06,104.0
2019-06-28,Himachal Pradesh,Solan,Acute Diarrhoeal Disease,39.92,29.88,77.69,46.0
2019-06-28,Jharkhand,East Singhbhum,Malaria,24.86,31.0,70.34,44.0
2019-06-28,Kerala,Kasaragod,Malaria,208.23,24.75,85.07,5.0
2019-06-28,Maharashtra,Satara,Dengue,46.18,34.15,78.13,6.0
2019-06-28,Maharashtra,Thane,Suspected Dengue,75.1,36.11,80.9,5.0
2019-06-28,Odisha,Keonjhar,Acute Diarrhoeal Disease,18.85,30.64,66.23,13.0
2019-06-28,Puducherry,Mahe,Dengue,85.63,27.56,83.82,4.0
2019-07-01,Andhra Pradesh,Kadapa,Dengue,28.35,40.79,69.46,6.0
2019-07-01,Maharashtra,Thane,Dengue,268.54,34.44,82.17,5.0
2019-07-01,Punjab,Moga,Acute Diarrhoeal Disease,6.55,35.81,53.54,13.0
2019-07-02,Karnataka,Bangalore Rural,Dengue And Chikungunya,8.7,35.12,55.9,28.0
2019-07-02,Karnataka,Bengaluru,Dengue,7.22,33.61,54.88,13.0
2019-07-02,Telangana,Wanaparthy,Dengue,47.71,35.67,78.02,19.0
2019-07-03,Maharashtra,Bhandara,Acute Encephalitis Syndrome,107.14,40.27,80.31,4.0
2019-07-03,Uttar Pradesh,Jalaun,Acute Diarrhoeal Disease,8.1,40.02,53.84,47.0
2019-07-04,Chhattisgarh,Janjgir,Acute Diarrhoeal Disease,243.32,31.29,83.11,72.0
2019-07-04,Telangana,Mahabubnagar,Chikungunya,47.0,30.03,79.55,26.0
2019-07-05,Kerala,Alappuzha,Acute Diarrhoeal Disease,59.65,25.71,82.89,94.0
2019-07-05,Kerala,Idukki,Chikungunya,73.08,26.16,83.79,10.0
2019-07-05,Tamil Nadu,Erode,Dengue,6.37,36.76,53.08,19.0
2019-07-06,Maharashtra,Sindhudurg,Malaria,189.86,30.03,83.49,1.0
2019-07-06,Odisha,Angul,Acute Diarrhoeal Disease,274.38,13.89,88.33,14.0
2019-07-06,Tamil Nadu,Tiruvallur,Acute Diarrhoeal Disease,5.14,39.73,50.94,11.0
2019-07-07,Arunachal Pradesh,East Siang,Acute Diarrhoeal Disease,158.93,20.87,86.23,21.0
2019-07-07,Arunachal Pradesh,East Siang,Chikungunya,158.93,20.87,86.23,77.0
2019-07-07,Arunachal Pradesh,East Siang,Chikungunya,158.93,20.87,86.23,83.0
2019-07-07,Arunachal Pradesh,East Siang,Chikungunya,158.93,20.87,86.23,77.0
2019-07-07,Madhya Pradesh,Raisen,Acute Diarrhoeal Disease,229.86,30.03,83.49,16.0
2019-07-08,Karnataka,Haveri,Dengue,97.62,26.26,84.42,63.0
2019-07-08,Maharashtra,Amravati,Acute Diarrhoeal Disease,200.43,30.03,83.49,16.0
2019-07-08,Rajasthan,Baran,Acute Diarrhoeal Disease,183.38,34.85,82.04,59.0
2019-07-09,Uttar Pradesh,Kanpur (Dehat),Acute Diarrhoeal Disease,101.05,38.75,80.71,153.0
2019-07-10,Chhattisgarh,Balod,Acute Diarrhoeal Disease,91.99,30.03,83.21,65.0
2019-07-10,Chhattisgarh,Balodabazar,Acute Diarrhoeal Disease,67.96,30.03,82.32,47.0
2019-07-10,Karnataka,Chikkaballapur,Dengue,12.38,31.67,60.43,17.0
2019-07-10,Karnataka,Udupi,Malaria,300.0,27.31,84.31,13.0
2019-07-10,West Bengal,Midnapore East,Acute Diarrhoeal Disease,90.0,26.63,84.2,22.0
2019-07-11,Rajasthan,Pratapgarh,Acute Diarrhoeal Disease,164.05,26.47,84.56,90.0
2019-07-12,Assam,Sonitpur (Tezpur),Dengue,300.0,30.03,83.49,8.0
2019-07-12,West Bengal,Purulia,Cholera,79.25,30.03,82.89,31.0
2019-07-13,Bihar,Nalanda,Acute Diarrhoeal Disease,164.43,30.03,83.49,33.0
2019-07-13,Gujarat,Vadodara,Acute Diarrhoeal Disease,18.3,31.73,65.47,20.0
2019-07-14,Chhattisgarh,Janjgir,Acute Diarrhoeal Disease,54.42,29.93,80.95,13.0
2019-07-14,Karnataka,Dharwad,Chikungunya,82.06,31.9,82.42,12.0
2019-07-14,Madhya Pradesh,Jabalpur,Acute Diarrhoeal Disease,52.22,30.57,80.41,8.0
2019-07-15,Karnataka,Haveri,Acute Diarrhoeal Disease,107.05,30.03,83.38,54.0
2019-07-15,Maharashtra,Gadchiroli,Acute Diarrhoeal Disease,19.87,35.13,65.66,24.0
2019-07-15,Maharashtra,Latur,Dengue,50.99,36.25,78.49,28.0
2019-07-15,Rajasthan,Jhalawar,Acute Diarrhoeal Disease,2.34,33.25,49.98,25.0
2019-07-16,Karnataka,Davanagere,Dengue,48.23,29.31,80.03,32.0
2019-07-16,Karnataka,Uttara Kannada,Acute Diarrhoeal Disease,168.55,30.03,83.49,20.0
2019-07-16,Odisha,Bolangir,Acute Diarrhoeal Disease,40.0,30.77,77.45,30.0
2019-07-16,Uttar Pradesh,Aligarh,Acute Diarrhoeal Disease,13.84,26.71,63.24,75.0
2019-07-17,Jammu and Kashmir,Kupwara,Acute Diarrhoeal Disease,15.75,19.86,66.95,21.0
2019-07-17,Uttarakhand,Dehradun,Acute Diarrhoeal Disease,115.77,22.82,85.59,29.0
2019-07-18,Punjab,Hoshiarpur,Acute Diarrhoeal Disease,56.98,22.79,83.44,11.0
2019-07-18,Punjab,Jalandhar,Suspected Cholera,71.36,30.03,82.54,6.0
2019-07-19,Maharashtra,Palghar,Acute Diarrhoeal Disease,30.4,28.87,74.11,9.0
2019-07-20,Jharkhand,Dumka,Acute Diarrhoeal Disease,18.6,32.38,65.52,16.0
2019-07-20,Maharashtra,Thane,Dengue,38.56,27.17,78.05,61.0
2019-07-20,Punjab,Gurdaspur,Cholera,37.56,27.02,77.74,2.0
2019-07-20,Uttar Pradesh,Gonda,Acute Diarrhoeal Disease,56.15,30.32,81.07,19.0
2019-07-21,Chhattisgarh,Balodabazar,Acute Diarrhoeal Disease,30.93,37.27,71.86,47.0
2019-07-22,Bihar,Muzaffarpur,Dengue,42.55,32.77,77.61,10.0
2019-07-22,Chhattisgarh,Durg,Acute Diarrhoeal Disease,49.79,34.98,78.65,40.0
2019-07-22,Karnataka,Dharwad,Chikungunya,66.16,35.97,80.41,6.0
2019-07-22,Karnataka,Dharwad,Chikungunya,66.16,35.97,80.41,9.0
2019-07-22,Karnataka,Mandya,Dengue,50.58,34.17,79.04,19.0
2019-07-22,Karnataka,Raichur,Dengue,27.07,37.39,69.76,4.0
2019-07-24,Gujarat,Kheda,Acute Diarrhoeal Disease,17.66,38.74,62.86,18.0
2019-07-24,Gujarat,Navsari,Cholera,17.96,31.14,65.38,25.0
2019-07-24,Karnataka,Chikkaballapur,Dengue,90.01,30.13,83.15,28.0
2019-07-24,Punjab,S.A.S Nagar,Acute Diarrhoeal Disease,28.37,30.98,72.41,24.0
2019-07-25,Assam,Marigaon,Acute Diarrhoeal Disease,101.2,27.28,84.15,31.0
2019-07-25,Delhi,North Delhi,Cholera,87.48,33.49,82.09,5.0
2019-07-25,Rajasthan,Baran,Acute Diarrhoeal Disease,18.92,39.92,63.5,61.0
2019-07-25,Uttar Pradesh,Ghazipur,Acute Diarrhoeal Disease,107.18,35.82,81.64,12.0
2019-07-26,Tamil Nadu,Thiruvalluvar,Acute Diarrhoeal Disease,64.06,35.12,80.5,43.0
2019-07-26,Uttar Pradesh,Firozabad,Acute Diarrhoeal Disease,120.59,38.36,80.94,32.0
2019-07-27,Karnataka,Chikkaballapur,Dengue,70.67,30.03,82.5,8.0
2019-07-28,Karnataka,Dharwad,Dengue,48.88,30.03,79.95,10.0
2019-07-28,Maharashtra,Satara,Dengue,41.56,30.03,78.15,6.0
2019-07-28,Manipur,Imphal East,Dengue,75.94,25.95,83.99,29.0
2019-07-28,Rajasthan,Pali,Acute Diarrhoeal Disease,124.1,29.66,83.56,15.0
2019-07-28,Telangana,Medchal,Acute Diarrhoeal Disease,54.89,34.13,79.75,13.0
2019-07-28,Uttar Pradesh,Sitapur,Malaria,96.72,30.03,83.28,344.0
2019-08-01,Bihar,West Champaran,Acute Diarrhoeal Disease,57.05,28.11,81.86,15.0
2019-08-01,Uttar Pradesh,Gonda,Acute Diarrhoeal Disease,62.91,30.69,81.72,12.0
2019-08-01,Uttarakhand,Nainital,Dengue,48.07,30.19,79.74,492.0
2019-08-02,Jammu and Kashmir,Doda,Dengue,127.73,15.88,87.7,435.0
2019-08-02,Jammu and Kashmir,Jammu and Kashmir,Dengue,198.25,22.94,85.62,435.0
2019-08-02,Karnataka,Uttara Kannada,Acute Diarrhoeal Disease,129.66,27.49,84.22,43.0
2019-08-02,Uttar Pradesh,Bareilly,Dengue,43.27,30.93,78.36,16.0
2019-08-03,Assam,Tinsukia,Acute Diarrhoeal Disease,94.14,28.61,83.67,10.0
2019-08-03,Maharashtra,Pune,Dengue,249.77,28.11,84.07,82.0
2019-08-03,Punjab,S.A.S Nagar,Acute Diarrhoeal Disease,70.07,30.7,82.26,10.0
2019-08-05,Chhattisgarh,Rajnandgaon,Acute Diarrhoeal Disease,110.86,28.11,83.98,61.0
2019-08-05,Maharashtra,Nagpur,Acute Diarrhoeal Disease,134.5,28.11,84.05,12.0
2019-08-06,Chhattisgarh,Dhamtari,Acute Diarrhoeal Disease,85.07,28.11,83.64,15.0
2019-08-06,Karnataka,Chikkaballapur,Acute Diarrhoeal Disease,16.37,32.39,63.71,71.0
2019-08-06,Karnataka,Tumkur,Dengue,20.77,33.19,66.91,14.0
2019-08-06,Madhya Pradesh,Datia,Acute Diarrhoeal Disease,62.45,32.33,81.19,20.0
2019-08-07,Chhattisgarh,Bastar,Dengue,193.84,28.11,84.07,74.0
2019-08-07,Madhya Pradesh,Datia,Acute Diarrhoeal Disease,68.83,32.33,81.69,7.0
2019-08-07,Tamil Nadu,Madurai,Chikungunya,0.42,43.39,44.93,32.0
2019-08-08,Maharashtra,Nagpur,Acute Diarrhoeal Disease,114.15,28.11,83.99,15.0
2019-08-08,Maharashtra,Pune,Dengue,300.0,28.11,84.07,2.0
2019-08-09,Tamil Nadu,Theni,Chikungunya,27.19,28.11,72.61,34.0
2019-08-09,West Bengal,Nadia,Dengue,68.56,28.18,82.92,27.0
2019-08-10,Maharashtra,Satara,Dengue,215.32,28.11,84.07,15.0
2019-08-11,Chhattisgarh,Balodabazar,Acute Diarrhoeal Disease,157.65,26.63,84.51,39.0
2019-08-11,Maharashtra,Palghar,Dengue,209.18,28.11,84.07,143.0
2019-08-11,Odisha,Rayagada,Acute Diarrhoeal Disease,140.9,27.61,84.2,13.0
2019-08-12,Himachal Pradesh,Mandi,Acute Diarrhoeal Disease,104.8,24.47,85.03,59.0
2019-08-12,Himachal Pradesh,Mandi,Acute Diarrhoeal Disease,104.8,24.47,85.03,87.0
2019-08-12,Karnataka,Belagavi,Dengue,248.78,21.81,85.96,14.0
2019-08-12,Maharashtra,Chandrapur,Malaria,76.42,26.89,83.73,83.0
2019-08-12,Uttar Pradesh,Siddharth Nagar,Acute Diarrhoeal Disease,78.24,27.64,83.57,9.0
2019-08-12,West Bengal,Purba Medinipur,Dengue,68.77,30.94,82.11,428.0
2019-08-12,West Bengal,Purba Medinipur,Dengue,68.77,30.94,82.11,464.0
2019-08-13,Bihar,Sheikhpura,Acute Diarrhoeal Disease,64.78,27.29,82.91,18.0
2019-08-13,Chhattisgarh,Janjgir,Acute Diarrhoeal Disease,143.39,24.6,85.11,39.0
2019-08-13,Gujarat,Vadodara,Cholera,255.12,28.11,84.07,11.0
2019-08-13,Maharashtra,Nagpur,Acute Encephalitis Syndrome,168.53,24.17,85.25,1.0
2019-08-14,Odisha,Balasore,Acute Diarrhoeal Disease,66.24,31.06,81.89,18.0
2019-08-14,Uttarakhand,Tehri Garhwal,Acute Diarrhoeal Disease,148.6,13.1,88.56,5.0
2019-08-15,West Bengal,Purulia,Acute Diarrhoeal Disease,58.18,29.06,81.71,35.0
2019-08-16,Chhattisgarh,Kawardha,Acute Diarrhoeal Disease,124.56,28.07,84.04,11.0
2019-08-16,Karnataka,Chikkaballapur,Dengue,32.47,29.41,74.95,40.0
2019-08-16,Maharashtra,Thane,Dengue,114.17,28.11,83.99,4.0
2019-08-16,Maharashtra,Wardha,Acute Encephalitis Syndrome,153.18,24.17,85.24,9.0
2019-08-16,Odisha,Balasore,Acute Diarrhoeal Disease,67.56,30.95,82.02,17.0
2019-08-16,West Bengal,Murshidabad,Dengue,74.16,31.23,82.32,17.0
2019-08-16,West Bengal,Murshidabad,Dengue,74.16,31.23,82.32,480.0
2019-08-17,Karnataka,Tumkur,Suspected Dengue,42.9,28.11,79.11,21.0
2019-08-18,Maharashtra,Chandrapur,Acute Diarrhoeal Disease,54.62,27.44,81.72,84.0
2019-08-18,Maharashtra,Kolhapur,Dengue,16.78,23.69,66.66,2.0
2019-08-18,Odisha,Balasore,Acute Diarrhoeal Disease,152.83,29.71,83.58,8.0
2019-08-18,Odisha,Dhenkanal,Cholera,154.55,27.33,84.29,15.0
2019-08-19,Gujarat,Anand,Acute Diarrhoeal Disease,80.88,28.15,83.51,40.0
2019-08-19,Gujarat,Surat,Acute Diarrhoeal Disease,37.14,25.19,78.14,43.0
2019-08-19,Kerala,Ernakulam,Dengue,154.14,25.59,84.82,15.0
2019-08-19,Rajasthan,Baran,Acute Diarrhoeal Disease,300.0,28.11,84.07,18.0
2019-08-20,Maharashtra,Ahmednagar,Dengue,17.91,36.09,63.86,32.0
2019-08-20,Odisha,Balasore,Acute Diarrhoeal Disease,300.0,27.56,84.23,10.0
2019-08-20,Uttar Pradesh,Gonda,Acute Diarrhoeal Disease,69.8,28.14,83.01,17.0
2019-08-20,Uttarakhand,Rudraprayag,Dengue,236.69,10.0,89.5,20.0
2019-08-21,Chhattisgarh,Janjgir,Acute Diarrhoeal Disease,76.65,27.73,83.48,17.0
2019-08-21,Chhattisgarh,Kawardha,Acute Diarrhoeal Disease,51.73,26.48,81.55,9.0
2019-08-21,Madhya Pradesh,Agar Malwa,Acute Diarrhoeal Disease,300.0,26.92,84.42,221.0
2019-08-21,Maharashtra,Thane,Malaria,40.11,25.98,78.92,7.0
2019-08-21,Telangana,Mahaboobnagar,Dengue,40.99,30.06,77.97,32.0
2019-08-21,Telangana,Mahabubnagar,Dengue And Chikungunya,14.82,31.01,62.81,32.0
2019-08-22,Jharkhand,Giridih,Acute Diarrhoeal Disease,86.36,28.11,83.68,15.0
2019-08-22,Madhya Pradesh,Morena,Malaria,83.78,27.96,83.65,15.0
2019-08-22,Punjab,Fatehgarh Sahib,Acute Diarrhoeal Disease,199.31,26.81,84.46,43.0
2019-08-23,Arunachal Pradesh,Shi-Yomi,Acute Diarrhoeal Disease,63.27,14.88,86.5,95.0
2019-08-23,Bihar,Siwan,Acute Diarrhoeal Disease,102.48,28.82,83.71,9.0
2019-08-23,Nagaland,Kohima,Dengue,25.2,24.76,72.43,2.0
2019-08-23,Uttar Pradesh,Jalaun,Dengue,72.44,29.28,82.82,5.0
2019-08-24,Odisha,Mayurbhanj,Cholera,300.0,27.54,84.24,13.0
2019-08-24,Uttar Pradesh,Budaun,Malaria,87.08,28.52,83.57,360.0
2019-08-25,Arunachal Pradesh,East Kameng,Acute Diarrhoeal Disease,130.14,17.94,87.09,24.0
2019-08-25,Arunachal Pradesh,East Kameng,Acute Diarrhoeal Disease,130.14,17.94,87.09,21.0
2019-08-25,Jharkhand,Ranchi,Acute Diarrhoeal Disease,141.78,28.11,84.05,13.0
2019-08-25,Maharashtra,Kolhapur,Dengue,26.12,30.94,71.13,5.0
2019-08-25,Odisha,Mayurbhanj,Cholera,78.97,27.54,83.63,16.0
2019-08-25,Tripura,Gomati,Acute Diarrhoeal Disease,41.34,28.11,78.66,22.0
2019-08-25,Uttar Pradesh,Kushinagar,Acute Diarrhoeal Disease,147.37,27.55,84.22,25.0
2019-08-26,Jammu and Kashmir,Kupwara,Cholera,15.87,18.56,67.44,246.0
2019-08-26,Karnataka,Chikkaballapur,Acute Diarrhoeal Disease,25.56,28.11,71.64,8.0
2019-08-26,Karnataka,Ramanagara,Acute Diarrhoeal Disease,26.47,28.11,72.19,87.0
2019-08-26,Maharashtra,Ahmednagar,Dengue,10.11,35.98,57.01,40.0
2019-08-26,Rajasthan,Baran,Acute Diarrhoeal Disease,51.79,27.2,81.34,48.0
2019-08-27,Himachal Pradesh,Kangra,Acute Diarrhoeal Disease,46.19,26.05,80.56,122.0
2019-08-27,Himachal Pradesh,Mandi,Acute Diarrhoeal Disease,95.66,24.73,84.86,42.0
2019-08-27,Maharashtra,Satara,Dengue,11.67,32.18,59.62,26.0
2019-08-28,Assam,Darrang (Mangaldoi),Acute Diarrhoeal Disease,67.94,27.3,83.14,7.0
2019-08-28,Assam,Marigaon,Acute Diarrhoeal Disease,41.84,29.58,78.37,16.0
2019-08-28,Jammu and Kashmir,Kupwara,Acute Diarrhoeal Disease,9.76,17.69,62.16,32.0
2019-08-28,Jammu and Kashmir,Kupwara,Acute Diarrhoeal Disease,11.74,16.9,64.27,30.0
2019-08-28,Maharashtra,Kolhapur,Malaria,21.83,31.06,68.31,3.0
2019-08-28,Maharashtra,Nagpur,Dengue,138.18,28.11,84.05,23.0
2019-08-28,Maharashtra,Thane,Dengue,28.49,27.82,73.43,6.0
2019-08-28,Odisha,Bolangir,Acute Diarrhoeal Disease,68.19,27.81,83.01,65.0
2019-08-28,Odisha,Bolangir,Acute Diarrhoeal Disease,68.19,27.81,83.01,19.0
2019-08-28,Odisha,Khurda,Acute Diarrhoeal Disease,135.6,27.65,84.18,16.0
2019-08-28,Punjab,Hoshiarpur,Cholera,15.91,30.07,64.02,72.0
2019-08-28,Tamil Nadu,Virudhunagar- Sivakasi,Dengue,25.05,44.27,66.48,14.0
2019-08-28,Telangana,Adilabad,Acute Diarrhoeal Disease,122.43,31.37,83.04,51.0
2019-08-28,Uttar Pradesh,Chandauli,Acute Diarrhoeal Disease,54.02,27.37,81.65,15.0
2019-08-28,Uttar Pradesh,Chandauli,Acute Diarrhoeal Disease,62.55,26.91,82.82,5.0
2019-08-28,Uttar Pradesh,Kannauj,Acute Diarrhoeal Disease,86.98,27.06,84.0,75.0
2019-09-01,Jammu and Kashmir,Kupwara,Acute Diarrhoeal Disease,32.72,15.8,79.14,29.0
2019-09-01,Jammu and Kashmir,Udhampur,Acute Diarrhoeal Disease,28.73,23.51,74.85,37.0
2019-09-01,Jammu and Kashmir,Udhampur,Acute Diarrhoeal Disease,28.73,23.51,74.85,37.0
2019-09-01,Maharashtra,Pune,Dengue,40.54,28.75,78.23,44.0
2019-09-01,West Bengal,Medinipur West,Acute Diarrhoeal Disease,51.59,29.15,80.72,53.0
2019-09-01,West Bengal,West Medinipur,Acute Diarrhoeal Disease,43.17,29.47,78.77,47.0
2019-09-02,Assam,Tinsukia,Cholera,30.24,29.92,73.72,5.0
2019-09-02,Chhattisgarh,Balrampur,Acute Diarrhoeal Disease,53.33,29.32,80.96,32.0
2019-09-02,Odisha,Rayagada,Acute Diarrhoeal Disease,109.9,28.35,83.9,28.0
2019-09-02,Puducherry,Puducherry,Dengue,14.43,36.8,60.73,32.0
2019-09-03,Jammu and Kashmir,Samba(Jammu and Kashmir),Dengue,19.9,29.91,67.25,15.0
2019-09-03,Jharkhand,West Singhbhum,Malaria,47.56,30.62,79.5,74.0
2019-09-03,Maharashtra,Aurangabad,Dengue,36.51,29.34,76.66,53.0
2019-09-03,Maharashtra,Latur,Dengue,61.87,30.1,81.8,9.0
2019-09-04,Jharkhand,Bokaro,Dengue,43.76,29.82,78.83,8.0
2019-09-04,Madhya Pradesh,Ashok Nagar,Acute Diarrhoeal Disease,69.4,26.33,83.53,19.0
2019-09-04,Sikkim,South Sikkim,Dengue,100.96,13.14,88.4,92.0
2019-09-04,Telangana,Sangareddy,Dengue,90.97,32.31,82.51,60.0
2019-09-05,Maharashtra,Sindhudurg,Dengue,292.34,28.35,84.0,8.0
2019-09-06,Karnataka,Kalaburagi,Malaria,146.06,28.35,83.98,25.0
2019-09-06,Maharashtra,Jalna,Dengue,89.87,28.35,83.68,9.0
2019-09-07,Madhya Pradesh,Satna,Acute Diarrhoeal Disease,77.62,29.08,83.12,13.0
2019-09-07,Maharashtra,Parbhani,Dengue,90.41,28.35,83.69,32.0
2019-09-07,Odisha,Balangir,Acute Diarrhoeal Disease,294.82,28.35,84.0,63.0
2019-09-07,Tamil Nadu,Theni,Chikungunya,4.28,40.75,49.75,43.0
2019-09-09,Karnataka,Dharwad,Dengue,94.8,28.35,83.76,6.0
2019-09-10,Arunachal Pradesh,Upper Subansiri,Acute Diarrhoeal Disease,116.61,10.0,89.44,27.0
2019-09-10,Haryana,Panchkula,Cholera,44.3,27.13,79.78,108.0
2019-09-10,Jharkhand,Deoghar,Acute Diarrhoeal Disease,38.27,26.65,78.1,19.0
2019-09-10,Maharashtra,Osmanabad,Chikungunya,85.62,28.35,83.59,46.0
2019-09-10,Maharashtra,Thane,Dengue,279.17,28.35,84.0,25.0
2019-09-10,Telangana,Sangareddy,Dengue,77.7,21.89,85.28,30.0
2019-09-11,Karnataka,Belagavi,Dengue,139.15,26.03,84.67,14.0
2019-09-11,Karnataka,Kalaburagi,Chikungunya,41.13,28.35,78.53,23.0
2019-09-11,Odisha,Mayurbhanj,Acute Diarrhoeal Disease,86.36,27.39,83.89,11.0
2019-09-12,Arunachal Pradesh,Papum Pare,Acute Diarrhoeal Disease,187.56,28.35,83.99,55.0
2019-09-12,Assam,Karbi-Anglong (Diphu),Acute Diarrhoeal Disease,85.85,25.97,84.31,4.0
2019-09-12,Maharashtra,Aurangabad,Dengue,51.09,28.35,80.88,67.0
2019-09-13,Arunachal Pradesh,Shi-Yomi,Acute Diarrhoeal Disease,127.71,10.0,89.47,125.0
2019-09-13,Bihar,Munger,Dengue,86.64,26.81,84.07,7.0
2019-09-13,Maharashtra,Sangli,Dengue,38.89,27.0,78.21,33.0
2019-09-13,Uttar Pradesh,Sant Kabir Nagar,Acute Diarrhoeal Disease,67.76,27.27,83.14,18.0
2019-09-14,Jharkhand,West Singhbhum,Acute Diarrhoeal Disease,87.08,28.51,83.57,11.0
2019-09-14,Punjab,Hoshiarpur,Cholera,18.01,27.89,66.4,123.0
2019-09-14,Uttar Pradesh,Chandauli,Acute Diarrhoeal Disease,88.03,27.29,83.96,27.0
2019-09-14,Uttarakhand,Haridwar,Acute Diarrhoeal Disease,13.7,26.73,63.11,80.0
2019-09-15,Chhattisgarh,Janjgir,Acute Diarrhoeal Disease,94.61,28.35,83.76,23.0
2019-09-15,Haryana,Kurukshetra,Acute Diarrhoeal Disease,15.38,28.98,63.89,28.0
2019-09-15,Karnataka,Bidar,Chikungunya,15.99,24.34,65.81,44.0
2019-09-16,Chhattisgarh,Janjgir,Acute Diarrhoeal Disease,88.58,27.67,83.86,11.0
2019-09-16,Chhattisgarh,Sukma,Dengue,71.3,27.19,83.39,54.0
2019-09-16,Tamil Nadu,Pudukottai,Dengue,88.83,38.35,80.66,20.0
2019-09-16,Uttar Pradesh,Chandauli,Acute Diarrhoeal Disease,67.59,28.23,82.84,13.0
2019-09-17,Karnataka,Belagavi,Dengue,27.43,24.17,73.93,3.0
2019-09-17,Karnataka,Kalaburgi,Chikungunya,16.66,32.0,64.07,12.0
2019-09-17,Meghalaya,RI-Bhoi (Nongpoh),Acute Diarrhoeal Disease,211.5,23.44,85.47,17.0
2019-09-19,Odisha,Balangir,Acute Diarrhoeal Disease,23.12,27.44,70.28,13.0
2019-09-19,Odisha,Khordha,Acute Diarrhoeal Disease,43.75,28.02,79.36,9.0
2019-09-19,Uttar Pradesh,Chandauli,Acute Diarrhoeal Disease,56.53,28.36,81.71,36.0
2019-09-20,Daman and Diu,Daman and Diu,Dengue,5.0,28.6,59.12,107.0
2019-09-20,Jharkhand,Bokaro,Dengue,28.84,30.56,72.8,6.0
2019-09-20,Maharashtra,Sholapur,Dengue,73.14,37.13,80.5,11.0
2019-09-20,West Bengal,South 24 Parganas,Acute Diarrhoeal Disease,20.94,29.52,68.14,59.0
2019-09-21,Maharashtra,Nandurbar,Dengue,91.05,29.5,83.35,26.0
2019-09-21,Maharashtra,Wardha,Dengue And Chikungunya,68.5,26.95,83.29,12.0
2019-09-21,Tamil Nadu,Tiruvannamalai,Dengue,49.51,32.22,79.42,22.0
2019-09-22,Karnataka,Yadgiri,Chikungunya,45.94,27.62,80.03,9.0
2019-09-23,Andhra Pradesh,Guntur,Acute Diarrhoeal Disease,107.53,29.98,83.4,38.0
2019-09-23,Assam,Karimganj,Acute Encephalitis Syndrome,33.83,30.55,75.21,1.0
2019-09-23,Chhattisgarh,Kawardha,Acute Diarrhoeal Disease,66.51,27.36,83.02,6.0
2019-09-23,Jharkhand,West Singhbhum,Malaria,12.35,29.01,61.21,63.0
2019-09-23,Maharashtra,Raigad,Acute Diarrhoeal Disease,185.71,25.42,84.87,32.0
2019-09-23,Uttar Pradesh,Muzaffarnagar,Dengue,52.71,28.21,81.2,8.0
2019-09-25,Maharashtra,Ahmednagar,Dengue,88.58,28.85,83.5,20.0
2019-09-25,Maharashtra,Amravati,Dengue And Chikungunya,80.97,28.85,83.31,4.0
2019-09-25,Maharashtra,Kolhapur,Dengue,51.17,31.32,80.0,6.0
2019-09-26,Bihar,Muzaffarpur,Acute Diarrhoeal Disease,87.18,28.58,83.55,18.0
2019-09-26,Karnataka,Tumkur,Chikungunya,56.26,26.92,82.11,22.0
2019-09-27,Jammu and Kashmir,Shopian,Acute Diarrhoeal Disease,24.84,22.33,72.93,43.0
2019-09-27,Maharashtra,Jalgaon,Dengue,65.17,27.39,82.91,42.0
2019-09-28,Andhra Pradesh,Kurnool,Acute Diarrhoeal Disease,26.38,28.22,72.1,26.0
2019-09-28,Haryana,Ambala,Acute Diarrhoeal Disease,20.12,27.03,68.27,28.0
2019-09-28,Haryana,Ambala,Cholera,20.12,27.03,68.27,53.0
2019-09-28,Himachal Pradesh,Kullu,Acute Diarrhoeal Disease,31.78,13.08,79.52,51.0
2019-09-28,Karnataka,Tumkur,Chikungunya,45.99,28.65,79.74,31.0
2019-09-28,Maharashtra,Nandurbar,Dengue,86.56,29.71,83.2,26.0
2019-09-28,Maharashtra,Pune,Acute Diarrhoeal Disease,101.27,27.89,83.97,45.0
2019-09-28,Odisha,Bhadrak,Acute Diarrhoeal Disease,141.45,27.47,84.24,14.0
2019-09-28,Odisha,Ganjam,Acute Diarrhoeal Disease,5.0,23.99,60.5,113.0
2019-09-28,Odisha,Kalahandi,Acute Diarrhoeal Disease,86.52,28.98,83.42,32.0
2019-09-28,Puducherry,Pondicherry,Dengue,42.18,29.4,78.52,79.0
2019-09-28,Punjab,S.A.S Nagar,Acute Diarrhoeal Disease,20.12,27.03,68.27,129.0
2019-09-28,Telangana,Sangareddy,Dengue,43.12,27.7,79.29,52.0
2019-09-28,Uttar Pradesh,Farrukhabad,Dengue,39.75,13.73,82.48,29.0
2019-09-28,Uttar Pradesh,Fatehpur,Dengue,91.08,22.12,85.57,6.0
2019-10-01,Manipur,Imphal East,Dengue,46.65,24.84,81.03,14.0
2019-10-01,Uttar Pradesh,Saharanpur,Dengue,54.5,27.34,81.73,21.0
2019-10-02,Karnataka,Ballari,Acute Diarrhoeal Disease,31.7,32.72,73.59,61.0
2019-10-03,Andhra Pradesh,Kurnool,Acute Diarrhoeal Disease,13.15,29.31,61.84,65.0
2019-10-03,Chhattisgarh,Raigarh,Acute Diarrhoeal Disease,191.94,25.41,84.88,50.0
2019-10-03,Punjab,S.A.S Nagar,Acute Diarrhoeal Disease,75.06,26.08,83.91,129.0
2019-10-04,Bihar,Muzaffarpur,Acute Diarrhoeal Disease,300.0,26.53,84.54,6.0
2019-10-04,Jharkhand,West Singhbhum,Malaria,60.17,27.49,82.41,42.0
2019-10-05,Bihar,Araria,Acute Diarrhoeal Disease,207.2,25.5,84.85,36.0
2019-10-06,Bihar,Jehanabad,Acute Diarrhoeal Disease,38.3,27.05,77.99,9.0
2019-10-07,Maharashtra,Chandrapur,Dengue,14.14,29.05,62.8,34.0
2019-10-07,Puducherry,Karaikal,Dengue,7.36,31.21,55.75,78.0
2019-10-08,Karnataka,Chikkaballapur,Chikungunya,85.28,28.45,83.55,19.0
2019-10-08,Karnataka,Chikkaballapur,Chikungunya,85.28,28.45,83.55,26.0
2019-10-09,Andaman and Nicobar Islands,Andaman,Acute Diarrhoeal Disease,14.99,25.76,64.53,30.0
2019-10-09,Bihar,Muzaffarpur,Acute Diarrhoeal Disease,30.13,25.2,75.07,10.0
2019-10-09,Gujarat,Panchmahal,Cholera,6.21,29.41,55.12,1.0
2019-10-09,Karnataka,Chikkaballapur,Dengue,87.28,28.55,83.56,24.0
2019-10-09,Karnataka,Tumkur,Chikungunya,95.61,28.42,83.75,20.0
2019-10-10,Bihar,Jehanabad,Dengue,32.17,27.02,75.52,5.0
2019-10-10,Chhattisgarh,Raigarh,Acute Diarrhoeal Disease,48.08,25.59,81.12,13.0
2019-10-11,Bihar,Saharsa,Acute Diarrhoeal Disease,27.82,26.59,73.43,8.0
2019-10-11,Chhattisgarh,Balrampur,Acute Diarrhoeal Disease,19.06,26.7,67.58,3.0
2019-10-11,Madhya Pradesh,Morena,Acute Diarrhoeal Disease,1.06,30.55,49.45,12.0
2019-10-12,Bihar,Siwan,Dengue,8.37,28.81,57.46,14.0
2019-10-12,Jharkhand,Khunti,Dengue,64.11,24.78,83.6,7.0
2019-10-12,Karnataka,Chikkaballapur,Chikungunya,64.73,27.92,82.71,11.0
2019-10-12,Maharashtra,Ahmednagar,Dengue,51.39,31.0,80.13,27.0
2019-10-13,Bihar,Bhagalpur,Acute Diarrhoeal Disease,40.25,28.1,78.33,13.0
2019-10-13,Chhattisgarh,Bastar,Acute Diarrhoeal Disease,122.85,26.5,84.51,75.0
2019-10-13,Odisha,Jharsuguda,Acute Diarrhoeal Disease,51.61,25.82,81.73,23.0
2019-10-13,Uttar Pradesh,Lalitpur,Acute Diarrhoeal Disease,1.99,30.15,50.54,26.0
2019-10-13,West Bengal,Burdwan,Acute Diarrhoeal Disease,71.7,26.97,83.48,23.0
2019-10-14,Kerala,Ernakulam,Dengue,69.94,29.71,82.55,18.0
2019-10-14,Kerala,Ernakulam,Dengue,69.94,29.71,82.55,18.0
2019-10-14,Maharashtra,Jalgaon,Dengue,3.17,30.95,51.53,26.0
2019-10-14,Maharashtra,Sholapur,Dengue,53.46,33.48,79.74,10.0
2019-10-14,Punjab,S.A.S Nagar,Acute Diarrhoeal Disease,1.48,29.08,50.33,14.0
2019-10-14,Uttar Pradesh,Fatehpur,Dengue,0.74,30.47,49.14,6.0
2019-10-14,West Bengal,Purulia,Acute Diarrhoeal Disease,45.44,27.85,79.85,30.0
2019-10-15,Bihar,Arwal,Dengue,3.99,29.42,52.84,5.0
2019-10-15,Gujarat,Mahesana,Acute Diarrhoeal Disease,1.06,34.68,48.21,250.0
2019-10-16,Karnataka,Chikkaballapur,Chikungunya,39.0,27.85,77.99,15.0
2019-10-16,Karnataka,Kalaburagi,Chikungunya,34.53,30.54,75.51,60.0
2019-10-16,Karnataka,Yadgiri,Chikungunya,37.77,29.24,77.15,48.0
2019-10-16,Tamil Nadu,Perambalur,Dengue,19.3,34.13,65.53,22.0
2019-10-16,Uttar Pradesh,Jalaun,Dengue,0.15,32.23,47.98,15.0
2019-10-17,Gujarat,Surat,Acute Diarrhoeal Disease,1.33,32.58,49.12,88.0
2019-10-17,Maharashtra,Nashik,Cholera,16.75,30.61,64.56,289.0
2019-10-17,Tamil Nadu,Madurai,Chikungunya,35.12,27.51,76.66,80.0
2019-10-18,Haryana,Ambala,Dengue,0.96,28.7,49.9,60.0
2019-10-18,Jharkhand,Saraikela Kharsawan,Acute Diarrhoeal Disease,8.15,28.06,57.47,35.0
2019-10-18,Madhya Pradesh,Ashok Nagar,Acute Diarrhoeal Disease,0.01,32.67,47.71,22.0
2019-10-19,Jharkhand,Godda,Dengue,1.7,30.33,50.19,25.0
2019-10-19,Karnataka,Dharwad,Chikungunya,52.03,27.79,81.21,7.0
2019-10-19,Maharashtra,Kolhapur,Dengue,43.34,29.78,78.73,7.0
2019-10-20,Chhattisgarh,Balodabazar,Acute Diarrhoeal Disease,29.16,28.09,73.7,19.0
2019-10-20,Uttarakhand,Pauri Garhwal,Dengue,16.11,22.05,66.6,8.0
2019-10-21,Delhi,South Delhi,Dengue,5.32,34.55,52.67,12.0
2019-10-22,Assam,Cachar,Malaria,13.66,28.57,62.52,6.0
2019-10-22,Jharkhand,Saraikela Kharsawan,Dengue,31.97,27.95,75.15,7.0
2019-10-22,Karnataka,Tumkur,Dengue And Chikungunya,72.04,27.27,83.4,33.0
2019-10-22,Maharashtra,Sangli,Cholera,80.56,27.91,83.57,111.0
2019-10-22,Tamil Nadu,Cuddalore,Acute Diarrhoeal Disease,92.59,29.26,83.45,49.0
2019-10-23,Uttar Pradesh,Deoria,Acute Diarrhoeal Disease,3.32,28.52,52.42,14.0
2019-10-24,Assam,Dibrugarh,Dengue,31.44,26.56,75.31,1.0
2019-10-24,Jharkhand,West Singhbhum,Acute Diarrhoeal Disease,49.45,28.71,80.46,22.0
2019-10-24,Karnataka,Kalaburagi,Chikungunya,46.43,28.27,79.95,27.0
2019-10-24,Karnataka,Kalaburgi,Acute Diarrhoeal Disease,46.43,28.27,79.95,33.0
2019-10-24,Karnataka,Kalaburgi,Chikungunya,46.43,28.27,79.95,60.0
2019-10-24,Maharashtra,Buldhana,Dengue,83.19,28.47,83.49,98.0
2019-10-24,Maharashtra,Jalgaon,Dengue,55.95,32.59,80.37,8.0
2019-10-24,Punjab,Gurdaspur,Acute Diarrhoeal Disease,1.98,27.34,51.38,10.0
2019-10-25,Maharashtra,Pune,Dengue And Chikungunya,107.8,21.41,85.97,4.0
2019-10-25,Rajasthan,Alwar,Dengue,1.08,31.55,49.17,37.0
2019-10-27,Bihar,Bhabua,Dengue,3.08,27.37,52.52,3.0
2019-10-28,Bihar,Rohtas,Acute Diarrhoeal Disease,2.75,25.03,52.87,25.0
2019-10-28,Bihar,Siwan,Dengue,0.94,24.47,51.15,7.0
2019-10-28,Jharkhand,Ranchi,Dengue And Chikungunya,58.89,26.18,82.66,16.0
2019-10-28,Maharashtra,Sangli,Acute Diarrhoeal Disease,54.56,27.47,81.71,67.0
2019-10-28,Meghalaya,West Khasi Hills,Acute Diarrhoeal Disease,250.8,22.98,85.61,7.0
2019-10-28,Mizoram,Aizawl East,Dengue,36.71,23.92,78.36,53.0
2019-10-28,Odisha,Ganjam,Acute Diarrhoeal Disease,5.0,23.19,60.74,30.0
2019-10-28,Odisha,Jharsuguda,Acute Diarrhoeal Disease,10.76,26.15,60.58,25.0
2019-10-28,Odisha,Jharsuguda,Acute Diarrhoeal Disease,78.83,26.86,83.83,16.0
2019-10-28,Telangana,Sangareddy,Dengue And Chikungunya,32.07,25.71,75.87,34.0
2019-10-28,Telangana,Sangareddy,Dengue,32.07,25.71,75.87,34.0
2019-10-28,Uttar Pradesh,Auraiya,Dengue,0.0,30.7,48.29,209.0
2019-10-28,Uttar Pradesh,Shamli,Dengue,0.22,25.08,50.2,5.0
2019-11-01,Maharashtra,Sangli,Cholera,28.79,27.47,73.69,112.0
2019-11-01,Rajasthan,Alwar,Dengue,0.0,32.29,47.82,60.0
2019-11-01,Tamil Nadu,Madurai,Chikungunya,66.86,24.01,84.05,49.0
2019-11-02,Chhattisgarh,Balod,Acute Diarrhoeal Disease,35.1,26.21,77.04,30.0
2019-11-02,Uttar Pradesh,Farrukhabad,Dengue,0.01,31.01,48.21,12.0
2019-11-03,Kerala,Ernakulam,Dengue,87.34,30.26,83.05,17.0
2019-11-04,Karnataka,Mysuru,Acute Diarrhoeal Disease,37.2,27.44,77.49,58.0
2019-11-04,Karnataka,Mysuru,Acute Diarrhoeal Disease,37.2,27.44,77.49,10.0
2019-11-04,Karnataka,Tumkur,Dengue,38.32,26.63,78.13,15.0
2019-11-04,Karnataka,Tumkur,Dengue,38.32,26.63,78.13,18.0
2019-11-04,Odisha,Angul,Acute Diarrhoeal Disease,3.74,27.62,53.13,32.0
2019-11-05,Karnataka,Uttara Kannada,Cholera,21.79,27.6,69.31,20.0
2019-11-06,Karnataka,Tumkur,Dengue,20.64,27.6,68.49,49.0
2019-11-07,Maharashtra,Bhandara,Acute Diarrhoeal Disease,9.07,28.78,58.16,19.0
2019-11-07,Tamil Nadu,Virudhunagar Sivakasi,Chikungunya,10.81,30.49,59.32,27.0
2019-11-08,Assam,Chirang,Malaria,0.91,24.41,51.13,38.0
2019-11-08,Jharkhand,Saraikela Kharsawan,Acute Diarrhoeal Disease,1.13,26.62,50.7,12.0
2019-11-09,Karnataka,Raichur,Acute Diarrhoeal Disease,11.67,32.02,59.67,15.0
2019-11-10,Assam,Darrang (Mangaldoi),Acute Diarrhoeal Disease,2.32,23.93,52.75,2.0
2019-11-10,Karnataka,Chitradurga,Dengue,13.66,28.64,62.5,17.0
2019-11-10,Odisha,Jajpur,Chikungunya,78.88,25.64,84.2,60.0
2019-11-10,Odisha,Jajpur,Chikungunya,78.88,25.64,84.2,142.0
2019-11-11,Karnataka,Tumkur,Chikungunya,10.59,27.04,60.14,14.0
2019-11-11,Kerala,Trivandrum,Chikungunya,61.3,27.84,82.42,18.0
2019-11-11,Tamil Nadu,Madurai,Chikungunya,36.34,31.59,75.92,26.0
2019-11-11,West Bengal,Medinipur,Acute Diarrhoeal Disease,60.49,24.13,83.45,28.0
2019-11-12,Jharkhand,Godda,Dengue,1.2,28.4,50.24,23.0
2019-11-12,Jharkhand,Godda,Dengue,1.2,28.4,50.24,23.0
2019-11-12,Karnataka,Tumkur,Chikungunya,10.35,26.92,59.96,16.0
2019-11-13,Madhya Pradesh,Ashok Nagar,Acute Diarrhoeal Disease,30.44,29.71,73.88,6.0
2019-11-13,Madhya Pradesh,Raisen,Acute Diarrhoeal Disease,8.0,30.15,56.69,150.0
2019-11-13,Maharashtra,Beed,Dengue,2.36,31.48,50.53,16.0
2019-11-14,Chhattisgarh,Raigarh,Acute Diarrhoeal Disease,0.1,25.63,49.91,74.0
2019-11-15,Tamil Nadu,Madurai,Dengue,23.01,30.93,69.16,40.0
2019-11-15,West Bengal,Hooghly,Acute Diarrhoeal Disease,75.25,27.58,83.47,301.0
2019-11-16,Jharkhand,East Singhbhum,Acute Diarrhoeal Disease,0.36,27.48,49.63,6.0
2019-11-17,Karnataka,Dakshina Kannada,Chikungunya,27.66,29.41,72.49,30.0
2019-11-18,Karnataka,Bengaluru Urban,Chikungunya,8.02,27.16,57.62,46.0
2019-11-18,Karnataka,Kalaburagi,Acute Diarrhoeal Disease,1.36,30.85,49.67,21.0
2019-11-18,Karnataka,Tumkur,Dengue And Chikungunya,11.13,26.96,60.68,19.0
2019-11-18,Odisha,Jharsuguda,Acute Diarrhoeal Disease,0.0,26.95,49.42,44.0
2019-11-18,Uttar Pradesh,Fatehpur,Dengue,0.0,28.42,48.98,8.0
2019-11-19,Assam,Tinsukia,Acute Diarrhoeal Disease,2.13,25.0,52.23,12.0
2019-11-19,Jharkhand,Saraikela Kharsawan,Acute Diarrhoeal Disease,0.0,26.78,49.47,83.0
2019-11-20,Karnataka,Bagalkot,Dengue,4.24,31.45,52.49,27.0
2019-11-20,Odisha,Balasore,Acute Diarrhoeal Disease,0.01,27.01,49.4,14.0
2019-11-22,Maharashtra,Palghar,Dengue,0.08,30.18,48.53,16.0
2019-11-22,Odisha,Ganjam,Acute Diarrhoeal Disease,5.0,27.44,59.46,13.0
2019-11-23,Jharkhand,Saraikela Kharsawan,Acute Diarrhoeal Disease,0.0,25.43,49.87,11.0
2019-11-24,Karnataka,Chikkaballapur,Dengue,9.84,28.31,59.04,21.0
2019-11-25,Maharashtra,Kolhapur,Chikungunya,2.77,32.21,50.74,8.0
2019-11-26,Assam,Udalguri,Acute Diarrhoeal Disease,1.18,22.36,52.03,9.0
2019-11-26,Karnataka,Chikkaballapur,Dengue,5.26,29.1,54.24,25.0
2019-11-26,Odisha,Mayurbhanj,Acute Diarrhoeal Disease,0.04,26.62,49.56,9.0
2019-11-27,Karnataka,Bagalkot,Chikungunya,0.6,31.85,48.57,25.0
2019-11-27,Karnataka,Kalaburagi,Acute Diarrhoeal Disease,0.1,31.45,48.17,12.0
2019-11-28,Jharkhand,Dhanbad,Acute Diarrhoeal Disease,0.01,26.53,49.55,34.0
2019-11-28,Karnataka,Hassan,Acute Diarrhoeal Disease,3.57,27.91,52.86,39.0
2019-11-28,Karnataka,Tumkur,Chikungunya,3.66,26.94,53.25,14.0
2019-11-28,Maharashtra,Kolhapur,Acute Diarrhoeal Disease,0.07,31.89,48.0,24.0
2019-12-01,Tamil Nadu,Tiruvannamalai,Acute Diarrhoeal Disease,48.37,26.34,80.95,16.0
2019-12-02,Karnataka,Raichur,Dengue,13.34,30.92,61.53,7.0
2019-12-03,Bihar,Rohtas,Acute Diarrhoeal Disease,0.32,27.46,49.6,16.0
2019-12-03,Karnataka,Bangalore,Chikungunya,45.18,28.01,79.73,42.0
2019-12-03,Tamil Nadu,Tirunelveli,Dengue,166.03,27.34,84.29,14.0
2019-12-05,Kerala,Kozhikode,Dengue,76.4,28.01,83.39,25.0
2019-12-05,Kerala,Pathanamthitta,Acute Diarrhoeal Disease,63.05,25.96,83.15,10.0
2019-12-07,Chhattisgarh,Raigarh,Dengue,0.17,23.06,50.77,7.0
2019-12-07,Punjab,Gurdaspur,Acute Diarrhoeal Disease,0.01,19.27,51.72,19.0
2019-12-09,Andhra Pradesh,Kurnool,Acute Diarrhoeal Disease,0.92,28.47,49.93,60.0
2019-12-09,Gujarat,Morbi,Acute Diarrhoeal Disease,0.01,28.47,48.97,190.0
2019-12-11,Chhattisgarh,Janjgir,Acute Diarrhoeal Disease,0.0,23.28,50.52,30.0
2019-12-11,Maharashtra,Chandrapur,Malaria,0.0,27.18,49.35,10.0
2019-12-13,Chhattisgarh,Raigarh,Acute Diarrhoeal Disease,0.01,24.47,50.17,14.0
2019-12-13,Maharashtra,Kolhapur,Chikungunya,0.45,31.1,48.64,7.0
2019-12-16,Jharkhand,Dhanbad,Acute Diarrhoeal Disease,9.02,24.14,59.5,34.0
2019-12-18,Jharkhand,Dhanbad,Acute Diarrhoeal Disease,14.93,23.49,65.16,11.0
2019-12-20,Tamil Nadu,Tirunelveli,Cholera,35.83,26.76,77.17,1.0
2019-12-28,Assam,Kamrup,Acute Diarrhoeal Disease,1.19,19.83,52.8,58.0
2019-12-28,Karnataka,Uttara Kannada,Chikungunya,3.43,28.23,52.62,14.0
2019-12-28,Madhya Pradesh,Jabalpur,Acute Diarrhoeal Disease,4.32,22.4,55.29,6.0
2020-01-03,Karnataka,Vijayapur,Dengue,6.09,29.27,55.04,48.0
2020-01-03,Karnataka,Vijayapur,Dengue,6.09,29.27,55.04,48.0
2020-01-03,Odisha,Rayagada,Acute Diarrhoeal Disease,3.18,23.33,53.83,31.0
2020-01-05,Karnataka,Tumakuru,Dengue,2.7,28.19,51.87,15.0
2020-01-09,Chhattisgarh,Balodabazar,Acute Diarrhoeal Disease,22.65,25.32,70.59,6.0
2020-01-13,Karnataka,Mysuru,Acute Diarrhoeal Disease,0.04,29.87,48.58,37.0
2020-01-16,Maharashtra,Chandrapur,Malaria,0.27,26.29,49.9,23.0
2020-01-16,Maharashtra,Kolhapur,Chikungunya,0.74,29.91,49.31,11.0
2020-01-17,Chhattisgarh,Dhamtari,Acute Diarrhoeal Disease,0.0,25.41,49.88,169.0
2020-01-17,Punjab,Jalandhar,Acute Diarrhoeal Disease,40.07,10.87,83.44,57.0
2020-01-18,Maharashtra,Kolhapur,Dengue,0.01,30.5,48.36,2.0
2020-01-18,Maharashtra,Satara,Dengue,0.01,31.33,48.11,6.0
2020-01-20,Kerala,Kozhikode,Dengue,0.27,27.68,49.47,30.0
2020-01-20,Maharashtra,Thane,Dengue,0.03,28.28,49.05,6.0
2020-01-24,Gujarat,Mahesana,Acute Diarrhoeal Disease,0.01,24.51,50.15,45.0
2020-01-28,Assam,Dibrugarh,Acute Diarrhoeal Disease,1.49,19.24,53.29,6.0
2020-01-28,Dadra and Nagar Haveli,Dadra and Nagar Haveli,Acute Diarrhoeal Disease,0.64,31.33,48.77,98.0
2020-01-28,Kerala,Kasaragod,Malaria,1.16,28.93,50.04,5.0
2020-01-28,Maharashtra,Kolhapur,Chikungunya,0.0,33.12,47.57,2.0
2020-02-01,Maharashtra,Amravati,Acute Diarrhoeal Disease,0.66,30.65,48.99,11.0
2020-02-01,Punjab,Moga,Acute Diarrhoeal Disease,17.77,16.52,69.61,68.0
2020-02-02,Andhra Pradesh,Visakhapatnam,Acute Diarrhoeal Disease,10.65,29.6,59.44,13.0
2020-02-05,Uttar Pradesh,Mahoba,Acute Diarrhoeal Disease,0.02,20.37,51.41,40.0
2020-02-06,Maharashtra,Kolhapur,Acute Diarrhoeal Disease,0.02,33.33,47.52,56.0
2020-02-07,Jharkhand,East Singhbhum,Acute Diarrhoeal Disease,1.93,24.26,52.25,65.0
2020-02-08,Odisha,Koraput,Acute Diarrhoeal Disease,3.92,27.7,53.29,20.0
2020-02-08,West Bengal,Jhargram,Acute Diarrhoeal Disease,5.33,23.39,56.03,62.0
2020-02-11,Karnataka,Chamarajanagar,Acute Diarrhoeal Disease,4.07,33.66,51.65,10.0
2020-02-11,Kerala,Pathanamthitta,Acute Diarrhoeal Disease,4.28,29.16,53.22,12.0
2020-02-13,Gujarat,Jamnagar,Acute Diarrhoeal Disease,0.0,29.86,48.55,37.0
2020-02-13,Tamil Nadu,Tiruvannamalai,Acute Diarrhoeal Disease,2.49,29.25,51.33,31.0
2020-02-17,Tamil Nadu,Sivaganga,Acute Diarrhoeal Disease,1.68,34.21,49.0,13.0
2020-02-17,Tamil Nadu,Thanjavur,Acute Diarrhoeal Disease,1.95,35.59,48.87,61.0
2020-02-18,Karnataka,Kalaburagi,Acute Diarrhoeal Disease,0.3,39.76,45.89,35.0
2020-02-18,Karnataka,Yadgiri,Acute Diarrhoeal Disease,0.2,35.27,47.12,13.0
2020-02-19,Maharashtra,Jalgaon,Acute Diarrhoeal Disease,0.0,33.48,47.46,20.0
2020-02-20,Tamil Nadu,Villupuram,Acute Diarrhoeal Disease,0.03,34.34,47.23,5.0
2020-02-21,Kerala,Wayanad,Acute Diarrhoeal Disease,0.11,32.7,47.8,47.0
2020-02-21,Telangana,Warangal Urban,Acute Diarrhoeal Disease,0.01,32.96,47.62,55.0
2020-02-22,Maharashtra,Sindhudurg,Acute Diarrhoeal Disease,0.0,34.25,47.23,49.0
2020-02-24,Karnataka,Raichur,Chikungunya,0.01,37.51,46.25,6.0
2020-02-27,West Bengal,Purulia,Acute Diarrhoeal Disease,16.75,26.03,65.94,68.0
2020-03-03,Bihar,Buxar,Acute Diarrhoeal Disease,6.77,23.75,57.39,50.0
2020-03-04,Daman and Diu,Diu Daman,Acute Diarrhoeal Disease,5.0,35.08,57.17,14.0
2020-03-08,West Bengal,Hooghly,Acute Diarrhoeal Disease,20.2,25.64,68.76,43.0
2020-03-10,Himachal Pradesh,Mandi,Acute Diarrhoeal Disease,47.06,16.11,83.74,33.0
2020-03-10,Tamil Nadu,Thiruvarur,Acute Diarrhoeal Disease,5.97,34.52,53.34,32.0
2020-03-13,Odisha,Kandhamal,Acute Diarrhoeal Disease,6.07,28.35,55.3,64.0
2020-03-16,Karnataka,Raichur,Dengue,0.11,39.45,45.77,15.0
2020-03-18,Tamil Nadu,Vellore-Ranipet,Acute Diarrhoeal Disease,0.24,36.79,46.71,10.0
2020-03-28,Karnataka,Ramanagara,Acute Diarrhoeal Disease,0.02,37.99,46.12,62.0
2020-04-01,Puducherry,Puducherry,Cholera,0.02,37.41,46.3,2.0
2020-04-03,Kerala,Ernakulam,Dengue,3.96,32.07,52.02,17.0
2020-04-03,Kerala,Pathanamthitta,Dengue,5.43,33.51,53.1,18.0
2020-04-03,Maharashtra,Gadchiroli,Malaria,3.3,37.47,49.71,14.0
2020-04-06,Telangana,Wanaparthy,Dengue,0.01,42.24,44.84,73.0
2020-04-07,Maharashtra,Chandrapur,Malaria,0.43,39.95,45.97,35.0
2020-04-10,Kerala,Palakkad,Dengue,41.11,32.34,77.32,12.0
2020-04-11,Karnataka,Raichur,Acute Diarrhoeal Disease,5.95,43.59,50.61,42.0
2020-04-13,Kerala,Ernakulam,Dengue,25.06,31.73,70.25,43.0
2020-04-14,Tamil Nadu,Nagapattinam,Acute Diarrhoeal Disease,2.15,40.33,47.65,11.0
2020-04-21,Maharashtra,Kolhapur,Acute Diarrhoeal Disease,12.59,39.92,58.15,607.0
2020-04-22,Maharashtra,Washim,Dengue,0.03,48.0,43.13,6.0
2020-04-25,Karnataka,Hassan,Chikungunya,8.97,37.1,55.57,17.0
2020-04-26,Chhattisgarh,Gariyaband,Acute Diarrhoeal Disease,6.5,36.33,53.35,21.0
2020-04-28,Karnataka,Chikmagalur,Acute Diarrhoeal Disease,28.7,32.31,72.19,50.0
2020-05-07,Kerala,Kasaragod,Dengue,12.37,25.69,62.22,44.0
2020-05-07,Sikkim,Singtam,Acute Diarrhoeal Disease,112.4,13.02,88.51,71.0
2020-05-09,Kerala,Kollam,Dengue,51.18,30.55,80.23,13.0
2020-05-14,Assam,Dibrugarh,Acute Diarrhoeal Disease,64.72,30.94,81.81,21.0
2020-05-14,Odisha,Bolangir,Acute Diarrhoeal Disease,1.04,36.91,47.52,52.0
2020-05-23,Maharashtra,Chandrapur,Dengue,0.38,37.88,46.53,5.0
2020-05-27,Kerala,Ernakulam,Dengue,52.18,28.43,81.04,20.0
2020-05-28,Kerala,Kozhikode,Dengue,43.21,37.14,76.49,33.0
2020-06-01,Maharashtra,Kolhapur,Cholera,0.79,39.51,46.48,199.0
2020-06-01,Maharashtra,Pune,Dengue,3.38,42.34,48.34,5.0
2020-06-03,Kerala,Kannur,Dengue,5.0,28.81,59.05,174.0
2020-06-04,Punjab,Nawanshahr,Acute Diarrhoeal Disease,34.39,33.79,74.48,37.0
2020-06-05,Tamil Nadu,Tenkasi (Tirunelveli),Chikungunya,93.0,31.77,82.71,25.0
2020-06-07,Tamil Nadu,Dindigul-Palani,Dengue,57.38,32.05,80.72,57.0
2020-06-08,Kerala,Kannur,Dengue,5.0,28.01,59.29,94.0
2020-06-08,Tamil Nadu,Tirunelveli,Chikungunya,15.44,39.57,60.78,4.0
2020-06-11,Telangana,Adilabad,Acute Diarrhoeal Disease,16.58,42.11,60.97,40.0
2020-06-12,Gujarat,Sabarkantha,Acute Diarrhoeal Disease,22.13,35.89,67.07,8.0
2020-06-13,Himachal Pradesh,Kangra,Acute Diarrhoeal Disease,43.74,28.46,79.23,28.0
2020-06-21,Maharashtra,Kolhapur,Acute Diarrhoeal Disease,98.4,35.04,81.8,39.0
2020-06-28,Maharashtra,Jalgaon,Acute Diarrhoeal Disease,30.35,40.36,70.64,74.0
2020-07-01,Meghalaya,West Khasi Hills,Acute Diarrhoeal Disease,300.0,30.03,83.49,4.0
2020-07-03,Kerala,Kannur,Dengue,5.0,25.97,59.9,35.0
2020-07-04,Tamil Nadu,Thanjavur,Acute Diarrhoeal Disease,25.45,38.33,68.51,57.0
2020-07-18,Maharashtra,Gadchiroli,Malaria,66.7,30.03,82.23,3.0
2020-07-19,Maharashtra,Gadchiroli,Malaria,59.45,27.49,82.33,2.0
2020-07-20,Maharashtra,Kolhapur,Chikungunya,143.98,28.73,83.87,11.0
2020-07-26,Maharashtra,Gadchiroli,Malaria,113.26,30.03,83.41,5.0
2020-08-07,Maharashtra,Wardha,Dengue,55.3,29.59,81.18,6.0
2020-08-09,Uttar Pradesh,Fatehpur,Dengue,57.74,30.89,81.11,18.0
2020-08-10,Karnataka,Tumkur,Chikungunya,89.28,28.11,83.74,31.0
2020-08-10,Kerala,Wayanad,Acute Diarrhoeal Disease,300.0,28.11,84.07,31.0
2020-08-11,Uttar Pradesh,Fatehpur,Dengue,60.19,30.89,81.39,7.0
2020-08-24,Maharashtra,Amravati,Acute Diarrhoeal Disease,56.27,27.33,81.99,68.0
2020-08-26,Chhattisgarh,Balod,Acute Diarrhoeal Disease,59.68,22.73,83.78,206.0
2020-09-10,Odisha,Balasore,Acute Diarrhoeal Disease,53.16,28.27,81.25,6.0
2020-09-16,Maharashtra,Beed,Chikungunya,63.45,31.39,81.56,15.0
2020-09-24,Maharashtra,Amravati,Dengue,132.98,29.41,83.65,5.0
2020-10-01,Jammu and Kashmir,Kupwara,Acute Diarrhoeal Disease,19.18,16.91,70.6,20.0
2020-10-05,Maharashtra,Parbhani,Acute Diarrhoeal Disease,6.25,31.21,54.62,66.0
2020-10-06,Uttar Pradesh,Fatehpur,Dengue,0.25,32.2,48.1,5.0
2020-10-15,Tamil Nadu,Ramanathapuram Paramakudi,Dengue,19.28,29.26,66.97,21.0
2020-10-16,Maharashtra,Beed,Chikungunya,197.64,26.01,84.7,10.0
2020-10-22,Maharashtra,Wardha,Dengue,17.26,29.77,65.23,4.0
2020-10-23,Maharashtra,Gadchiroli,Malaria,6.25,29.13,55.25,8.0
2020-10-24,Madhya Pradesh,Khargone,Dengue,8.3,30.83,56.79,22.0
2020-10-25,Assam,Kamrup,Acute Diarrhoeal Disease,137.25,29.36,83.67,21.0
2020-10-27,Maharashtra,Pune,Chikungunya,44.27,28.43,79.38,7.0
2020-10-28,Assam,Nagaon,Acute Diarrhoeal Disease,212.7,26.79,84.46,21.0
2020-10-28,Jammu and Kashmir,Srinagar,Acute Diarrhoeal Disease,3.06,17.92,55.33,35.0
2020-10-28,Karnataka,Dharwad,Dengue,7.14,33.22,54.92,8.0
2020-10-28,Maharashtra,Osmanabad,Dengue And Chikungunya,0.75,31.75,48.77,7.0
2020-10-28,Nagaland,mon,Malaria,140.4,26.22,84.62,3.0
2020-11-02,Karnataka,Hassan,Cholera,1.72,27.89,50.93,37.0
2020-11-03,Assam,Kokrajhar,Malaria,0.19,26.63,49.71,8.0
2020-11-03,Maharashtra,Ahmednagar,Chikungunya,0.04,30.15,48.5,40.0
2020-11-03,Maharashtra,Ahmednagar,Chikungunya,0.04,30.15,48.5,25.0
2020-11-04,Maharashtra,Satara,Dengue,0.44,32.59,48.19,30.0
2020-11-06,Maharashtra,Nashik,Chikungunya,0.42,30.85,48.68,32.0
2020-11-09,Maharashtra,Satara,Chikungunya,0.02,31.66,48.02,5.0
2020-11-11,Maharashtra,Osmanabad,Dengue,0.01,34.53,47.15,9.0
2020-11-11,Tamil Nadu,Virudhunagar,Dengue,21.87,29.11,68.92,15.0
2020-11-12,Karnataka,Chikkaballapura,Chikungunya,7.12,26.94,56.79,15.0
2020-11-13,Maharashtra,Satara,Dengue,0.02,32.05,47.91,27.0
2020-11-15,Chandigarh,Chandigarh,Dengue,0.04,25.94,49.76,11.0
2020-11-18,Maharashtra,Pune,Dengue,0.12,30.35,48.53,16.0
2020-11-21,Madhya Pradesh,Seoni,Acute Diarrhoeal Disease,2.17,33.99,49.58,120.0
2020-11-22,Karnataka,Tumkur,Chikungunya,13.94,26.92,63.27,30.0
2020-11-23,Maharashtra,Ratnagiri,Cholera,1.4,29.66,50.07,65.0
2020-11-24,Maharashtra,Satara,Chikungunya,2.05,32.03,50.04,7.0
2020-12-02,Maharashtra,Akola,Suspected Dengue,0.0,31.56,48.03,40.0
2020-12-04,Maharashtra,Nashik,Chikungunya,0.09,30.59,48.42,8.0
2020-12-06,Bihar,Rohtas,Malaria,0.0,24.28,50.22,112.0
2020-12-06,Kerala,Trivandrum,Chikungunya,47.31,27.61,80.35,11.0
2020-12-07,Chandigarh,Chandigarh,Dengue,0.01,21.57,51.04,13.0
2020-12-07,Maharashtra,Kolhapur,Acute Diarrhoeal Disease,0.01,29.79,48.57,72.0
2020-12-07,Maharashtra,Satara,Acute Diarrhoeal Disease,0.06,30.31,48.47,116.0
2020-12-09,Kerala,Kannur,Acute Diarrhoeal Disease,5.0,30.22,58.63,16.0
2020-12-16,Karnataka,Raichur,Dengue,0.04,31.83,48.0,29.0
2020-12-18,Maharashtra,Ahmednagar,Chikungunya,8.75,28.65,57.89,14.0
2020-12-18,Maharashtra,Nashik,Chikungunya,9.06,27.26,58.61,9.0
2020-12-21,Tamil Nadu,Kallakurichi,Acute Diarrhoeal Disease,48.92,26.15,81.12,21.0
2020-12-23,Tamil Nadu,Virudhunagar Sivakasi,Dengue,29.43,27.33,74.07,8.0
2020-12-26,Mizoram,Serchhip,Acute Diarrhoeal Disease,0.01,19.81,51.57,36.0
2020-12-28,Maharashtra,Amravati,Acute Diarrhoeal Disease,0.01,29.49,48.66,53.0
2021-01-01,Kerala,Ernakulam,Acute Diarrhoeal Disease,18.38,29.15,66.31,92.0
2021-01-02,Karnataka,Chamarajanagar,Chikungunya,21.46,29.67,68.46,15.0
2021-01-06,Maharashtra,Thane,Malaria,2.58,29.84,51.25,2.0
2021-01-07,Meghalaya,South Garo Hills,Acute Diarrhoeal Disease,0.0,20.06,51.48,15.0
2021-01-11,Puducherry,Puducherry,Dengue,87.58,27.13,84.0,6.0
2021-01-15,Assam,Goalpara,Acute Diarrhoeal Disease,4.17,21.44,55.43,13.0
2021-01-17,Karnataka,Bagalkot,Chikungunya,0.01,31.06,48.19,18.0
2021-01-18,Punjab,Patiala,Acute Diarrhoeal Disease,0.27,18.19,52.33,41.0
2021-01-18,West Bengal,North 24 Parganas,Acute Diarrhoeal Disease,0.01,20.36,51.4,62.0
2021-01-20,Karnataka,Ballari,Acute Diarrhoeal Disease,0.0,30.06,48.48,47.0
2021-01-20,Karnataka,Raichur,Acute Diarrhoeal Disease,0.0,31.25,48.13,13.0
2021-01-20,Maharashtra,Gadchiroli,Malaria,0.0,29.0,48.8,2.0
2021-01-24,Karnataka,Chikkaballapur,Acute Diarrhoeal Disease,0.09,29.94,48.61,61.0
2021-01-25,Karnataka,Raichur,Acute Diarrhoeal Disease,0.0,34.04,47.29,11.0
2021-01-25,Kerala,Ernakulam,Acute Diarrhoeal Disease,29.18,28.8,73.51,23.0
2021-01-25,Maharashtra,Satara,Chikungunya,0.0,33.33,47.5,20.0
2021-01-25,Puducherry,Puducherry,Dengue,5.98,26.96,55.62,13.0
2021-01-25,Tamil Nadu,Virudhunagar Sivakasi,Dengue,8.67,28.19,57.94,7.0
2021-01-26,Karnataka,Ballari,Acute Diarrhoeal Disease,0.0,33.14,47.56,14.0
2021-01-26,Maharashtra,Gadchiroli,Malaria,0.0,29.55,48.64,10.0
2021-01-27,Meghalaya,East Khasi Hills,Acute Diarrhoeal Disease,1.59,18.17,53.72,5.0
2021-01-28,Maharashtra,Thane,Chikungunya,0.0,31.63,48.02,2.0
2021-01-28,Odisha,Bolangir,Chikungunya,0.88,29.29,49.64,5.0
2021-02-01,Karnataka,Hassan,Acute Diarrhoeal Disease,0.06,31.3,48.18,14.0
2021-02-04,Karnataka,Mandya,Acute Diarrhoeal Disease,0.02,30.66,48.32,26.0
2021-02-04,Odisha,Jajpur,Acute Diarrhoeal Disease,0.01,26.84,49.46,35.0
2021-02-05,Karnataka,Raichur,Acute Diarrhoeal Disease,0.01,33.46,47.47,18.0
2021-02-05,Maharashtra,Satara,Chikungunya,0.01,32.69,47.7,19.0
2021-02-06,Himachal Pradesh,Bilaspur,Acute Diarrhoeal Disease,22.8,14.62,73.91,309.0
2021-02-06,Odisha,Puri,Acute Diarrhoeal Disease,0.32,27.97,49.45,350.0
2021-02-08,Maharashtra,Pune,Chikungunya,0.01,32.15,47.87,25.0
2021-02-08,West Bengal,Purulia,Acute Diarrhoeal Disease,2.4,25.85,52.26,25.0
2021-02-09,Karnataka,Dharwad,Dengue,0.01,33.81,47.37,3.0
2021-02-16,Maharashtra,Satara,Dengue,0.01,34.84,47.05,19.0
2021-02-20,Andhra Pradesh,Kurnool,Acute Diarrhoeal Disease,0.73,33.45,48.23,24.0
2021-02-20,Karnataka,Bidar,Chikungunya,2.31,35.69,49.21,30.0
2021-02-22,Puducherry,Puducherry,Acute Diarrhoeal Disease,13.17,30.42,61.53,108.0
2021-02-22,Tamil Nadu,Pudukottai,Acute Diarrhoeal Disease,7.04,29.47,55.94,41.0
2021-02-23,Karnataka,Kolar,Acute Diarrhoeal Disease,12.33,30.38,60.78,43.0
2021-02-24,Kerala,Ernakulam,Acute Diarrhoeal Disease,7.71,30.39,56.34,26.0
2021-03-01,Puducherry,Puducherry,Dengue,0.11,33.8,47.47,11.0
2021-03-01,Puducherry,Puducherry,Dengue,0.11,33.8,47.47,11.0
2021-03-03,Kerala,Malappuram,Dengue,21.16,32.34,67.45,37.0
2021-03-05,Andhra Pradesh,Anantapur,Acute Diarrhoeal Disease,0.0,40.07,45.48,30.0
2021-03-05,Andhra Pradesh,Anantapur,Acute Diarrhoeal Disease,0.0,40.07,45.48,30.0
2021-03-06,Tamil Nadu,Perambalur,Acute Diarrhoeal Disease,0.07,36.92,46.5,14.0
2021-03-06,Tamil Nadu,Perambalur,Acute Diarrhoeal Disease,0.07,36.92,46.5,14.0
2021-03-06,West Bengal,Hooghly,Acute Diarrhoeal Disease,0.01,30.72,48.29,29.0
2021-03-06,West Bengal,Hooghly,Acute Diarrhoeal Disease,0.01,30.72,48.29,29.0
2021-03-09,Kerala,Ernakulam,Acute Diarrhoeal Disease,2.29,33.43,49.87,37.0
2021-03-09,West Bengal,South 24 Parganas,Acute Diarrhoeal Disease,0.19,31.06,48.38,122.0
2021-03-10,Kerala,Kottayam,Dengue,4.29,33.19,52.03,19.0
2021-03-12,Meghalaya,West Khasi Hills,Acute Diarrhoeal Disease,28.1,24.35,74.26,37.0
2021-03-16,West Bengal,Puruliya,Acute Diarrhoeal Disease,21.99,33.86,67.58,255.0
2021-03-18,Maharashtra,Nashik,Chikungunya,0.01,37.51,46.25,11.0
2021-03-19,West Bengal,North 24 Parganas,Acute Diarrhoeal Disease,9.78,28.61,58.9,93.0
2021-03-21,Maharashtra,Satara,Acute Diarrhoeal Disease,0.26,40.62,45.59,80.0
2021-03-22,Meghalaya,Ri Bhoi,Acute Diarrhoeal Disease,0.65,26.94,50.1,32.0
2021-03-22,West Bengal,South 24 Parganas,Acute Diarrhoeal Disease,0.09,31.45,48.16,32.0
2021-03-23,Maharashtra,Ahmednagar,Chikungunya,4.17,36.51,50.9,3.0
2021-03-25,Odisha,Kalahandi,Acute Diarrhoeal Disease,2.77,37.81,49.06,12.0
2021-03-25,West Bengal,South 24 Parganas,Acute Diarrhoeal Disease,1.95,31.25,50.17,57.0
2021-03-28,Kerala,Ernakulam,Acute Diarrhoeal Disease,10.58,32.0,58.65,19.0
2021-03-28,West Bengal,Purba Bardhaman,Acute Diarrhoeal Disease,0.49,32.63,48.23,126.0
2021-04-01,Kerala,Palakkad,Dengue,64.74,32.16,81.44,7.0
2021-04-04,Maharashtra,Ahmednagar,Chikungunya,0.01,43.1,44.58,13.0
2021-04-04,Odisha,Kandhamal,Acute Diarrhoeal Disease,0.1,36.01,46.8,10.0
2021-04-04,West Bengal,South 24 Parganas,Acute Diarrhoeal Disease,2.13,32.27,50.05,120.0
2021-04-05,Kerala,Ernakulam,Acute Diarrhoeal Disease,35.42,30.5,75.88,50.0
2021-04-05,Maharashtra,Satara,Dengue,0.01,44.77,44.08,31.0
2021-04-05,Meghalaya,East Khasi Hills,Acute Diarrhoeal Disease,86.93,26.22,84.26,8.0
2021-04-05,West Bengal,Howrah,Acute Diarrhoeal Disease,4.2,32.61,52.1,31.0
2021-04-06,West Bengal,Bardhaman,Acute Diarrhoeal Disease,2.56,33.21,50.22,41.0
2021-04-07,West Bengal,Hooghly,Cholera,3.93,32.22,51.94,25.0
2021-04-09,Meghalaya,East Garo Hills,Acute Diarrhoeal Disease,20.53,28.21,68.23,24.0
2021-04-10,Kerala,Kozhikode,Dengue,12.48,38.78,58.39,43.0
2021-04-15,Maharashtra,Satara,Dengue,15.28,40.83,60.26,7.0
2021-04-16,West Bengal,Hooghly,Acute Diarrhoeal Disease,11.3,33.07,59.01,289.0
2021-04-16,West Bengal,South 24 Parganas,Acute Diarrhoeal Disease,6.45,33.69,54.08,146.0
2021-04-22,West Bengal,South 24 Parganas,Acute Diarrhoeal Disease,2.3,33.13,49.98,55.0
2021-04-28,Maharashtra,Thane,Dengue,10.44,42.32,55.42,2.0
2021-04-28,Odisha,Nayagarh,Acute Diarrhoeal Disease,1.2,39.32,46.96,31.0
2021-05-01,Odisha,Koraput,Acute Diarrhoeal Disease,2.87,36.96,49.42,9.0
2021-05-02,Kerala,Kannur,Dengue,5.0,28.57,59.13,32.0
2021-05-02,Maharashtra,Thane,Malaria,11.22,41.07,56.54,2.0
2021-05-05,Kerala,Ernakulam,Dengue,60.79,31.35,81.32,24.0
2021-05-05,Kerala,Kozhikode,Dengue,52.71,37.14,78.52,64.0
2021-05-08,Punjab,Shahid Bhagat Singh Nagar,Acute Diarrhoeal Disease,26.14,33.98,70.23,19.0
2021-05-11,Kerala,Kozhikode,Dengue,37.79,37.14,74.79,64.0
2021-05-12,Kerala,Kasaragod,Dengue,58.26,28.12,82.0,51.0
2021-05-14,Kerala,Trivandrum,Chikungunya,121.98,27.11,84.32,10.0
2021-05-17,Kerala,Malappuram,Dengue,262.53,37.14,81.36,20.0
2021-05-19,Kerala,Palakkad,Dengue Fever,260.86,26.97,84.41,8.0
2021-05-19,Maharashtra,Nashik,Chikungunya,26.13,38.94,68.74,6.0
2021-05-20,Kerala,Kozhikode,Dengue,300.0,37.14,81.36,24.0
2021-05-24,Kerala,Palakkad,Dengue,105.19,28.07,83.95,16.0
2021-05-28,Gujarat,Anand,Acute Diarrhoeal Disease,0.26,35.44,47.14,15.0
2021-05-28,Gujarat,Surat,Acute Diarrhoeal Disease,4.02,29.66,52.8,108.0
2021-05-28,West Bengal,Purba Bardhaman,Cholera,89.92,29.09,83.46,29.0
2021-06-01,Maharashtra,Pune,Chikungunya,39.86,36.18,75.78,6.0
2021-06-01,West Bengal,Birbhum,Acute Diarrhoeal Disease,111.12,28.63,83.82,51.0
2021-06-02,Maharashtra,Osmanabad,Dengue Fever,27.0,40.18,68.88,7.0
2021-06-03,Maharashtra,Bhandara,Acute Diarrhoeal Disease,5.41,43.81,49.99,108.0
2021-06-06,Gujarat,Navsari,Acute Diarrhoeal Disease,7.23,32.28,55.29,15.0
2021-06-07,Kerala,Kollam,Dengue,105.27,26.81,84.33,22.0
2021-06-07,Maharashtra,Pune,Dengue,102.31,31.49,82.9,23.0
2021-06-07,Maharashtra,Pune,Chikungunya,102.31,31.49,82.9,42.0
2021-06-07,Maharashtra,Wardha,Dengue,8.54,39.75,54.35,4.0
2021-06-09,Punjab,Sahibzada Ajit Singh Nagar,Acute Diarrhoeal Disease,13.5,34.06,60.73,342.0
2021-06-10,Kerala,Palakkad,Suspected Dengue,83.71,29.94,83.06,17.0
2021-06-11,Gujarat,Morbi,Acute Diarrhoeal Disease,1.99,36.11,48.76,44.0
2021-06-11,Maharashtra,Raigad,Dengue,113.65,29.25,83.65,18.0
2021-06-13,Kerala,Palakkad,Dengue,29.46,29.01,73.59,11.0
2021-06-15,Kerala,Thiruvananthapuram,Chikungunya,71.89,26.26,83.7,16.0
2021-06-15,Maharashtra,Kolhapur,Dengue,43.65,32.78,77.91,5.0
2021-06-17,West Bengal,Bardhaman,Acute Diarrhoeal Disease,95.76,27.57,84.01,29.0
2021-06-17,West Bengal,Birbhum,Acute Diarrhoeal Disease,99.83,24.11,85.09,35.0
2021-06-17,West Bengal,Birbhum,Cholera,99.83,24.11,85.09,51.0
2021-06-18,Maharashtra,Nasik,Chikungunya,26.3,31.13,71.19,53.0
2021-06-19,Maharashtra,Nandurbar,Acute Diarrhoeal Disease,9.33,36.17,56.2,36.0
2021-06-19,Maharashtra,Nandurbar,Acute Diarrhoeal Disease,9.33,36.17,56.2,7.0
2021-06-20,Odisha,Mayurbhanj,Acute Diarrhoeal Disease,168.65,35.04,81.99,18.0
2021-06-24,Madhya Pradesh,Khargone,Acute Diarrhoeal Disease,23.27,34.47,68.27,174.0
2021-06-24,Maharashtra,Pune,Dengue,35.69,28.26,76.67,6.0
2021-06-25,Maharashtra,Aurangabad,Suspected Dengue,13.21,36.08,59.87,5.0
2021-06-25,Maharashtra,Sindhudurg,Dengue,83.37,24.96,84.54,62.0
2021-06-26,Uttar Pradesh,Farrukhabad,Dengue,7.07,33.27,54.84,7.0
2021-06-28,Gujarat,Kheda,Cholera,4.51,34.37,51.89,10.0
2021-06-28,Jharkhand,Ranchi,Acute Diarrhoeal Disease,83.44,29.78,83.1,8.0
2021-06-28,Karnataka,Davanagere,Acute Diarrhoeal Disease,27.58,31.49,71.82,31.0
2021-06-28,Punjab,Patiala,Acute Diarrhoeal Disease,2.64,33.26,50.29,20.0
2021-07-01,Maharashtra,Amravati,Dengue,26.68,39.7,68.84,3.0
2021-07-01,Maharashtra,Buldhana,Dengue,42.45,33.5,77.37,7.0
2021-07-02,Madhya Pradesh,Barwani,Acute Diarrhoeal Disease,32.2,34.69,73.24,17.0
2021-07-03,Gujarat,Gandhi Nagar,Cholera,2.59,32.73,50.4,6.0
2021-07-03,Maharashtra,Chandrapur,Dengue,58.16,32.37,80.72,58.0
2021-07-04,West Bengal,Purulia,Acute Diarrhoeal Disease,47.8,30.03,79.73,37.0
2021-07-05,Karnataka,Dharwad,Dengue,28.25,35.95,70.86,2.0
2021-07-05,West Bengal,Birbhum,Acute Diarrhoeal Disease,91.84,29.57,83.35,27.0
2021-07-07,Maharashtra,Ahmednagar,Chikungunya,1.74,33.36,49.32,11.0
2021-07-08,Gujarat,Gandhi Nagar,Acute Diarrhoeal Disease,1.08,35.95,47.85,21.0
2021-07-09,Assam,Dhemaji,Acute Encephalitis Syndrome,67.1,10.0,88.27,2.0
2021-07-10,Maharashtra,Nagpur,Dengue,55.3,35.54,79.39,4.0
2021-07-11,Maharashtra,Amravati,Dengue,36.4,43.83,72.27,13.0
2021-07-12,Maharashtra,Amravati,Dengue,50.08,43.69,76.09,5.0
2021-07-13,Arunachal Pradesh,Lohit,Acute Diarrhoeal Disease,74.05,28.35,83.18,4.0
2021-07-13,Haryana,Panchkula,Cholera,45.4,31.95,78.6,440.0
2021-07-13,Haryana,Panchkula,Cholera,45.4,31.95,78.6,511.0
2021-07-13,Madhya Pradesh,Khargone,Acute Diarrhoeal Disease,37.35,36.08,74.95,138.0
2021-07-14,Gujarat,Kheda,Cholera,27.55,38.51,69.7,10.0
2021-07-14,Haryana,Yamuna Nagar,Acute Diarrhoeal Disease,21.46,30.74,68.14,13.0
2021-07-14,Jharkhand,Godda,Acute Diarrhoeal Disease,39.31,22.78,79.62,8.0
2021-07-14,Jharkhand,Godda,Acute Diarrhoeal Disease,39.31,22.78,79.62,8.0
2021-07-14,Maharashtra,Satara,Chikungunya,124.28,30.49,83.31,20.0
2021-07-15,Assam,Darrang (Mangaldoi),Acute Encephalitis Syndrome,56.46,10.0,87.21,1.0
2021-07-16,Himachal Pradesh,Mandi,Acute Diarrhoeal Disease,204.64,23.81,85.36,65.0
2021-07-16,Maharashtra,Akola,Malaria,87.12,29.83,83.18,21.0
2021-07-16,Maharashtra,Satara,Dengue,148.97,30.49,83.34,16.0
2021-07-17,Gujarat,Navsari,Acute Diarrhoeal Disease,71.2,30.03,82.53,12.0
2021-07-21,Jharkhand,West Singhbhum,Acute Diarrhoeal Disease,21.53,26.73,69.39,9.0
2021-07-22,Assam,Lakhimpur,Acute Encephalitis Syndrome,77.84,27.63,83.56,1.0
2021-07-22,Maharashtra,Pune,Chikungunya,156.88,27.07,84.37,5.0
2021-07-23,Maharashtra,Osmanabad,Dengue,137.44,27.27,84.3,4.0
2021-07-24,Maharashtra,Gadchiroli,Malaria,108.75,30.03,83.39,4.0
2021-07-24,Punjab,Sangrur,Acute Diarrhoeal Disease,106.6,26.83,84.33,20.0
2021-07-24,West Bengal,South 24 Parganas,Acute Diarrhoeal Disease,51.88,28.74,80.9,51.0
2021-07-25,Andhra Pradesh,Kurnool,Acute Diarrhoeal Disease,122.21,27.05,84.34,41.0
2021-07-25,Assam,Udalguri,Acute Encephalitis Syndrome,36.06,28.57,76.71,1.0
2021-07-25,Gujarat,Navsari,Acute Diarrhoeal Disease,42.85,30.03,78.52,31.0
2021-07-28,Gujarat,Vadodara,Cholera,113.88,30.03,83.42,3.0
2021-07-28,Haryana,Yamuna Nagar,Acute Diarrhoeal Disease,283.56,30.03,83.49,31.0
2021-07-28,Jharkhand,Godda,Acute Diarrhoeal Disease,97.88,26.66,84.31,12.0
2021-07-28,Maharashtra,Gadchiroli,Malaria,41.06,28.5,78.46,28.0
2021-08-01,Chandigarh,Chandigarh,Cholera,263.6,28.11,84.07,8.0
2021-08-01,Chandigarh,Chandigarh,Cholera,263.6,28.11,84.07,11.0
2021-08-02,Maharashtra,Beed,Chikungunya,7.7,33.09,55.52,7.0
2021-08-02,Maharashtra,Kolhapur,Chikungunya,23.27,25.56,70.94,6.0
2021-08-03,Haryana,Yamuna Nagar,Cholera,254.22,28.11,84.07,21.0
2021-08-03,Haryana,Yamuna Nagar,Acute Diarrhoeal Disease,254.22,28.11,84.07,21.0
2021-08-03,Maharashtra,Satara,Dengue,11.17,29.17,60.06,15.0
2021-08-04,Karnataka,Ballari,Dengue,14.45,29.73,62.87,25.0
2021-08-06,West Bengal,Purulia,Acute Diarrhoeal Disease,66.4,28.11,82.79,22.0
2021-08-07,Maharashtra,Chandrapur,Malaria,11.94,24.41,62.2,7.0
2021-08-08,Assam,Dima Hasao,Acute Encephalitis Syndrome,128.03,28.37,83.96,1.0
2021-08-09,Haryana,Karnal,Acute Diarrhoeal Disease,44.65,29.39,79.19,36.0
2021-08-09,Uttar Pradesh,Lucknow,Cholera,21.35,28.11,68.85,138.0
2021-08-10,Assam,Nagaon,Acute Encephalitis Syndrome,69.04,26.66,83.41,1.0
2021-08-10,Maharashtra,Kolhapur,Acute Diarrhoeal Disease,19.77,25.23,68.55,215.0
2021-08-12,Madhya Pradesh,Burhanpur,Dengue,18.35,35.32,64.43,15.0
2021-08-13,Maharashtra,Pune,Chikungunya,23.17,25.09,71.01,7.0
2021-08-13,Maharashtra,Thane,Chikungunya,29.88,24.57,75.14,6.0
2021-08-13,Punjab,Sangrur,Acute Diarrhoeal Disease,5.52,26.89,55.17,68.0
2021-08-15,Maharashtra,Satara,Chikungunya,12.65,32.81,60.34,18.0
2021-08-16,Maharashtra,Chandrapur,Dengue,3.63,31.57,51.82,7.0
2021-08-16,Uttar Pradesh,Lucknow,Acute Diarrhoeal Disease,29.88,29.95,73.52,73.0
2021-08-17,Maharashtra,Thane,Dengue,44.11,25.77,80.13,5.0
2021-08-17,Uttar Pradesh,Panchsheel Nagar,Acute Encephalitis Syndrome,0.55,27.81,49.73,3.0
2021-08-17,West Bengal,Basirhat,Acute Diarrhoeal Disease,70.3,28.11,83.05,37.0
2021-08-18,Karnataka,Tumkur,Chikungunya,40.1,28.11,78.28,63.0
2021-08-18,Maharashtra,Amravati,Dengue,61.71,31.55,81.35,22.0
2021-08-20,Jharkhand,Godda,Acute Diarrhoeal Disease,50.69,28.11,80.87,38.0
2021-08-21,Uttar Pradesh,Mathura,Dengue,16.55,32.91,63.71,182.0
2021-08-22,Haryana,Karnal,Acute Diarrhoeal Disease,51.11,27.98,80.99,26.0
2021-08-22,Karnataka,Kalburgi,Chikungunya,54.31,28.11,81.48,46.0
2021-08-22,Maharashtra,Chandrapur,Malaria,83.95,28.11,83.62,9.0
2021-08-23,Karnataka,Davanagere,Acute Diarrhoeal Disease,26.06,29.39,71.56,96.0
2021-08-23,Uttar Pradesh,Kaushambi,Acute Diarrhoeal Disease,105.52,27.59,84.1,10.0
2021-08-24,Tamil Nadu,Salem,Dengue,66.87,32.81,81.41,23.0
2021-08-26,Tamil Nadu,Virudhunagar - Sivakasi,Dengue,39.87,23.94,79.45,17.0
2021-08-28,Assam,Udalguri,Acute Diarrhoeal Disease,204.13,27.27,84.32,34.0
2021-08-28,Maharashtra,Akola,Dengue,15.89,31.71,63.52,3.0
2021-08-28,Uttar Pradesh,Farrukhabad,Malaria,20.53,27.66,68.39,86.0
2021-08-28,Uttar Pradesh,Ghaziabad,Dengue,6.31,26.66,56.05,388.0
2021-08-28,Uttar Pradesh,Kannauj,Dengue,17.08,30.31,64.92,9.0
2021-08-28,Uttar Pradesh,Kannauj,Dengue,17.08,30.31,64.92,11.0
2021-08-28,Uttar Pradesh,Mainpuri,Dengue,29.73,30.26,73.35,32.0
2021-08-28,Uttar Pradesh,Muzaffarnagar,Dengue,6.67,25.51,56.76,140.0
2021-09-01,Uttar Pradesh,Jalaun,Dengue,26.2,29.05,71.75,23.0
2021-09-01,Uttar Pradesh,Jhansi,Dengue,17.56,30.08,65.38,40.0
2021-09-02,Maharashtra,Jalgaon,Dengue,87.2,29.12,83.39,54.0
2021-09-02,Uttar Pradesh,Firozabad,Dengue,75.19,31.35,82.33,5754.0
2021-09-03,Haryana,Kurukshetra,Acute Diarrhoeal Disease,30.41,27.17,74.63,16.0
2021-09-03,Haryana,Nuh,Dengue,58.09,26.79,82.38,19.0
2021-09-04,Uttar Pradesh,Saharanpur,Dengue,43.38,26.85,79.62,5.0
2021-09-05,Jharkhand,West Singhbhum,Acute Diarrhoeal Disease,20.42,27.04,68.5,8.0
2021-09-06,Punjab,S.A.S Nagar,Acute Diarrhoeal Disease,23.06,29.9,69.5,138.0
2021-09-06,Uttarakhand,Champawat,Acute Diarrhoeal Disease,40.09,24.34,79.41,3.0
2021-09-06,Uttarakhand,Dehradun,Acute Diarrhoeal Disease,49.18,23.05,82.11,10.0
2021-09-07,Uttarakhand,Haridwar,Malaria,37.25,27.71,77.42,4.0
2021-09-07,West Bengal,Howrah,Acute Diarrhoeal Disease,41.86,25.32,79.65,42.0
2021-09-07,West Bengal,North 24 Parganas,Acute Diarrhoeal Disease,37.86,28.16,77.51,94.0
2021-09-07,West Bengal,North 24 Parganas,Cholera,37.86,28.16,77.51,1027.0
2021-09-07,West Bengal,North 24 Parganas,Cholera,37.86,28.16,77.51,1027.0
2021-09-09,Uttar Pradesh,Agra,Dengue,24.93,27.9,71.31,43.0
2021-09-09,Uttar Pradesh,Kannauj,Dengue,18.22,28.4,66.41,83.0
2021-09-10,Uttar Pradesh,Kannauj,Dengue,21.15,28.59,68.57,42.0
2021-09-10,West Bengal,Jalpaiguri,Dengue,82.75,23.0,85.12,119.0
2021-09-11,Gujarat,Valsad,Acute Diarrhoeal Disease,152.01,24.19,85.24,10.0
2021-09-11,Karnataka,Bagalkot,Acute Diarrhoeal Disease,48.23,28.57,80.26,10.0
2021-09-13,Uttar Pradesh,Hardoi,Malaria,49.99,28.95,80.49,150.0
2021-09-14,Maharashtra,Satara,Dengue,63.98,26.99,82.93,13.0
2021-09-14,Uttarakhand,Haridwar,Acute Encephalitis Syndrome,29.98,27.12,74.42,1.0
2021-09-16,Jharkhand,Dhanbad,Acute Diarrhoeal Disease,93.77,27.58,83.97,15.0
2021-09-16,Meghalaya,East Garo Hills,Dengue,53.95,27.65,81.56,3.0
2021-09-17,Jharkhand,West Singhbhum,Acute Diarrhoeal Disease,103.07,28.35,83.85,30.0
2021-09-18,Maharashtra,Osmanabad,Chikungunya,26.48,25.52,72.97,15.0
2021-09-18,Meghalaya,Ri Bhoi,Acute Diarrhoeal Disease,85.88,28.56,83.53,30.0
2021-09-20,Jharkhand,West Singhbhum,Acute Diarrhoeal Disease,93.76,25.07,84.73,66.0
2021-09-20,Karnataka,Mysuru,Dengue,7.5,31.52,55.79,13.0
2021-09-20,Uttar Pradesh,Ghazipur,Dengue,141.96,26.19,84.63,9.0
2021-09-20,Uttar Pradesh,Ghazipur,Dengue,141.96,26.19,84.63,12.0
2021-09-23,Uttar Pradesh,Bareilly,Dengue,65.23,27.33,82.93,158.0
2021-09-24,Gujarat,Surat,Cholera,39.47,27.19,78.35,28.0
2021-09-24,Punjab,Sangrur,Acute Diarrhoeal Disease,100.24,26.66,84.33,14.0
2021-09-25,Uttar Pradesh,Siddharth Nagar,Cholera,24.6,27.66,71.18,60.0
2021-09-26,Odisha,Koraput,Acute Diarrhoeal Disease,65.16,25.99,83.33,22.0
2021-09-26,Uttar Pradesh,Sant Ravidas Nagar,Acute Diarrhoeal Disease,57.25,29.38,81.5,7.0
2021-09-27,Uttar Pradesh,Kaushambi,Acute Diarrhoeal Disease,80.86,26.52,84.0,10.0
2021-09-28,Haryana,Gurugram,Acute Diarrhoeal Disease,18.99,31.57,66.06,20.0
2021-09-28,Jharkhand,West Singhbhum,Acute Diarrhoeal Disease,31.83,28.37,74.96,11.0
2021-09-28,Maharashtra,Gadchiroli,Dengue,68.17,27.65,83.05,16.0
2021-09-28,Maharashtra,Osmanabad,Chikungunya,149.76,29.28,83.71,5.0
2021-09-28,Tamil Nadu,Sivaganga,Dengue,7.17,36.5,53.96,13.0
2021-09-28,Uttar Pradesh,Auraiya,Dengue,61.05,29.42,81.92,34.0
2021-09-28,Uttar Pradesh,Azamgarh,Cholera,31.33,27.68,74.93,575.0
2021-09-28,Uttarakhand,Dehradun,Acute Diarrhoeal Disease,46.15,24.72,80.95,25.0
2021-10-01,Maharashtra,Thane,Dengue,59.7,26.24,82.73,5.0
2021-10-01,Punjab,Shahid Bhagat Singh Nagar,Acute Diarrhoeal Disease,6.02,27.97,55.36,25.0
2021-10-02,Assam,Dima Hasao,Acute Encephalitis Syndrome,56.9,28.24,81.8,1.0
2021-10-02,Uttar Pradesh,Lucknow,Cholera,29.57,29.22,73.58,13.0
2021-10-03,Jharkhand,West Singhbhum,Acute Diarrhoeal Disease,201.7,27.09,84.37,26.0
2021-10-03,Maharashtra,Beed,Dengue Chikungunya,90.33,28.75,83.57,19.0
2021-10-03,West Bengal,Purulia,Cholera,216.59,25.49,84.85,28.0
2021-10-04,Gujarat,Navsari,Cholera,227.19,25.21,84.94,72.0
2021-10-04,Maharashtra,Gadchiroli,Dengue,36.35,27.16,77.25,4.0
2021-10-04,Uttar Pradesh,Jalaun,Dengue,10.9,29.93,59.57,7.0
2021-10-05,Jharkhand,Garhwa,Dengue,32.77,26.3,76.01,4.0
2021-10-05,Uttar Pradesh,Ghazipur,Dengue,121.07,27.13,84.31,12.0
2021-10-06,Tamil Nadu,Ariyalur,Dengue,82.6,35.23,81.44,17.0
2021-10-06,Tamil Nadu,Salem,Dengue,76.79,34.65,81.41,36.0
2021-10-07,Uttar Pradesh,Farrukhabad,Malaria,4.9,29.61,53.72,13.0
2021-10-08,Gujarat,Surat,Cholera,17.17,25.64,66.4,15.0
2021-10-08,Jharkhand,West Singhbhum,Malaria,26.3,27.87,72.16,48.0
2021-10-10,Kerala,Wayanad,Acute Diarrhoeal Disease,126.54,26.64,84.47,28.0
2021-10-10,Punjab,S.A.S Nagar,Acute Diarrhoeal Disease,4.6,29.14,53.56,15.0
2021-10-11,Karnataka,Kalaburagi,Acute Diarrhoeal Disease,47.92,29.31,79.97,15.0
2021-10-11,Karnataka,Kalaburagi,Cholera,47.92,29.31,79.97,5.0
2021-10-11,Uttar Pradesh,Lucknow,Acute Diarrhoeal Disease,3.97,29.52,52.8,12.0
2021-10-13,Maharashtra,Beed,Dengue,29.14,28.78,73.49,6.0
2021-10-13,West Bengal,Purulia,Cholera,2.31,27.88,51.56,22.0
2021-10-14,Uttar Pradesh,Ghazipur,Acute Diarrhoeal Disease,1.55,29.78,50.19,43.0
2021-10-15,Jharkhand,East Singhbhum,Acute Diarrhoeal Disease,5.03,27.3,54.55,4.0
2021-10-16,Karnataka,Ballari,Acute Diarrhoeal Disease,18.63,29.89,66.28,11.0
2021-10-16,Maharashtra,Satara,Dengue,8.79,31.63,57.04,14.0
2021-10-16,Uttarakhand,Haridwar,Dengue,0.01,28.87,48.85,172.0
2021-10-17,Punjab,S.A.S Nagar,Acute Diarrhoeal Disease,0.03,31.85,47.97,26.0
2021-10-17,West Bengal,Howrah,Dengue,29.34,27.56,73.96,290.0
2021-10-18,Jharkhand,Dhanbad,Acute Diarrhoeal Disease,47.44,30.0,79.66,31.0
2021-10-18,Karnataka,Bengaluru Urban,Acute Diarrhoeal Disease,96.97,27.33,84.09,171.0
2021-10-18,Punjab,Kapurthala,Acute Diarrhoeal Disease,1.74,30.53,50.17,120.0
2021-10-18,Tamil Nadu,Madurai,Acute Diarrhoeal Disease,20.64,37.29,65.59,21.0
2021-10-19,Jharkhand,West Singhbhum,Acute Diarrhoeal Disease,128.93,31.73,82.95,24.0
2021-10-21,Gujarat,Navsari,Acute Diarrhoeal Disease,0.01,32.58,47.74,5.0
2021-10-21,Karnataka,Vijayapura,Acute Diarrhoeal Disease,0.01,32.93,47.63,17.0
2021-10-21,Tamil Nadu,Pudukottai,Dengue,39.38,31.01,77.17,20.0
2021-10-21,Tamil Nadu,Vellore,Acute Diarrhoeal Disease,54.68,30.14,80.92,28.0
2021-10-21,Uttar Pradesh,Chandauli,Acute Diarrhoeal Disease,58.88,28.4,81.99,38.0
2021-10-21,West Bengal,Birbhum,Acute Diarrhoeal Disease,68.24,31.0,82.05,38.0
2021-10-22,Odisha,Sundargarh,Acute Diarrhoeal Disease,38.94,28.81,77.69,16.0
2021-10-23,Haryana,Kaithal,Acute Diarrhoeal Disease,139.99,29.7,83.58,38.0
2021-10-23,Uttar Pradesh,Ghazipur,Acute Diarrhoeal Disease,35.92,28.56,76.66,10.0
2021-10-25,Maharashtra,Gadchiroli,Malaria,0.71,28.38,49.73,10.0
2021-10-25,Tamil Nadu,Dindigul,Dengue,62.64,29.29,82.12,5.0
2021-10-26,Maharashtra,Kolhapur,Acute Diarrhoeal Disease,0.83,33.87,48.21,103.0
2021-10-26,Uttar Pradesh,Lucknow,Acute Diarrhoeal Disease,0.61,28.57,49.57,20.0
2021-10-26,Uttar Pradesh,Siddharth Nagar,Acute Diarrhoeal Disease,15.97,27.25,64.92,24.0
2021-10-28,Kerala,Ernakulam,Acute Diarrhoeal Disease,137.98,28.63,83.89,61.0
2021-10-28,Maharashtra,Thane,Dengue,0.07,30.46,48.43,1.0
2021-10-28,Tamil Nadu,Ramanathapuram,Dengue,5.0,34.17,57.44,5.0
2021-10-28,Uttar Pradesh,Ballia,Acute Diarrhoeal Disease,1.05,28.19,50.14,14.0
2021-11-01,Maharashtra,Gadchiroli,Malaria,0.0,27.02,49.4,1.0
2021-11-01,Maharashtra,Thane,Dengue,0.01,29.81,48.57,1.0
2021-11-02,West Bengal,Purulia,Acute Diarrhoeal Disease,1.03,27.62,50.3,25.0
2021-11-04,Punjab,Patiala,Acute Diarrhoeal Disease,0.29,26.61,49.82,49.0
2021-11-05,Uttar Pradesh,Chandauli,Acute Diarrhoeal Disease,0.01,28.31,49.02,24.0
2021-11-07,Jharkhand,Dhanbad,Acute Diarrhoeal Disease,0.18,27.79,49.35,19.0
2021-11-07,Jharkhand,East Singhbhum,Acute Diarrhoeal Disease,0.37,27.12,49.75,23.0
2021-11-07,Maharashtra,Satara,Chikungunya,14.01,32.36,61.69,5.0
2021-11-08,Kerala,Thrissur,Acute Diarrhoeal Disease,86.47,24.43,84.78,57.0
2021-11-08,Maharashtra,Kolhapur,Cholera,8.34,32.47,56.34,66.0
2021-11-09,Punjab,SBS Nagar,Acute Diarrhoeal Disease,0.08,28.22,49.11,73.0
2021-11-09,Uttar Pradesh,Ghazipur,Acute Diarrhoeal Disease,0.01,28.02,49.1,9.0
2021-11-11,Maharashtra,Raigad,Malaria,14.63,29.01,63.24,19.0
2021-11-12,Maharashtra,Kolhapur,Cholera,0.2,31.55,48.25,3.0
2021-11-15,Telangana,Nalgonda,Dengue,46.7,25.93,80.72,9.0
2021-11-16,Jharkhand,West Singhbhum,Acute Diarrhoeal Disease,53.64,22.57,83.03,12.0
2021-11-18,Uttar Pradesh,Auraiya,Dengue,0.01,27.28,49.32,43.0
2021-11-21,Odisha,Bargarh,Acute Diarrhoeal Disease,5.43,27.15,55.01,28.0
2021-11-22,Gujarat,Navsari,Acute Diarrhoeal Disease,3.2,28.65,52.25,12.0
2021-11-22,Tamil Nadu,Kallakurichi,Acute Diarrhoeal Disease,122.14,25.98,84.66,19.0
2021-11-22,Tamil Nadu,Salem,Acute Diarrhoeal Disease,41.94,26.18,79.42,13.0
2021-11-23,Maharashtra,Nanded,Chikungunya,7.44,28.0,56.78,9.0
2021-11-24,Maharashtra,Sindhudurg,Malaria,31.29,26.87,75.15,4.0
2021-11-26,Kerala,Thrissur,Acute Diarrhoeal Disease,53.85,28.14,81.4,20.0
2021-11-27,Uttar Pradesh,Sonbhadra,Malaria,0.01,26.62,49.52,119.0
2021-12-01,Tamil Nadu,Vellore,Acute Diarrhoeal Disease,60.62,24.17,83.45,5.0
2021-12-02,Mizoram,Aizawl West,Dengue,0.01,22.59,50.73,16.0
2021-12-03,Tamil Nadu,Tiruvallur,Acute Diarrhoeal Disease,86.4,28.91,83.44,147.0
2021-12-05,Odisha,Rayagada,Acute Diarrhoeal Disease,29.75,24.48,75.1,11.0
2021-12-07,Maharashtra,Akola,Chikungunya,5.8,29.64,54.63,10.0
2021-12-07,Tamil Nadu,Tiruvallur,Acute Diarrhoeal Disease,5.25,27.16,54.82,6.0
2021-12-08,Kerala,Kozhikode,Cholera,6.34,28.01,55.67,1.0
2021-12-08,Maharashtra,Kolhapur,Acute Diarrhoeal Disease,13.2,28.51,62.13,29.0
2021-12-09,Kerala,Ernakulam,Acute Diarrhoeal Disease,22.38,29.62,69.12,15.0
2021-12-09,West Bengal,Burdwan,Acute Diarrhoeal Disease,191.4,24.01,85.3,89.0
2021-12-11,Gujarat,Surat,Acute Diarrhoeal Disease,1.36,27.57,50.66,22.0
2021-12-13,Gujarat,Surat,Acute Diarrhoeal Disease,0.02,27.6,49.24,10.0
2021-12-15,Kerala,Ernakulam,Acute Diarrhoeal Disease,11.6,30.02,60.21,24.0
2021-12-15,Tamil Nadu,Tiruvallur,Acute Diarrhoeal Disease,22.56,26.59,70.15,13.0
2021-12-16,Karnataka,Kalaburagi,Acute Diarrhoeal Disease,0.65,30.19,49.13,14.0
2021-12-17,Karnataka,Davanagere,Acute Diarrhoeal Disease,0.33,27.45,49.61,41.0
2021-12-17,Maharashtra,Kolhapur,Chikungunya,0.48,27.36,49.8,6.0
2021-12-20,Assam,Nagaon,Dengue,0.01,22.45,50.77,1.0
2021-12-20,Maharashtra,Kolhapur,Acute Diarrhoeal Disease,0.37,28.83,49.24,12.0
2021-12-20,Tamil Nadu,Kallakurichi,Acute Diarrhoeal Disease,4.74,27.43,54.22,19.0
2021-12-20,Telangana,Nalgonda,Dengue,0.3,27.58,49.54,8.0
2021-12-24,Kerala,Ernakulam,Acute Diarrhoeal Disease,4.13,29.88,52.85,14.0
2022-01-02,Gujarat,Navsari,Acute Diarrhoeal Disease,0.5,25.81,50.28,21.0
2022-01-02,Meghalaya,East Jaintia Hills,Acute Diarrhoeal Disease,2.04,18.38,54.12,160.0
2022-01-04,Tamil Nadu,Dharmapuri,Acute Diarrhoeal Disease,11.22,25.21,61.3,17.0
2022-01-10,Maharashtra,Gadchiroli,Malaria,0.75,26.82,50.24,7.0
2022-01-11,Gujarat,Patan,Acute Diarrhoeal Disease,6.51,25.93,56.47,7.0
2022-01-18,Tamil Nadu,Pudukottai,Acute Diarrhoeal Disease,10.74,27.62,60.12,8.0
2022-01-18,Tamil Nadu,Pudukottai,Acute Diarrhoeal Disease,10.74,27.62,60.12,8.0
2022-01-24,Uttar Pradesh,Fatehpur,Acute Encephalitis Syndrome,9.9,17.03,62.49,1.0
2022-01-28,Tamil Nadu,Ariyalur,pyrexia of unknown origin,8.31,27.21,57.89,15.0
2022-02-05,Tamil Nadu,Ariyalur,Dengue,1.25,30.23,49.74,6.0
2022-02-09,Maharashtra,Gadchiroli,Malaria,0.01,26.91,49.43,1.0
2022-02-11,Odisha,Koraput,Acute Diarrhoeal Disease,0.05,27.41,49.33,15.0
2022-02-12,Madhya Pradesh,Dhar,Acute Diarrhoeal Disease,0.01,28.35,49.0,10.0
2022-02-14,Kerala,Trivandrum,Acute Diarrhoeal Disease,34.88,29.81,75.87,5.0
2022-02-16,Tamil Nadu,Virudhunagar,Dengue,30.8,32.85,73.12,17.0
2022-02-17,Gujarat,Ahmedabad,Acute Diarrhoeal Disease,0.01,29.4,48.69,67.0
2022-02-17,West Bengal,Bardhaman,Acute Diarrhoeal Disease,0.37,23.53,50.83,89.0
2022-02-22,Kerala,Trivandrum,Dengue,9.37,28.35,58.58,9.0
2022-02-23,West Bengal,South 24 Parganas,Acute Diarrhoeal Disease,13.33,26.07,62.98,21.0
2022-02-23,West Bengal,South 24 parganas,Acute Diarrhoeal Disease,13.33,26.07,62.98,21.0
2022-02-23,West Bengal,South 24 parganas,Acute Diarrhoeal Disease,13.33,26.07,62.98,21.0
2022-02-24,Kerala,Ernakulam,Acute Diarrhoeal Disease,5.13,29.74,53.92,21.0
2022-02-24,Kerala,Ernakulam,Acute Diarrhoeal Disease,5.13,29.74,53.92,21.0
2022-03-03,Karnataka,Tumakuru,Acute Diarrhoeal Disease,0.01,35.31,46.91,27.0
2022-03-04,Odisha,Koraput,Acute Diarrhoeal Disease,0.01,33.78,47.37,9.0
2022-03-05,Gujarat,Anand,Acute Gastroenteritis,0.01,34.19,47.25,24.0
2022-03-05,Odisha,Ganjam,Acute Diarrhoeal Disease,5.0,31.14,58.35,83.0
2022-03-05,West Bengal,North 24 Parganas,Acute Diarrhoeal Disease,1.27,26.57,50.86,359.0
2022-03-05,West Bengal,North 24 Parganas,Acute Diarrhoeal Disease,1.27,26.57,50.86,359.0
2022-03-05,West Bengal,North 24 Parganas,Acute Diarrhoeal Disease,1.27,26.57,50.86,556.0
2022-03-06,Gujarat,Gandhinagar,Acute Diarrhoeal Disease,0.01,34.23,47.24,14.0
2022-03-08,Gujarat,Navsari,Acute Diarrhoeal Disease,0.01,34.77,47.08,57.0
2022-03-11,Kerala,Ernakulam,Acute Diarrhoeal Disease,4.31,30.56,52.83,16.0
2022-03-11,Telangana,Nalgonda,Dengue,0.01,36.41,46.59,6.0
2022-03-12,Maharashtra,Akola,Chikungunya,1.14,38.32,47.2,9.0
2022-03-16,Kerala,thiruvananthapuram,Dengue,7.62,31.96,55.78,8.0
2022-03-17,Karnataka,Haveri,Acute Diarrhoeal Disease,0.13,33.91,47.46,25.0
2022-03-17,Madhya Pradesh,Gwalior,Acute Diarrhoeal Disease,0.01,34.18,47.26,48.0
2022-03-18,Karnataka,Haveri,Acute Diarrhoeal Disease,0.11,33.87,47.45,36.0
2022-03-21,Kerala,Ernakulam,Acute Diarrhoeal Disease,28.02,29.41,72.69,21.0
2022-03-21,Maharashtra,Raigad,Dengue,0.02,39.03,45.81,11.0
2022-03-22,Odisha,Koraput,Acute Diarrhoeal Disease,0.05,34.4,47.23,41.0
2022-03-23,Gujarat,Kheda,Acute Diarrhoeal Disease,0.01,38.47,45.97,19.0
2022-03-23,Karnataka,Dakshin Kannada,Acute Diarrhoeal Disease,15.48,30.51,63.53,29.0
2022-03-24,Tamil Nadu,Ariyalur,Acute Diarrhoeal Disease,0.32,35.29,47.25,14.0
2022-03-26,Kerala,Palakkad,Dengue,20.8,32.31,67.19,18.0
2022-03-26,West Bengal,South 24 parganas,Acute Diarrhoeal Disease,1.33,31.8,49.35,35.0
2022-03-27,Gujarat,Navsari,Acute Diarrhoeal Disease,0.01,36.47,46.57,19.0
2022-03-28,Karnataka,Davanagere,Acute Diarrhoeal Disease,1.52,34.48,48.76,21.0
2022-03-28,Kerala,Ernakulam,Dengue,29.77,30.25,73.38,16.0
2022-03-28,Kerala,Thrissur,Acute Diarrhoeal Disease,62.97,29.24,82.16,7.0
2022-03-28,Odisha,Koraput,Acute Diarrhoeal Disease,0.06,35.04,47.05,8.0
2022-03-28,Tamil Nadu,Pudukkottai,Dengue,6.72,33.22,54.5,15.0
2022-04-02,Karnataka,Dakshina Kannada,Acute Diarrhoeal Disease,15.17,30.08,63.39,12.0
2022-04-03,Odisha,Ganjam,Acute Diarrhoeal Disease,5.0,30.5,58.55,69.0
2022-04-06,West Bengal,Hooghly,Cholera,1.61,28.62,50.6,50.0
2022-04-08,Odisha,Ganjam,Acute Diarrhoeal Disease,5.0,29.41,58.87,39.0
2022-04-08,Telangana,Hyderabad,Acute Diarrhoeal Disease,0.09,39.71,45.68,95.0
2022-04-11,Odisha,Ganjam,Acute Diarrhoeal Disease,5.0,29.85,58.74,32.0
2022-04-11,Punjab,Patiala,Acute Diarrhoeal Disease,0.04,38.37,46.03,218.0
2022-04-12,West Bengal,Paschim Medinipur,Acute Diarrhoeal Disease,0.16,30.46,48.53,105.0
2022-04-17,Tamil Nadu,Kallakurichi,Acute Diarrhoeal Disease,35.13,39.42,73.09,14.0
2022-04-17,West Bengal,Howrah,Cholera,0.21,32.12,48.08,53.0
2022-04-17,West Bengal,North 24 Parganas,Acute Diarrhoeal Disease,12.46,29.56,61.14,132.0
2022-04-18,Odisha,Kandhamal,Acute Diarrhoeal Disease,1.14,37.54,47.43,11.0
2022-04-18,West Bengal,Bardhaman,Acute Diarrhoeal Disease,10.65,32.86,58.46,91.0
2022-04-19,Kerala,Trivandrum,Acute Diarrhoeal Disease,76.57,29.1,83.07,6.0
2022-04-19,West Bengal,South 24 Parganas,Acute Diarrhoeal Disease,0.19,31.78,48.17,71.0
2022-04-21,Jharkhand,East Singhbhum,Malaria,4.14,38.69,50.22,37.0
2022-04-21,Odisha,Ganjam,Cholera,5.0,31.4,58.27,23.0
2022-04-23,Haryana,Panipat,Acute Diarrhoeal Disease,0.78,36.67,47.32,6.0
2022-04-23,Maharashtra,Pune,Dengue,1.5,41.81,46.53,12.0
2022-04-24,Karnataka,Hassan,Acute Diarrhoeal Disease,9.88,30.72,58.37,40.0
2022-04-24,Kerala,Ernakulam,Dengue,33.9,29.42,75.58,69.0
2022-04-24,Kerala,Kollam,Acute Diarrhoeal Disease,34.1,29.27,75.71,61.0
2022-04-25,Punjab,Kapurthala,Acute Diarrhoeal Disease,1.89,37.64,48.19,11.0
2022-04-25,Punjab,S.A.S Nagar,Acute Diarrhoeal Disease,0.9,36.27,47.56,113.0
2022-04-25,West Bengal,Hooghly,Acute Diarrhoeal Disease,4.23,29.5,53.06,40.0
2022-04-26,Gujarat,Sabarkantha,Dengue,0.05,45.33,43.95,4.0
2022-04-26,Karnataka,Hassan,Acute Diarrhoeal Disease,0.49,30.6,48.84,40.0
2022-04-26,Odisha,Ganjam,Acute Diarrhoeal Disease,5.0,33.17,57.75,29.0
2022-04-28,Andhra Pradesh,Krishna,Acute Diarrhoeal Disease,0.16,35.61,46.99,30.0
2022-04-28,Kerala,Kollam,Acute Diarrhoeal Disease,30.02,28.57,74.01,63.0
2022-04-28,Tamil Nadu,Ariyalur,Acute Diarrhoeal Disease,3.08,37.01,49.62,17.0
2022-05-01,Meghalaya,West Jaintia Hills,Acute Diarrhoeal Disease,72.06,27.31,83.39,60.0
2022-05-03,Kerala,Palakkad,Dengue,75.08,29.36,82.93,18.0
2022-05-04,Kerala,Thiruvananthapuram,Acute Diarrhoeal Disease,27.75,28.54,72.8,10.0
2022-05-04,Maharashtra,Sindhudurg,Malaria (PV),1.16,32.53,48.96,5.0
2022-05-06,Maharashtra,Jalgaon,Dengue,0.02,46.67,43.52,9.0
2022-05-06,Tamil Nadu,Vellore,Acute Diarrhoeal Disease,10.82,35.33,57.88,15.0
2022-05-07,Chhattisgarh,Janjgir Champa,Acute Diarrhoeal Disease,0.4,38.26,46.44,57.0
2022-05-07,Karnataka,Kalaburagi,Cholera,0.67,44.98,44.71,144.0
2022-05-07,Karnataka,Shivamogga,Acute Diarrhoeal Disease,1.53,29.05,50.39,85.0
2022-05-07,Madhya Pradesh,Mandsaur,Acute Diarrhoeal Disease,1.14,44.22,45.43,254.0
2022-05-07,Tamil Nadu,Vellore,Acute Diarrhoeal Disease,11.3,33.42,58.9,15.0
2022-05-08,Kerala,Kozhikode,Acute Diarrhoeal Disease,59.52,37.14,79.44,100.0
2022-05-08,West Bengal,Jalpaiguri,Dengue,21.61,31.45,68.04,272.0
2022-05-09,Karnataka,Hassan,Acute Diarrhoeal Disease,15.48,29.17,63.93,20.0
2022-05-09,Kerala,Ernakulam,Acute Diarrhoeal Disease,57.95,27.66,82.1,65.0
2022-05-10,Odisha,Ganjam,Acute Diarrhoeal Disease,5.0,29.72,58.78,22.0
2022-05-11,Karnataka,Tumakuru,Acute Diarrhoeal Disease,15.39,31.41,63.18,13.0
2022-05-11,Punjab,S.A.S Nagar,Acute Diarrhoeal Disease,3.36,34.74,50.59,18.0
2022-05-12,Arunachal Pradesh,Upper Siang,Malaria,114.26,23.81,85.28,36.0
2022-05-12,Meghalaya,West Jaintia Hills,Acute Diarrhoeal Disease,112.06,28.86,83.76,110.0
2022-05-12,Rajasthan,Bikaner,Acute Diarrhoeal Disease,0.01,48.0,43.11,27.0
2022-05-13,Chhattisgarh,Gariyaband,Acute Diarrhoeal Disease,19.7,34.66,65.67,33.0
2022-05-13,Karnataka,Tumkur,Acute Diarrhoeal Disease,44.95,30.43,78.95,13.0
2022-05-13,Kerala,Thiruvananthapuram,Dengue,32.48,29.72,74.85,7.0
2022-05-13,Kerala,Wayanad,Acute Diarrhoeal Disease,62.18,28.4,82.34,22.0
2022-05-13,Madhya Pradesh,Morena,Acute Diarrhoeal Disease,0.02,43.34,44.52,15.0
2022-05-15,Andhra Pradesh,Prakasam,Acute Diarrhoeal Disease,96.5,35.1,81.76,29.0
2022-05-15,Gujarat,Navsari,Acute Diarrhoeal Disease,0.01,34.41,47.19,47.0
2022-05-16,Andhra Pradesh,Nandyal,Acute Diarrhoeal Disease,49.08,30.11,79.97,21.0
2022-05-16,Maharashtra,Pune,Dengue,0.87,36.12,47.58,21.0
2022-05-17,Assam,Udalguri,Acute Diarrhoeal Disease,240.76,27.77,84.17,14.0
2022-05-17,Karnataka,Ballari,Acute Diarrhoeal Disease,23.1,39.38,66.68,22.0
2022-05-17,Karnataka,Udupi,Dengue,83.32,29.4,83.21,92.0
2022-05-17,Kerala,Alappuzha,Dengue,182.37,37.14,81.36,7.0
2022-05-18,Uttar Pradesh,Mirzapur,Acute Diarrhoeal Disease,0.04,39.85,45.59,12.0
2022-05-20,Jharkhand,Ranchi,Acute Diarrhoeal Disease,6.58,35.24,53.75,21.0
2022-05-20,Maharashtra,Pune,Acute Diarrhoeal Disease,0.94,37.76,47.15,97.0
2022-05-20,Tamil Nadu,Tenkasi,Dengue,48.64,41.83,76.36,19.0
2022-05-21,Uttar Pradesh,Sant Ravidas Nagar,Acute Diarrhoeal Disease,3.58,38.07,49.83,21.0
2022-05-22,Madhya Pradesh,Ratlam,Acute Diarrhoeal Disease,0.0,44.72,44.09,113.0
2022-05-23,Chhattisgarh,Janjgir Champa,Acute Diarrhoeal Disease,1.17,37.99,47.33,33.0
2022-05-23,Kerala,Palakkad,Acute Diarrhoeal Disease,185.16,23.32,85.5,29.0
2022-05-23,Maharashtra,Jalgaon,Chikungunya,0.02,42.73,44.7,9.0
2022-05-23,Odisha,Dhenkanal,Acute Diarrhoeal Disease,0.69,31.87,48.66,37.0
2022-05-24,Kerala,Kozhikode,Acute Diarrhoeal Disease,256.86,37.14,81.36,42.0
2022-05-25,Maharashtra,Chandrapur,Malaria,0.61,41.4,45.72,13.0
2022-05-26,Kerala,Thiruvananthapuram,Acute Diarrhoeal Disease,72.05,27.33,83.39,11.0
2022-05-26,Puducherry,Karaikal,Acute Diarrhoeal Disease,3.77,33.73,51.32,113.0
2022-05-27,Arunachal Pradesh,West Kameng,Acute Diarrhoeal Disease,108.74,18.71,86.78,37.0
2022-05-27,Kerala,Alappuzha,Acute Diarrhoeal Disease,83.18,26.09,84.2,9.0
2022-05-28,Andhra Pradesh,Nandyal,Acute Diarrhoeal Disease,0.04,34.31,47.25,10.0
2022-05-28,Assam,Baksa,Acute Diarrhoeal Disease,13.41,28.68,62.27,15.0
2022-05-28,Haryana,Gurugram,Acute Diarrhoeal Disease,6.67,30.84,55.15,6.0
2022-05-28,Karnataka,BBMP,Cholera,4.68,29.53,53.52,169.0
2022-05-28,Karnataka,Mysuru,Acute Diarrhoeal Disease,14.48,28.72,63.2,41.0
2022-05-28,Karnataka,Raichur,Acute Diarrhoeal Disease,0.16,37.73,46.35,321.0
2022-05-28,Madhya Pradesh,Morena,Acute Diarrhoeal Disease,0.52,38.45,46.52,4.0
2022-05-28,Madhya Pradesh,Narsinghpur,Acute Diarrhoeal Disease,2.83,34.92,49.99,136.0
2022-05-28,Maharashtra,Gadchiroli,Malaria,0.88,37.94,47.04,310.0
2022-05-28,Maharashtra,Satara,Chikungunya,0.52,42.21,45.38,5.0
2022-05-28,Odisha,Mayurbhanj,Acute Diarrhoeal Disease,18.36,31.29,65.65,73.0
2022-05-28,Tamil Nadu,Kallakurichi,Acute Diarrhoeal Disease,20.16,33.78,66.28,40.0
2022-05-28,Uttar Pradesh,Siddharth Nagar,Acute Diarrhoeal Disease,5.87,35.55,52.94,30.0
2022-05-28,Uttarakhand,Udham Singh Nagar,Acute Diarrhoeal Disease,10.78,27.13,60.3,39.0
2022-06-01,Karnataka,Kalaburagi,Acute Diarrhoeal Disease,0.95,42.41,45.78,16.0
2022-06-01,Karnataka,Vijayapura,Chikungunya,0.81,39.32,46.55,13.0
2022-06-01,Maharashtra,Nagpur,Acute Diarrhoeal Disease,3.66,40.34,49.22,41.0
2022-06-03,Assam,Sonitpur,Dengue,59.37,28.65,81.97,2.0
2022-06-03,Maharashtra,Satara,Chikungunya,2.92,38.36,49.05,5.0
2022-06-03,Tamil Nadu,Dharmapuri,Acute Diarrhoeal Disease,8.87,32.96,56.72,24.0
2022-06-03,Tamil Nadu,Dharmapuri,Acute Diarrhoeal Disease,8.87,32.96,56.72,26.0
2022-06-03,Tamil Nadu,Thanjavur,Acute Diarrhoeal Disease,16.44,37.16,62.34,9.0
2022-06-04,Madhya Pradesh,Sheopur,Acute Diarrhoeal Disease,0.0,40.44,45.37,56.0
2022-06-04,Maharashtra,Chandrapur,Malaria,0.62,38.17,46.7,3.0
2022-06-06,Gujarat,Junagadh,Acute Diarrhoeal Disease,0.08,42.77,44.76,25.0
2022-06-06,Jharkhand,West Singhbhum,Acute Diarrhoeal Disease,13.42,32.9,61.0,4.0
2022-06-06,Tamil Nadu,Tiruchirappalli,Acute Diarrhoeal Disease,5.83,35.04,53.04,7.0
2022-06-06,Tamil Nadu,Tiruchirappalli,Cholera,5.83,35.04,53.04,17.0
2022-06-06,Tamil Nadu,Tiruchirappalli,Acute Diarrhoeal Disease,5.83,35.04,53.04,17.0
2022-06-07,Chhattisgarh,Jashpur,Acute Diarrhoeal Disease,0.26,34.75,47.35,12.0
2022-06-07,Kerala,Thiruvananthapuram,Acute Diarrhoeal Disease,35.57,27.75,76.77,9.0
2022-06-07,Madhya Pradesh,Bhopal,Acute Diarrhoeal Disease,0.0,43.03,44.6,32.0
2022-06-07,Madhya Pradesh,Morena,Acute Diarrhoeal Disease,0.0,45.33,43.9,12.0
2022-06-07,Maharashtra,Latur,Acute Diarrhoeal Disease,2.72,38.88,48.69,21.0
2022-06-08,Karnataka,Chikkaballapur,Dengue,34.59,30.92,75.42,28.0
2022-06-08,Rajasthan,Bhilwara,Acute Diarrhoeal Disease,0.01,43.84,44.35,160.0
2022-06-09,Assam,Karbi Anglong,Acute Diarrhoeal Disease,112.71,35.04,81.91,54.0
2022-06-10,Assam,Dibrugarh,Acute Diarrhoeal Disease,86.21,21.53,85.65,18.0
2022-06-10,Himachal Pradesh,Solan,Dengue,0.01,32.64,47.72,34.0
2022-06-10,Odisha,Khordha,Acute Diarrhoeal Disease,0.16,34.89,47.2,7.0
2022-06-11,Jharkhand,East Singhbhum,Acute Diarrhoeal Disease,8.39,33.35,56.12,21.0
2022-06-11,Karnataka,Chikkamagaluru,Acute Diarrhoeal Disease,19.75,24.63,68.72,37.0
2022-06-12,Karnataka,Mandya,Acute Diarrhoeal Disease,5.85,30.11,54.55,14.0
2022-06-12,Karnataka,Vijayapura,Chikungunya,15.95,33.51,63.02,16.0
2022-06-12,Madhya Pradesh,Rewa,Acute Diarrhoeal Disease,0.04,42.27,44.87,20.0
2022-06-13,Karnataka,Dakshina Kannada,Acute Diarrhoeal Disease,138.82,28.61,83.9,18.0
2022-06-13,Karnataka,Shivamogga,Acute Diarrhoeal Disease,18.26,28.51,66.41,45.0
2022-06-13,Maharashtra,Gondia,Malaria,2.88,38.46,48.98,47.0
2022-06-14,Karnataka,Kolar,Acute Diarrhoeal Disease,10.32,32.06,58.38,13.0
2022-06-15,Chhattisgarh,Balod,Acute Diarrhoeal Disease,9.11,39.75,54.9,8.0
2022-06-15,Maharashtra,Nagpur,Acute Diarrhoeal Disease,14.44,44.45,58.44,47.0
2022-06-15,Punjab,Patiala,Acute Diarrhoeal Disease,1.32,38.88,47.22,283.0
2022-06-16,Uttar Pradesh,Kaushambi,Acute Diarrhoeal Disease,1.29,38.84,47.21,8.0
2022-06-28,Gujarat,Chhota Udepur,Acute Diarrhoeal Disease,29.76,36.82,71.4,203.0
